date,max,min,precipitation
11-01-1891,64.0,,
11-02-1891,46.0,,
11-03-1891,45.0,,
11-04-1891,46.0,,
11-05-1891,46.0,,
11-06-1891,44.0,,
11-07-1891,38.0,,
11-08-1891,40.0,,
11-09-1891,52.0,,
11-10-1891,42.0,,
11-11-1891,59.0,,
11-12-1891,56.0,,
11-13-1891,36.0,,
11-14-1891,35.0,,
11-15-1891,34.0,,
11-16-1891,39.0,,
11-17-1891,46.0,,
11-18-1891,62.0,,
11-19-1891,42.0,,
11-20-1891,34.0,,
11-21-1891,36.0,,
11-22-1891,40.0,,
11-23-1891,46.0,,
11-24-1891,32.0,,
11-25-1891,32.0,,
11-26-1891,34.0,,
11-27-1891,28.0,,
11-28-1891,27.0,,
11-29-1891,36.0,,
11-30-1891,39.0,,
02-01-1893,3.0,-1.0,
02-02-1893,17,-3.0,
02-03-1893,37.0,12.0,
02-04-1893,15,11.0,
02-05-1893,24.0,19.0,
02-06-1893,29,15.0,
02-07-1893,34.0,24.0,
02-08-1893,29.0,18.0,
02-09-1893,34,27.0,
02-10-1893,37,27.0,
02-11-1893,40.0,35.0,
02-12-1893,38,32.0,
02-13-1893,30.0,27.0,
02-14-1893,32,21.0,
02-15-1893,37,32.0,
02-16-1893,45.0,37.0,
02-17-1893,46.0,29.0,
02-18-1893,40.0,28.0,
02-19-1893,39.0,30.0,
02-20-1893,44,30.0,
02-21-1893,36.0,30.0,
02-22-1893,40,33.0,
02-23-1893,41,30.0,
02-24-1893,37.0,24.0,
02-25-1893,38.0,29.0,
02-26-1893,29,20.0,
02-27-1893,28.0,9.0,
02-28-1893,24.0,18.0,
03-01-1893,36.0,25.0,
03-02-1893,37.0,21.0,
03-03-1893,42.0,26.0,
03-04-1893,45.0,36.0,
03-05-1893,40.0,29.0,
03-06-1893,42.0,26.0,
03-07-1893,40.0,36.0,
03-08-1893,41.0,31.0,
03-09-1893,34.0,30.0,
03-10-1893,38.0,28.0,
03-11-1893,41.0,30.0,
03-12-1893,38.0,30.0,
03-13-1893,38.0,31.0,
03-14-1893,39.0,28.0,
03-15-1893,44.0,28.0,
03-16-1893,45.0,36.0,
03-17-1893,44.0,31.0,
03-18-1893,40.0,34.0,
03-19-1893,40.0,31.0,
03-20-1893,42.0,29.0,
03-21-1893,46.0,35.0,
03-22-1893,46.0,36.0,
03-23-1893,49.0,35.0,
03-24-1893,41.0,31.0,
03-25-1893,49.0,35.0,
03-26-1893,45.0,36.0,
03-27-1893,46.0,35.0,
03-28-1893,61.0,46.0,
03-29-1893,61.0,46.0,
03-30-1893,46.0,39.0,
03-31-1893,43.0,36.0,
04-01-1893,45.0,40.0,0.06
04-02-1893,50.0,38.0,0.08
04-03-1893,51.0,38.0,0.24
04-04-1893,44.0,34.0,0.15
04-05-1893,56.0,42.0,
04-06-1893,44.0,35.0,0.43
04-07-1893,42.0,32.0,0.36
04-08-1893,45.0,35.0,
04-09-1893,47.0,38.0,
04-10-1893,38.0,33.0,0.06
04-11-1893,45.0,34.0,
04-12-1893,44.0,34.0,0.13
04-13-1893,48.0,35.0,0.05
04-14-1893,45.0,37.0,
04-15-1893,49.0,36.0,0.01
04-16-1893,52.0,38.0,
04-17-1893,44.0,32.0,
04-18-1893,47.0,35.0,
04-19-1893,45.0,34.0,0.42
04-20-1893,39.0,33.0,0.47
04-21-1893,58.0,42.0,0.06
04-22-1893,61.0,48.0,0.04
04-23-1893,49.0,40.0,0.22
04-24-1893,50.0,40.0,0.07
04-25-1893,52.0,41.0,
04-26-1893,58.0,39.0,0.28
04-27-1893,58.0,40.0,
04-28-1893,59.0,40.0,
04-29-1893,61.0,43.0,
04-30-1893,49.0,40.0,
05-01-1893,52.0,41.0,
05-02-1893,51.0,43.0,0.04
05-03-1893,43.0,33.0,0.45
05-04-1893,52.0,41.0,
05-05-1893,54.0,44.0,0.06
05-06-1893,62.0,38.0,
05-07-1893,75.0,44.0,
05-08-1893,47.0,41.0,0.09
05-09-1893,49.0,35.0,
05-10-1893,60.0,43.0,
05-11-1893,74.0,49.0,
05-12-1893,62.0,46.0,
05-13-1893,79.0,52.0,
05-14-1893,70.0,32.0,
05-15-1893,73.0,49.0,
05-16-1893,25.0,50.0,
05-17-1893,54.0,45.0,0.32
05-18-1893,46.0,39.0,0.21
05-19-1893,55.0,38.0,0.06
05-20-1893,52.0,39.0,0.2
05-21-1893,51.0,38.0,0.08
05-22-1893,52.0,40.0,0.16
05-23-1893,49.0,35.0,0.04
05-24-1893,50.0,36.0,
05-25-1893,74.0,35.0,
05-26-1893,68.0,39.0,
05-27-1893,69.0,44.0,
05-28-1893,73.0,38.0,
05-29-1893,50.0,40.0,0.03
05-30-1893,66.0,40.0,
05-31-1893,60.0,44.0,
06-01-1893,65.0,43.0,
06-02-1893,59.0,43.0,
06-03-1893,65.0,39.0,
06-04-1893,23.0,41.0,
06-05-1893,79.0,49.0,
06-06-1893,79.0,57.0,
06-07-1893,60.0,49.0,
06-08-1893,65.0,43.0,
06-09-1893,68.0,49.0,
06-10-1893,76.0,52.0,
06-11-1893,59.0,42.0,0.07
06-12-1893,58.0,31.0,
06-13-1893,60.0,39.0,
06-14-1893,68.0,40.0,
06-15-1893,62.0,46.0,
06-16-1893,68.0,48.0,0.06
06-17-1893,61.0,47.0,
06-18-1893,58.0,41.0,
06-19-1893,60.0,39.0,
06-20-1893,66.0,34.0,
06-21-1893,75.0,45.0,
06-22-1893,65.0,47.0,
06-23-1893,65.0,43.0,
06-24-1893,76.0,43.0,
06-25-1893,68.0,49.0,
06-26-1893,69.0,44.0,
06-27-1893,65.0,48.0,
06-28-1893,68.0,50.0,
06-29-1893,68.0,42.0,
06-30-1893,74.0,44.0,
07-01-1893,81.0,39.0,
07-02-1893,78.0,43.0,0.075
07-03-1893,70.0,52.0,
07-04-1893,68.0,37.0,
07-05-1893,65.0,48.0,0.05
07-06-1893,63.0,41.0,
07-07-1893,73.0,41.0,
07-08-1893,81.0,51.0,
07-09-1893,71.0,46.0,
07-10-1893,69.0,53.0,0.04
07-11-1893,62.0,48.0,0.06
07-12-1893,70.0,46.0,
07-13-1893,71.0,38.0,
07-14-1893,74.0,43.0,
07-15-1893,79.0,42.0,
07-16-1893,83.0,53.0,
07-17-1893,90.0,51.0,
07-18-1893,82.0,59.0,
07-19-1893,85.0,45.0,
07-20-1893,92.0,49.0,
07-21-1893,83.0,68.0,0.15
07-22-1893,74.0,54.0,
07-23-1893,77.0,44.0,
07-24-1893,79.0,41.0,
07-25-1893,86.0,44.0,
07-26-1893,82.0,46.0,
07-27-1893,79.0,52.0,
07-28-1893,81.0,40.0,
07-29-1893,86.0,45.0,
07-30-1893,93.0,49.0,
07-31-1893,98.0,61.0,
08-01-1893,,60.0,
08-02-1893,,59.0,
08-03-1893,,49.0,
08-04-1893,,47.0,
08-05-1893,,53.0,
08-06-1893,,49.0,
08-07-1893,,46.0,
08-08-1893,,45.0,
08-09-1893,,47.0,
08-10-1893,,39.0,
08-11-1893,,41.0,
08-12-1893,,45.0,
08-13-1893,,52.0,
08-14-1893,,43.0,
08-15-1893,,39.0,
08-16-1893,,42.0,
08-17-1893,,53.0,
08-18-1893,,48.0,
08-19-1893,,54.0,
08-20-1893,,50.0,
08-21-1893,,55.0,
08-22-1893,,59.0,
08-23-1893,,44.0,
08-24-1893,,53.0,
08-25-1893,,48.0,
08-26-1893,,38.0,
08-27-1893,,45.0,
08-28-1893,,48.0,
08-29-1893,,46.0,
08-30-1893,,48.0,
08-31-1893,,54.0,
09-01-1893,93.0,66.0,
09-02-1893,91.0,65.0,
09-03-1893,85.0,50.0,
09-04-1893,92.0,49.0,
09-05-1893,85.0,52.0,
09-06-1893,83.0,55.0,
09-07-1893,60.0,54.0,0.01
09-08-1893,66.0,49.0,0.37
09-09-1893,62.0,41.0,0.03
09-10-1893,69.0,43.0,
09-11-1893,67.0,47.0,
09-12-1893,48.0,43.0,
09-13-1893,60.0,37.0,
09-14-1893,69.0,45.0,
09-15-1893,76.0,49.0,
09-16-1893,73.0,44.0,
09-17-1893,73.0,44.0,
09-18-1893,57.0,38.0,
09-19-1893,58.0,45.0,0.12
09-20-1893,47.0,42.0,
09-21-1893,52.0,40.0,.25
09-22-1893,60.0,33.0,
09-23-1893,68.0,36.0,
09-24-1893,73.0,38.0,
09-25-1893,75.0,45.0,
09-26-1893,72.0,39.0,
09-27-1893,70.0,40.0,
09-28-1893,61.0,48.0,
09-29-1893,54.0,45.0,0.4
09-30-1893,49.0,40.0,0.01
10-01-1893,54.0,38.0,
10-02-1893,51.0,44.0,
10-03-1893,48.0,38.0,
10-04-1893,49.0,38.0,39
10-05-1893,48.0,41.0,9.0
10-06-1893,50.0,44.0,4.12
10-07-1893,54.0,40.0,114.0
10-08-1893,47.0,39.0,23.0
10-09-1893,48.0,39.0,20
10-10-1893,48.0,35.0,15
10-11-1893,48.0,34.0,
10-12-1893,49.0,39.0,25
10-13-1893,52.0,32.0,
10-14-1893,62.0,38.0,
10-15-1893,61.0,38.0,ace
10-16-1893,42.0,41.0,
10-17-1893,45.0,37.0,53.0
10-18-1893,51.0,33.0,
10-19-1893,53.0,31.0,03
10-20-1893,54.0,33.0,
10-21-1893,52.0,32.0,
10-22-1893,45.0,35.0,34.0
10-23-1893,43.0,26.0,
10-24-1893,45.0,30.0,
10-25-1893,48.0,32.0,
10-26-1893,52.0,39.0,
10-27-1893,59.0,38.0,
10-28-1893,64.0,41.0,
10-29-1893,63.0,38.0,
10-30-1893,51.0,37.0,2.0
10-31-1893,51.0,38.0,4.0
11-01-1893,34.0,20.0,
11-02-1893,34.0,22.0,
11-03-1893,40.0,30,
11-04-1893,55.0,39.0,
11-05-1893,53.0,40,
11-06-1893,49.0,12,
11-07-1893,52.0,42,
11-08-1893,50.0,,
11-09-1893,42.0,32.0,
11-10-1893,41.0,25,
11-11-1893,38.0,2,
11-12-1893,43.0,32,
11-13-1893,46.0,30,
11-14-1893,45.0,,
11-15-1893,35.0,28,
11-16-1893,36.0,26.0,
11-17-1893,33.0,19,
11-18-1893,34.0,20.0,
11-19-1893,39.0,26,
11-20-1893,38.0,33.0,
11-21-1893,33.0,27,
11-22-1893,31.0,20,
11-23-1893,35.0,23,
11-24-1893,42.0,30,
11-25-1893,39.0,33.0,
11-26-1893,48.0,33.0,
11-27-1893,41.0,32,
11-28-1893,36.0,3,
11-29-1893,36.0,29,
11-30-1893,35.0,24,
12-01-1893,40.0,34.0,
12-02-1893,42.0,33.0,
12-03-1893,48.0,35.0,
12-04-1893,40.0,16.0,
12-05-1893,42.0,33.0,
12-06-1893,43.0,34.0,
12-07-1893,46.0,39.0,
12-08-1893,47.0,41.0,
12-09-1893,47.0,41.0,
12-10-1893,41.0,40.0,
12-11-1893,33.0,29.0,
12-12-1893,35.0,15.0,
12-13-1893,37.0,30.0,
12-14-1893,39.0,27.0,
12-15-1893,46.0,23.0,
12-16-1893,43.0,36.0,
12-17-1893,42.0,33.0,
12-18-1893,40.0,32.0,
12-19-1893,36.0,25.0,
12-20-1893,41.0,32.0,
12-21-1893,46.0,37.0,
12-22-1893,38.0,34.0,
12-23-1893,40.0,30.0,
12-24-1893,35.0,28.0,
12-25-1893,31.0,25.0,
12-26-1893,36.0,26.0,
12-27-1893,28.0,17.0,
12-28-1893,33.0,24.0,
12-29-1893,35.0,26.0,
12-30-1893,38.0,25.0,
12-31-1893,39.0,33.0,
01-01-1894,34.5,34.0,
01-02-1894,24.0,21.0,25
01-03-1894,28.0,12.0,5.3
01-04-1894,23.0,19.0,
01-05-1894,13.0,6.0,
01-06-1894,20.0,10.0,
01-07-1894,25.0,12.0,23
01-08-1894,12.0,8.0,ST.
01-09-1894,32.0,8.0,
01-10-1894,42.0,30.0,2
01-11-1894,37.0,24.0,2.0
01-12-1894,42.0,36.0,
01-13-1894,43.0,39.0,50
01-14-1894,44.0,37.0,
01-15-1894,44.0,37.0,20
01-16-1894,34.0,30.0,"75
.06"
01-17-1894,34.0,19.0,Trac
01-18-1894,36.0,29.0,
01-19-1894,30.0,23.0,
01-20-1894,28.0,25.0,"8.
31"
01-21-1894,32.0,20.0,
01-22-1894,23.0,21.0,06
01-23-1894,20.0,0.0,
01-24-1894,28.0,15.0,"4
3/"
01-25-1894,34.0,21.0,07
01-26-1894,29.0,23.0,
01-27-1894,36.0,22.0,
01-28-1894,37.0,15.0,
01-29-1894,37.0,33.0,21
01-30-1894,31.0,27.0,
01-31-1894,23.0,20.0,15.85
02-01-1894,29.0,8.0,
02-02-1894,23,16.0,
02-03-1894,30.0,11.0,
02-04-1894,29,20.0,
02-05-1894,35.0,27.0,
02-06-1894,38,27.0,
02-07-1894,36.0,32.0,
02-08-1894,35.0,29.0,
02-09-1894,35,24.0,
02-10-1894,20,8.0,
02-11-1894,26.0,15.0,
02-12-1894,28,21.0,
02-13-1894,33.0,26.0,
02-14-1894,36,29.0,
02-15-1894,30,33.0,
02-16-1894,29.0,21.0,
02-17-1894,32.0,18.0,
02-18-1894,29.0,10.0,
02-19-1894,19.0,21.0,
02-20-1894,19,10.0,
02-21-1894,20.0,-10.0,
02-22-1894,22,-7.0,
02-23-1894,25,3.0,
02-24-1894,31.0,20.0,
02-25-1894,35.0,29.0,
02-26-1894,40,32.0,
02-27-1894,43.0,33.0,
02-28-1894,40.0,35.0,
03-01-1894,40.0,34.0,
03-02-1894,40.0,31.0,
03-03-1894,26.0,19.0,
03-04-1894,31.0,18.0,
03-05-1894,30.0,22.0,
03-06-1894,32.0,23.0,
03-07-1894,39.0,23.0,
03-08-1894,41.0,28.0,
03-09-1894,38.0,29.0,
03-10-1894,36.0,28.0,
03-11-1894,41.0,32.0,
03-12-1894,40.0,32.0,
03-13-1894,41.0,30.0,
03-14-1894,39.0,27.0,
03-15-1894,46.0,32.0,
03-16-1894,41.0,32.0,
03-17-1894,36.0,26.0,
03-18-1894,42.0,29.0,
03-19-1894,37.0,28.0,
03-20-1894,41.0,29.0,
03-21-1894,45.0,22.0,
03-22-1894,48.0,25.0,
03-23-1894,47.0,30.0,
03-24-1894,53.0,31.0,
03-25-1894,58.0,33.0,
03-26-1894,54.0,37.0,
03-27-1894,55.0,43.0,
03-28-1894,51.0,38.0,
03-29-1894,50.0,41.0,
03-30-1894,44.0,30.0,
03-31-1894,45.0,32.0,
04-01-1894,55.0,38.0,0.04
04-02-1894,45.0,33.0,0.02
04-03-1894,45.0,32.0,
04-04-1894,50.0,30.0,
04-05-1894,56.0,36.0,
04-06-1894,59.0,40.0,
04-07-1894,47.0,30.0,0.04
04-08-1894,50.0,31.0,0.05
04-09-1894,58.0,40.0,
04-10-1894,54.0,45.0,0.08
04-11-1894,49.0,34.0,
04-12-1894,49.0,30.0,
04-13-1894,45.0,38.0,0.17
04-14-1894,44.0,37.0,
04-15-1894,42.0,29.0,
04-16-1894,45.0,29.0,
04-17-1894,48.0,26.0,
04-18-1894,52.0,38.0,
04-19-1894,67.0,39.0,
04-20-1894,73.0,45.0,
04-21-1894,59.0,46.0,
04-22-1894,72.0,36.0,
04-23-1894,56.0,43.0,0.26
04-24-1894,62.0,43.0,
04-25-1894,70.0,45.0,
04-26-1894,60.0,40.0,0.15
04-27-1894,50.0,35.0,0.05
04-28-1894,46.0,34.0,0.12
04-29-1894,52.0,40.0,
04-30-1894,44.0,35.0,0.01
05-01-1894,49.0,30.0,
05-02-1894,52.0,31.0,
05-03-1894,55.0,33.0,
05-04-1894,50.0,41.0,0.37
05-05-1894,53.0,42.0,0.09
05-06-1894,54.0,41.0,
05-07-1894,59.0,33.0,0.01
05-08-1894,50.0,35.0,
05-09-1894,32.0,30.0,
05-10-1894,65.0,33.0,
05-11-1894,69.0,43.0,
05-12-1894,64.0,43.0,
05-13-1894,71.0,41.0,0.04
05-14-1894,53.0,45.0,0.58
05-15-1894,40.0,39.0,0.24
05-16-1894,46.0,35.0,0.02
05-17-1894,64.0,37.0,
05-18-1894,76.0,43.0,
05-19-1894,62.0,54.0,
05-20-1894,60.0,46.0,0.21
05-21-1894,65.0,46.0,0.02
05-22-1894,72.0,51.0,
05-23-1894,78.0,51.0,
05-24-1894,83.0,53.0,
05-25-1894,83.0,56.0,
05-26-1894,74.0,59.0,0.15
05-27-1894,66.0,54.0,0.05
05-28-1894,67.0,52.0,
05-29-1894,76.0,46.0,
05-30-1894,84.0,49.0,
05-31-1894,79.0,59.0,0.04
06-01-1894,76.0,60.0,0.24
06-02-1894,84.0,58.0,
06-03-1894,75.0,61.0,
06-04-1894,73.0,42.0,
06-05-1894,70.0,50.0,
06-06-1894,60.0,49.0,
06-07-1894,57.0,45.0,0.05
06-08-1894,66.0,41.0,
06-09-1894,55.0,44.0,0.05
06-10-1894,55.0,35.0,
06-11-1894,58.0,32.0,
06-12-1894,59.0,39.0,
06-13-1894,65.0,35.0,
06-14-1894,72.0,42.0,
06-15-1894,81.0,52.0,
06-16-1894,83.0,58.0,
06-17-1894,72.0,58.0,
06-18-1894,78.0,51.0,
06-19-1894,57.0,47.0,0.48
06-20-1894,65.0,48.0,
06-21-1894,70.0,44.0,
06-22-1894,72.0,47.0,
06-23-1894,72.0,45.0,
06-24-1894,63.0,53.0,0.01
06-25-1894,65.0,47.0,
06-26-1894,67.0,43.0,
06-27-1894,59.0,48.0,
06-28-1894,64.0,47.0,0.03
06-29-1894,63.0,51.0,0.04
06-30-1894,67.0,54.0,
07-01-1894,78.0,41.0,
07-02-1894,78.0,58.0,
07-03-1894,79.0,52.0,
07-04-1894,98.0,59.0,
07-05-1894,85.0,59.0,0.33
07-06-1894,85.0,59.0,
07-07-1894,82.0,56.0,
07-08-1894,76.0,52.0,
07-09-1894,79.0,43.0,
07-10-1894,72.0,57.0,
07-11-1894,76.0,49.0,
07-12-1894,84.0,42.0,
07-13-1894,87.0,47.0,
07-14-1894,83.0,48.0,
07-15-1894,86.0,60.0,0.06
07-16-1894,82.0,59.0,
07-17-1894,83.0,52.0,
07-18-1894,89.0,51.0,
07-19-1894,85.0,64.0,
07-20-1894,82.0,54.0,
07-21-1894,90.0,41.0,
07-22-1894,84.0,55.0,
07-23-1894,94.0,52.0,0.05
07-24-1894,82.0,52.0,
07-25-1894,67.0,50.0,
07-26-1894,67.0,47.0,
07-27-1894,76.0,42.0,
07-28-1894,98.0,43.0,
07-29-1894,80.0,54.0,
07-30-1894,77.0,55.0,
07-31-1894,86.0,44.0,
08-01-1894,90.0,46.0,
08-02-1894,92.0,50.0,
08-03-1894,89.0,53.0,
08-04-1894,82.0,54.0,
08-05-1894,79.0,52.0,0.02
08-06-1894,70.0,43.0,
08-07-1894,73.0,43.0,
08-08-1894,75.0,47.0,
08-09-1894,82.0,40.0,
08-10-1894,81.0,49.0,
08-11-1894,88.0,53.0,
08-12-1894,79.0,60.0,
08-13-1894,83.0,52.0,
08-14-1894,90.0,52.0,
08-15-1894,86.0,50.0,
08-16-1894,88.0,49.0,
08-17-1894,90.0,52.0,
08-18-1894,92.0,51.0,
08-19-1894,93.0,61.0,
08-20-1894,95.0,57.0,
08-21-1894,93.0,57.0,
08-22-1894,93.0,52.0,
08-23-1894,98.0,61.0,
08-24-1894,88.0,65.0,
08-25-1894,90.0,53.0,
08-26-1894,94.0,47.0,
08-27-1894,91.0,50.0,
08-28-1894,70.0,55.0,
08-29-1894,65.0,42.0,
08-30-1894,22.0,45.0,0.08
08-31-1894,73.0,51.0,
09-01-1894,,,
09-02-1894,,,
09-03-1894,,,
09-04-1894,,,
09-05-1894,,,
09-06-1894,,,
09-07-1894,,,
09-08-1894,,,
09-09-1894,,,
09-10-1894,,,
09-11-1894,,,
09-12-1894,,,
09-13-1894,,,
09-14-1894,,,
09-15-1894,,,
09-16-1894,,,
09-17-1894,,,
09-18-1894,,,
09-19-1894,,,
09-20-1894,,,
09-21-1894,,,
09-22-1894,,,
09-23-1894,,,
09-24-1894,,,
09-25-1894,,,
09-26-1894,,,
09-27-1894,,,
09-28-1894,,,
09-29-1894,,,
09-30-1894,,,
10-01-1894,50.0,42.0,21.0
10-02-1894,53.0,40.0,48
10-03-1894,68.0,42.0,
10-04-1894,71.0,47.0,
10-05-1894,60.0,48.0,
10-06-1894,53.0,40.0,
10-07-1894,55.0,30.0,
10-08-1894,52.0,40.0,
10-09-1894,52.0,35.0,
10-10-1894,53.0,33.0,
10-11-1894,61.0,37.0,
10-12-1894,68.0,36.0,
10-13-1894,61.0,46.0,
10-14-1894,19.0,47.0,
10-15-1894,67.0,45.0,
10-16-1894,68.0,44.0,
10-17-1894,65.0,35.0,
10-18-1894,51.0,38.0,24.0
10-19-1894,50.0,37.0,
10-20-1894,45.0,31.0,13
10-21-1894,51.0,33.0,
10-22-1894,47.0,34.0,118.0
10-23-1894,54.0,41.0,12.0
10-24-1894,50.0,41.0,titi
10-25-1894,53.0,32.0,SH
10-26-1894,47.0,44.0,
10-27-1894,45.0,34.0,
10-28-1894,46.0,36.0,
10-29-1894,58.0,44.0,
10-30-1894,60.0,44.0,19.0
10-31-1894,40.0,35.0,37.0
11-01-1894,50.0,,
11-02-1894,53.0,,
11-03-1894,45.0,,
11-04-1894,48.0,,
11-05-1894,55.0,,
11-06-1894,54.0,,
11-07-1894,55.0,,
11-08-1894,61.0,,
11-09-1894,61.0,,
11-10-1894,53.0,,
11-11-1894,57.0,,
11-12-1894,58.0,,
11-13-1894,54.0,,
11-14-1894,54.0,,
11-15-1894,35.0,,
11-16-1894,35.0,,
11-17-1894,50.0,,
11-18-1894,55.0,,
11-19-1894,50.0,,
11-20-1894,40.0,,
11-21-1894,40.0,,
11-22-1894,35.0,,
11-23-1894,39.0,,
11-24-1894,49.0,,
11-25-1894,54.0,,
11-26-1894,45.0,,
11-27-1894,46.0,,
11-28-1894,45.0,,
11-29-1894,43.0,,
11-30-1894,43.0,,
12-01-1894,34.0,26.0,
12-02-1894,36.0,24.0,
12-03-1894,34.0,26.0,
12-04-1894,40.0,27.0,
12-05-1894,41.0,34.0,
12-06-1894,35.0,28.0,
12-07-1894,34.0,22.0,
12-08-1894,37.0,29.0,
12-09-1894,41.0,23.0,
12-10-1894,38.0,32.0,
12-11-1894,36.0,32.0,
12-12-1894,38.0,28.0,
12-13-1894,35.0,28.0,
12-14-1894,34.0,29.0,
12-15-1894,24.0,25.0,
12-16-1894,36.0,14.0,
12-17-1894,38.0,30.0,
12-18-1894,40.0,31.0,
12-19-1894,37.0,29.0,
12-20-1894,36.0,26.0,
12-21-1894,42.0,34.0,
12-22-1894,43.0,36.0,
12-23-1894,36.0,29.0,
12-24-1894,32.0,29.0,
12-25-1894,33.0,29.0,
12-26-1894,28.0,22.0,
12-27-1894,24.0,14.0,
12-28-1894,22.0,11.0,
12-29-1894,29.0,12.0,
12-30-1894,30.0,15.0,
12-31-1894,23.0,21.0,
01-01-1895,26.0,20.0,
01-02-1895,27.0,20.0,
01-03-1895,34.0,16.0,
01-04-1895,41.0,33.0,
01-05-1895,36.0,30.0,
01-06-1895,28.0,24.0,
01-07-1895,28.0,19.0,
01-08-1895,32.0,21.0,
01-09-1895,43.0,31.0,
01-10-1895,43.0,38.0,
01-11-1895,42.0,37.0,
01-12-1895,44.0,38.0,
01-13-1895,40.0,33.0,
01-14-1895,31.0,21.0,
01-15-1895,30.0,19.0,
01-16-1895,38.0,27.0,
01-17-1895,32.0,18.0,
01-18-1895,35.0,27.0,
01-19-1895,27.0,17.0,
01-20-1895,32.0,24.0,
01-21-1895,36.0,25.0,
01-22-1895,37.0,28.0,
01-23-1895,21.0,26.0,
01-24-1895,23.0,15.0,
01-25-1895,25.0,6.0,
01-26-1895,29.0,11.0,
01-27-1895,18.0,8.0,
01-28-1895,20.0,4.0,
01-29-1895,31.0,14.0,
01-30-1895,32.0,21.0,
01-31-1895,32.0,25.0,
02-01-1895,35.0,24.0,
02-02-1895,39,19.0,
02-03-1895,42.0,30.0,
02-04-1895,42,30.0,
02-05-1895,43.0,32.0,
02-06-1895,46,29.0,
02-07-1895,43.0,34.0,
02-08-1895,35.0,28.0,
02-09-1895,35,24.0,
02-10-1895,28,15.0,
02-11-1895,26.0,12.0,
02-12-1895,29,15.0,
02-13-1895,34.0,18.0,
02-14-1895,34,14.0,
02-15-1895,36,21.0,
02-16-1895,45.0,19.0,
02-17-1895,43.0,30.0,
02-18-1895,39.0,35.0,
02-19-1895,49.0,35.0,
02-20-1895,48,34.0,
02-21-1895,45.0,36.0,
02-22-1895,50,37.0,
02-23-1895,49,40.0,
02-24-1895,51.0,34.0,
02-25-1895,50.0,31.0,
02-26-1895,52,33.0,
02-27-1895,55.0,33.0,
02-28-1895,48.0,29.0,
03-01-1895,45.0,29.0,
03-02-1895,39.0,31.0,
03-03-1895,42.0,27.0,
03-04-1895,45.0,31.0,
03-05-1895,43.0,25.0,
03-06-1895,47.0,27.0,
03-07-1895,55.0,30.0,
03-08-1895,57.0,33.0,
03-09-1895,55.0,32.0,
03-10-1895,47.0,30.0,
03-11-1895,44.0,33.0,
03-12-1895,33.0,30.0,
03-13-1895,30.0,15.0,
03-14-1895,32.0,11.0,
03-15-1895,35.0,21.0,
03-16-1895,45.0,25.0,
03-17-1895,53.0,28.0,
03-18-1895,34.0,34.0,
03-19-1895,57.0,32.0,
03-20-1895,39.0,37.0,
03-21-1895,39.0,28.0,
03-22-1895,40.0,29.0,
03-23-1895,40.0,22.0,
03-24-1895,45.0,31.0,
03-25-1895,61.0,34.0,
03-26-1895,61.0,41.0,
03-27-1895,60.0,48.0,
03-28-1895,46.0,35.0,
03-29-1895,45.0,29.0,
03-30-1895,49.0,26.0,
03-31-1895,62.0,32.0,
04-01-1895,60.0,37.0,0.05
04-02-1895,48.0,32.0,
04-03-1895,55.0,33.0,0.17
04-04-1895,36.0,27.0,
04-05-1895,40.0,25.0,
04-06-1895,54.0,25.0,
04-07-1895,62.0,35.0,
04-08-1895,67.0,37.0,
04-09-1895,60.0,45.0,
04-10-1895,50.0,32.0,
04-11-1895,55.0,31.0,
04-12-1895,71.0,38.0,
04-13-1895,63.0,41.0,0.05
04-14-1895,50.0,28.0,
04-15-1895,58.0,32.0,
04-16-1895,61.0,36.0,0.22
04-17-1895,61.0,32.0,
04-18-1895,55.0,33.0,
04-19-1895,54.0,39.0,
04-20-1895,57.0,33.0,
04-21-1895,70.0,30.0,
04-22-1895,76.0,44.0,
04-23-1895,76.0,40.0,
04-24-1895,74.0,42.0,
04-25-1895,74.0,47.0,
04-26-1895,74.0,36.0,
04-27-1895,57.0,48.0,
04-28-1895,55.0,45.0,0.34
04-29-1895,63.0,41.0,
04-30-1895,70.0,36.0,
05-01-1895,65.0,43.0,
05-02-1895,50.0,47.0,
05-03-1895,60.0,43.0,
05-04-1895,53.0,36.0,0.27
05-05-1895,54.0,35.0,0.15
05-06-1895,56.0,46.0,
05-07-1895,62.0,42.0,
05-08-1895,52.0,37.0,
05-09-1895,53.0,34.0,
05-10-1895,63.0,33.0,
05-11-1895,74.0,34.0,
05-12-1895,82.0,45.0,
05-13-1895,70.0,52.0,
05-14-1895,71.0,35.0,
05-15-1895,76.0,40.0,
05-16-1895,74.0,47.0,
05-17-1895,82.0,47.0,
05-18-1895,78.0,47.0,
05-19-1895,68.0,46.0,
05-20-1895,57.0,45.0,0.18
05-21-1895,48.0,36.0,0.25
05-22-1895,57.0,36.0,0.02
05-23-1895,56.0,36.0,
05-24-1895,67.0,36.0,
05-25-1895,65.0,49.0,
05-26-1895,54.0,45.0,1.25
05-27-1895,55.0,39.0,
05-28-1895,54.0,36.0,
05-29-1895,56.0,43.0,
05-30-1895,55.0,39.0,
05-31-1895,55.0,31.0,
06-01-1895,64.0,38.0,
06-02-1895,67.0,45.0,
06-03-1895,73.0,43.0,
06-04-1895,78.0,47.0,
06-05-1895,66.0,52.0,
06-06-1895,64.0,45.0,
06-07-1895,66.0,38.0,
06-08-1895,68.0,37.0,
06-09-1895,74.0,38.0,
06-10-1895,69.0,48.0,0.04
06-11-1895,69.0,47.0,
06-12-1895,64.0,43.0,
06-13-1895,59.0,42.0,
06-14-1895,54.0,38.0,
06-15-1895,56.0,36.0,
06-16-1895,51.0,37.0,0.15
06-17-1895,68.0,39.0,
06-18-1895,66.0,43.0,
06-19-1895,65.0,46.0,
06-20-1895,74.0,45.0,
06-21-1895,84.0,49.0,
06-22-1895,76.0,58.0,
06-23-1895,77.0,56.0,
06-24-1895,22.0,49.0,
06-25-1895,82.0,42.0,
06-26-1895,85.0,44.0,
06-27-1895,86.0,52.0,
06-28-1895,90.0,53.0,
06-29-1895,88.0,54.0,
06-30-1895,75.0,57.0,
07-01-1895,,,
07-02-1895,,,
07-03-1895,,,
07-04-1895,,,
07-05-1895,,,
07-06-1895,,,
07-07-1895,,,
07-08-1895,,,
07-09-1895,,,
07-10-1895,,,
07-11-1895,,,
07-12-1895,,,
07-13-1895,,,
07-14-1895,,,
07-15-1895,,,
07-16-1895,,,
07-17-1895,,,
07-18-1895,,,
07-19-1895,,,
07-20-1895,,,
07-21-1895,,,
07-22-1895,,,
07-23-1895,,,
07-24-1895,,,
07-25-1895,,,
07-26-1895,,,
07-27-1895,,,
07-28-1895,,,
07-29-1895,,,
07-30-1895,,,
07-31-1895,,,
08-01-1895,,,
08-02-1895,,,
08-03-1895,,,
08-04-1895,,,
08-05-1895,,,
08-06-1895,,,
08-07-1895,,,
08-08-1895,,,
08-09-1895,,,
08-10-1895,,,
08-11-1895,,,
08-12-1895,,,
08-13-1895,,,
08-14-1895,,,
08-15-1895,,,
08-16-1895,,,
08-17-1895,,,
08-18-1895,,,
08-19-1895,,,
08-20-1895,,,
08-21-1895,,,
08-22-1895,,,
08-23-1895,,,
08-24-1895,,,
08-25-1895,,,
08-26-1895,,,
08-27-1895,,,
08-28-1895,,,
08-29-1895,,,
08-30-1895,,,
08-31-1895,,,
09-01-1895,,,
09-02-1895,,,
09-03-1895,,,
09-04-1895,,,
09-05-1895,,,
09-06-1895,,,
09-07-1895,,,
09-08-1895,,,
09-09-1895,,,
09-10-1895,,,
09-11-1895,,,
09-12-1895,,,
09-13-1895,,,
09-14-1895,,,
09-15-1895,,,
09-16-1895,,,
09-17-1895,,,
09-18-1895,,,
09-19-1895,,,
09-20-1895,,,
09-21-1895,,,
09-22-1895,,,
09-23-1895,,,
09-24-1895,,,
09-25-1895,,,
09-26-1895,,,
09-27-1895,,,
09-28-1895,,,
09-29-1895,,,
09-30-1895,,,
10-01-1895,,42.0,
10-02-1895,,,
10-03-1895,,,
10-04-1895,,,
10-05-1895,,,
10-06-1895,,,
10-07-1895,,,
10-08-1895,,,
10-09-1895,,,
10-10-1895,,,
10-11-1895,,,
10-12-1895,,,
10-13-1895,,,
10-14-1895,,,
10-15-1895,,,
10-16-1895,,,
10-17-1895,,,
10-18-1895,,,
10-19-1895,,,
10-20-1895,,,
10-21-1895,,,
10-22-1895,,,
10-23-1895,,,
10-24-1895,,,
10-25-1895,,,
10-26-1895,,,
10-27-1895,,,
10-28-1895,,,
10-29-1895,,,
10-30-1895,,,
10-31-1895,,,
11-01-1895,51.0,46.0,
11-02-1895,41.0,36.0,
11-03-1895,41.0,25,
11-04-1895,35.0,21.0,
11-05-1895,35.0,19,
11-06-1895,36.0,25,
11-07-1895,36.0,"J
30",
11-08-1895,45.0,32,
11-09-1895,46.0,36.0,
11-10-1895,44.0,39,
11-11-1895,35.0,,
11-12-1895,41.0,27,
11-13-1895,39.0,25,
11-14-1895,50.0,32,
11-15-1895,53.0,40,
11-16-1895,51.0,37.0,
11-17-1895,53.0,38,
11-18-1895,55.0,49.0,
11-19-1895,55.0,"J
35",
11-20-1895,58.0,38.0,
11-21-1895,36.0,32,
11-22-1895,32.0,14,
11-23-1895,34.0,12,
11-24-1895,34.0,14,
11-25-1895,36.0,18.0,
11-26-1895,39.0,23.0,
11-27-1895,45.0,34,
11-28-1895,15.0,34,
11-29-1895,45.0,34,
11-30-1895,39.0,30,
12-01-1895,34.0,30.0,
12-02-1895,30.0,22.0,
12-03-1895,30.0,19.0,
12-04-1895,35.0,25.0,
12-05-1895,34.0,32.0,
12-06-1895,36.0,34.0,
12-07-1895,35.0,33.0,
12-08-1895,37.0,27.0,
12-09-1895,44.0,34.0,
12-10-1895,45.0,37.0,
12-11-1895,49.0,38.0,
12-12-1895,47.0,42.0,
12-13-1895,38.0,28.0,
12-14-1895,38.0,20.0,
12-15-1895,32.0,30.0,
12-16-1895,30.0,14.0,
12-17-1895,22.0,4.0,
12-18-1895,25.0,13.0,
12-19-1895,33.0,22.0,
12-20-1895,35.0,26.0,
12-21-1895,27.0,22.0,
12-22-1895,36.0,10.0,
12-23-1895,37.0,22.0,
12-24-1895,32.0,20.0,
12-25-1895,40.0,28.0,
12-26-1895,44.0,28.0,
12-27-1895,42.0,36.0,
12-28-1895,28.0,18.0,
12-29-1895,37.0,14.0,
12-30-1895,29.0,18.0,
12-31-1895,43.0,28.0,
01-01-1896,33.0,19.0,
01-02-1896,24.0,14.0,
01-03-1896,32.0,5.0,
01-04-1896,38.0,30.0,
01-05-1896,45.0,30.0,
01-06-1896,41.0,35.0,
01-07-1896,43.0,37.0,32
01-08-1896,47.0,36.0,
01-09-1896,30.0,36.0,
01-10-1896,37.0,35.0,
01-11-1896,32.0,20.0,
01-12-1896,27.0,8.0,
01-13-1896,24.0,81.0,
01-14-1896,26.0,31.0,
01-15-1896,24.0,14.0,
01-16-1896,35.0,12.0,
01-17-1896,44.0,14.0,.30
01-18-1896,43.0,34.0,.29
01-19-1896,38.0,30.0,
01-20-1896,45.0,35.0,50
01-21-1896,40.0,30.0,.27
01-22-1896,36.0,28.0,
01-23-1896,36.0,30.0,
01-24-1896,33.0,20.0,
01-25-1896,40.0,28.0,
01-26-1896,49.0,36.0,
01-27-1896,51.0,40.0,
01-28-1896,42.0,35.0,27.0
01-29-1896,38.0,31.0,
01-30-1896,41.0,32.0,
01-31-1896,42.0,32.0,
02-01-1896,40.0,34.0,
02-02-1896,36,30.0,
02-03-1896,30.0,28.0,
02-04-1896,38,22.0,
02-05-1896,39.0,30.0,
02-06-1896,36,26.0,
02-07-1896,41.0,27.0,
02-08-1896,43.0,29.0,
02-09-1896,35,26.0,
02-10-1896,33,29.0,
02-11-1896,35.0,17.0,
02-12-1896,42,33.0,
02-13-1896,42.0,31.0,
02-14-1896,43,34.0,
02-15-1896,41,33.0,
02-16-1896,43.0,34.0,
02-17-1896,50.0,31.0,
02-18-1896,51.0,34.0,
02-19-1896,51.0,32.0,
02-20-1896,53,33.0,
02-21-1896,50.0,34.0,
02-22-1896,50,33.0,
02-23-1896,49,32.0,
02-24-1896,56.0,39.0,
02-25-1896,59.0,40.0,
02-26-1896,45,40.0,
02-27-1896,44.0,34.0,
02-28-1896,38.0,32.0,
02-29-1896,30.0,27.0,
03-01-1896,14.0,12.0,
03-02-1896,22.0,3.0,
03-03-1896,22.0,12.0,
03-04-1896,25.0,8.0,
03-05-1896,34.0,18.0,
03-06-1896,31.0,18.0,
03-07-1896,38.0,22.0,
03-08-1896,40.0,30.0,
03-09-1896,45.0,33.0,
03-10-1896,51.0,31.0,
03-11-1896,53.0,33.0,
03-12-1896,55.0,35.0,
03-13-1896,45.0,23.0,
03-14-1896,44.0,26.0,
03-15-1896,51.0,27.0,
03-16-1896,32.0,29.0,
03-17-1896,56.0,30.0,
03-18-1896,62.0,34.0,
03-19-1896,66.0,43.0,
03-20-1896,55.0,40.0,
03-21-1896,48.0,33.0,
03-22-1896,58.0,34.0,
03-23-1896,59.0,43.0,
03-24-1896,50.0,43.0,
03-25-1896,52.0,33.0,
03-26-1896,53.0,34.0,
03-27-1896,45.0,34.0,
03-28-1896,36.0,26.0,
03-29-1896,40.0,32.0,
03-30-1896,37.0,23.0,
03-31-1896,41.0,22.0,
04-01-1896,49.0,26.0,
04-02-1896,48.0,37.0,
04-03-1896,49.0,34.0,
04-04-1896,61.0,37.0,
04-05-1896,60.0,40.0,
04-06-1896,55.0,42.0,0.24
04-07-1896,49.0,36.0,0.03
04-08-1896,46.0,32.0,
04-09-1896,59.0,33.0,0.12
04-10-1896,41.0,35.0,0.12
04-11-1896,47.0,32.0,
04-12-1896,50.0,36.0,0.3
04-13-1896,51.0,44.0,0.03
04-14-1896,43.0,30.0,
04-15-1896,40.0,29.0,0.08
04-16-1896,45.0,22.0,
04-17-1896,47.0,24.0,
04-18-1896,42.0,27.0,
04-19-1896,52.0,27.0,
04-20-1896,61.0,35.0,
04-21-1896,62.0,32.0,
04-22-1896,62.0,38.0,0.06
04-23-1896,56.0,37.0,
04-24-1896,61.0,40.0,0.03
04-25-1896,59.0,40.0,0.4
04-26-1896,56.0,33.0,
04-27-1896,47.0,36.0,0.12
04-28-1896,52.0,39.0,0.31
04-29-1896,47.0,34.0,0.05
04-30-1896,51.0,37.0,
05-01-1896,52.0,39.0,0.09
05-02-1896,44.0,36.0,0.05
05-03-1896,53.0,37.0,0.51
05-04-1896,50.0,33.0,0.44
05-05-1896,46.0,36.0,0.03
05-06-1896,47.0,38.0,0.18
05-07-1896,56.0,38.0,
05-08-1896,53.0,33.0,0.13
05-09-1896,40.0,32.0,0.3
05-10-1896,53.0,36.0,0.13
05-11-1896,59.0,42.0,0.2
05-12-1896,51.0,35.0,
05-13-1896,48.0,34.0,0.13
05-14-1896,50.0,33.0,0.02
05-15-1896,54.0,34.0,
05-16-1896,48.0,35.0,
05-17-1896,49.0,30.0,
05-18-1896,49.0,33.0,0.1
05-19-1896,54.0,32.0,
05-20-1896,63.0,40.0,0.05
05-21-1896,71.0,44.0,
05-22-1896,64.0,45.0,0.02
05-23-1896,69.0,45.0,
05-24-1896,58.0,38.0,
05-25-1896,58.0,45.0,
05-26-1896,61.0,41.0,
05-27-1896,66.0,46.0,0.04
05-28-1896,77.0,43.0,
05-29-1896,84.0,47.0,
05-30-1896,72.0,48.0,
05-31-1896,69.0,46.0,
06-01-1896,69.0,45.0,0.05
06-02-1896,69.0,46.0,
06-03-1896,69.0,48.0,
06-04-1896,54.0,43.0,0.06
06-05-1896,56.0,46.0,0.6
06-06-1896,58.0,38.0,0.07
06-07-1896,47.0,40.0,
06-08-1896,52.0,39.0,0.24
06-09-1896,60.0,37.0,
06-10-1896,60.0,39.0,
06-11-1896,74.0,40.0,
06-12-1896,67.0,48.0,
06-13-1896,23.0,41.0,
06-14-1896,78.0,39.0,
06-15-1896,78.0,44.0,
06-16-1896,84.0,52.0,
06-17-1896,78.0,54.0,
06-18-1896,80.0,49.0,
06-19-1896,75.0,54.0,
06-20-1896,78.0,44.0,
06-21-1896,84.0,48.0,
06-22-1896,71.0,50.0,
06-23-1896,73.0,48.0,
06-24-1896,73.0,39.0,
06-25-1896,84.0,43.0,
06-26-1896,89.0,52.0,
06-27-1896,92.0,54.0,
06-28-1896,94.0,70.0,
06-29-1896,85.0,58.0,0.04
06-30-1896,80.0,53.0,
07-01-1896,74.0,53.0,
07-02-1896,82.0,49.0,
07-03-1896,89.0,54.0,
07-04-1896,94.0,58.0,
07-05-1896,98.0,59.0,
07-06-1896,82.0,68.0,
07-07-1896,90.0,56.0,
07-08-1896,91.0,58.0,
07-09-1896,95.0,64.0,
07-10-1896,92.0,62.0,
07-11-1896,94.0,55.0,
07-12-1896,71.0,58.0,0.15
07-13-1896,85.0,51.0,
07-14-1896,94.0,55.0,
07-15-1896,98.0,59.0,
07-16-1896,95.0,68.0,
07-17-1896,83.0,53.0,
07-18-1896,87.0,52.0,
07-19-1896,90.0,55.0,
07-20-1896,91.0,54.0,
07-21-1896,78.0,59.0,
07-22-1896,82.0,52.0,
07-23-1896,77.0,44.0,
07-24-1896,82.0,50.0,
07-25-1896,76.0,53.0,
07-26-1896,82.0,57.0,
07-27-1896,84.0,52.0,
07-28-1896,83.0,59.0,
07-29-1896,85.0,53.0,
07-30-1896,86.0,45.0,
07-31-1896,86.0,45.0,
08-01-1896,,,
08-02-1896,,,
08-03-1896,,,
08-04-1896,,,
08-05-1896,,,
08-06-1896,,,
08-07-1896,,,
08-08-1896,,,
08-09-1896,,,
08-10-1896,,,
08-11-1896,,,
08-12-1896,,,
08-13-1896,,,
08-14-1896,,,
08-15-1896,,,
08-16-1896,,,
08-17-1896,,,
08-18-1896,,,
08-19-1896,,,
08-20-1896,,,
08-21-1896,,,
08-22-1896,,,
08-23-1896,,,
08-24-1896,,,
08-25-1896,,,
08-26-1896,,,
08-27-1896,,,
08-28-1896,,,
08-29-1896,,,
08-30-1896,,,
08-31-1896,,,
09-01-1896,64.0,54.0,
09-02-1896,74.0,44.0,
09-03-1896,76.0,48.0,
09-04-1896,81.0,46.0,
09-05-1896,84.0,53.0,
09-06-1896,85.0,52.0,
09-07-1896,24.0,53.0,
09-08-1896,57.0,43.0,
09-09-1896,61.0,31.0,
09-10-1896,65.0,34.0,
09-11-1896,59.0,49.0,0.25
09-12-1896,59.0,42.0,0.05
09-13-1896,65.0,39.0,
09-14-1896,68.0,37.0,
09-15-1896,54.0,42.0,0.11
09-16-1896,61.0,34.0,
09-17-1896,64.0,30.0,
09-18-1896,72.0,40.0,
09-19-1896,29.0,44.0,
09-20-1896,79.0,45.0,
09-21-1896,81.0,38.0,
09-22-1896,82.0,44.0,
09-23-1896,68.0,54.0,
09-24-1896,57.0,46.0,0.02
09-25-1896,60.0,38.0,
09-26-1896,65.0,37.0,
09-27-1896,73.0,43.0,
09-28-1896,78.0,48.0,
09-29-1896,73.0,43.0,
09-30-1896,70.0,43.0,
10-01-1896,72.0,43.0,
10-02-1896,72.0,49.0,
10-03-1896,53.0,49.0,108
10-04-1896,60.0,35.0,
10-05-1896,63.0,31.0,
10-06-1896,68.0,34.0,
10-07-1896,63.0,34.0,
10-08-1896,58.0,42.0,
10-09-1896,62.0,32.0,
10-10-1896,65.0,33.0,
10-11-1896,49.0,26.0,20
10-12-1896,59.0,25.0,
10-13-1896,61.0,30.0,
10-14-1896,6.0,36.0,
10-15-1896,75.0,40.0,
10-16-1896,75.0,45.0,
10-17-1896,70.0,38.0,
10-18-1896,71.0,36.0,
10-19-1896,71.0,43.0,
10-20-1896,63.0,41.0,
10-21-1896,50.0,42.0,10.0
10-22-1896,60.0,42.0,
10-23-1896,57.0,35.0,
10-24-1896,57.0,38.0,
10-25-1896,50.0,35.0,
10-26-1896,45.0,31.0,
10-27-1896,51.0,33.0,
10-28-1896,57.0,30.0,02
10-29-1896,47.0,35.0,10
10-30-1896,46.0,33.0,
10-31-1896,45.0,42.0,39.0
11-01-1896,46.0,32.0,
11-02-1896,43.0,33.0,
11-03-1896,45.0,32,
11-04-1896,45.0,33.0,
11-05-1896,38.0,28,
11-06-1896,43.0,30,
11-07-1896,42.0,28,
11-08-1896,35.0,"2
37",
11-09-1896,41.0,31.0,
11-10-1896,41.0,32,
11-11-1896,37.0,28,
11-12-1896,42.0,32,
11-13-1896,50.0,40,
11-14-1896,57.0,46,
11-15-1896,60.0,53,
11-16-1896,38.0,33.0,
11-17-1896,29.0,23,
11-18-1896,32.0,20.0,
11-19-1896,30.0,21,
11-20-1896,25.0,18.0,
11-21-1896,39.0,26,
11-22-1896,36.0,30,
11-23-1896,35.0,30,
11-24-1896,22.0,20,
11-25-1896,16.0,,
11-26-1896,12.0,-2.0,
11-27-1896,13.0,12,
11-28-1896,10.0,8,
11-29-1896,18.0,,
11-30-1896,24.0,,
12-01-1896,34.0,24.0,
12-02-1896,39.0,28.0,
12-03-1896,42.0,36.0,
12-04-1896,47.0,34.0,
12-05-1896,41.0,35.0,
12-06-1896,39.0,32.0,
12-07-1896,48.0,32.0,
12-08-1896,48.0,37.0,
12-09-1896,49.0,40.0,
12-10-1896,52.0,41.0,
12-11-1896,40.0,40.0,
12-12-1896,45.0,36.0,
12-13-1896,40.0,32.0,
12-14-1896,41.0,33.0,
12-15-1896,36.0,32.0,
12-16-1896,31.0,29.0,
12-17-1896,37.0,29.0,
12-18-1896,40.0,30.0,
12-19-1896,44.0,36.0,
12-20-1896,47.0,35.0,
12-21-1896,44.0,35.0,
12-22-1896,43.0,35.0,
12-23-1896,42.0,32.0,
12-24-1896,38.0,25.0,
12-25-1896,45.0,32.0,
12-26-1896,45.0,34.0,
12-27-1896,50.0,37.0,
12-28-1896,51.0,36.0,
12-29-1896,45.0,33.0,
12-30-1896,41.0,32.0,
12-31-1896,39.0,32.0,
01-01-1897,31.0,30.0,
01-02-1897,31.0,26.0,
01-03-1897,35.0,28.0,
01-04-1897,32.0,26.0,
01-05-1897,36.0,31.0,
01-06-1897,43.0,34.0,
01-07-1897,42.0,35.0,
01-08-1897,46.0,34.0,
01-09-1897,36.0,23.0,
01-10-1897,30.0,24.0,
01-11-1897,30.0,22.0,
01-12-1897,26.0,21.0,
01-13-1897,30.0,24.0,
01-14-1897,29.0,23.0,
01-15-1897,28.0,22.0,
01-16-1897,24.0,19.0,
01-17-1897,40.0,25.0,
01-18-1897,36.0,16.0,
01-19-1897,37.0,30.0,4.
01-20-1897,44.0,32.0,67
01-21-1897,44.0,41.0,
01-22-1897,49.0,37.0,
01-23-1897,48.0,35.0,
01-24-1897,18.0,16.0,
01-25-1897,14.0,14.0,
01-26-1897,10.0,11.0,
01-27-1897,21.0,5.0,
01-28-1897,31.0,19.0,
01-29-1897,34.0,2.0,
01-30-1897,36.0,24.0,
01-31-1897,40.0,33.0,
02-01-1897,42.0,33.0,
02-02-1897,42,28.0,
02-03-1897,41.0,30.0,
02-04-1897,46,32.0,
02-05-1897,37.0,32.0,
02-06-1897,41,29.0,
02-07-1897,41.0,30.0,
02-08-1897,38.0,30.0,
02-09-1897,42,28.0,
02-10-1897,39,28.0,
02-11-1897,40.0,28.0,
02-12-1897,32,25.0,
02-13-1897,37.0,19.0,
02-14-1897,37,20.0,
02-15-1897,45,25.0,
02-16-1897,35.0,29.0,
02-17-1897,31.0,20.0,
02-18-1897,32.0,18.0,
02-19-1897,33.0,23.0,
02-20-1897,30,24.0,
02-21-1897,31.0,24.0,
02-22-1897,34,22.0,
02-23-1897,40,25.0,
02-24-1897,40.0,29.0,
02-25-1897,40.0,24.0,
02-26-1897,41,26.0,
02-27-1897,51.0,33.0,
02-28-1897,46.0,36.0,
03-01-1897,32.0,32.0,
03-02-1897,44.0,28.0,
03-03-1897,44.0,25.0,
03-04-1897,41.0,31.0,
03-05-1897,40.0,29.0,
03-06-1897,38.0,22.0,
03-07-1897,34.0,22.0,
03-08-1897,37.0,18.0,
03-09-1897,36.0,23.0,
03-10-1897,32.0,23.0,
03-11-1897,22.0,20.0,
03-12-1897,15.0,4.0,
03-13-1897,22.0,4.0,
03-14-1897,36.0,21.0,
03-15-1897,37.0,22.0,
03-16-1897,38.0,32.0,
03-17-1897,38.0,25.0,
03-18-1897,36.0,26.0,
03-19-1897,35.0,25.0,
03-20-1897,34.0,22.0,
03-21-1897,32.0,18.0,
03-22-1897,35.0,19.0,
03-23-1897,36.0,28.0,
03-24-1897,50.0,36.0,
03-25-1897,50.0,40.0,
03-26-1897,43.0,29.0,
03-27-1897,39.0,29.0,
03-28-1897,36.0,25.0,
03-29-1897,45.0,28.0,
03-30-1897,40.0,23.0,
03-31-1897,47.0,27.0,
04-01-1897,43.0,33.0,
04-02-1897,40.0,32.0,0.22
04-03-1897,46.0,35.0,0.12
04-04-1897,50.0,36.0,0.16
04-05-1897,52.0,32.0,
04-06-1897,47.0,34.0,0.26
04-07-1897,47.0,31.0,
04-08-1897,55.0,33.0,
04-09-1897,67.0,37.0,
04-10-1897,55.0,42.0,0.1
04-11-1897,53.0,33.0,
04-12-1897,60.0,33.0,
04-13-1897,66.0,33.0,
04-14-1897,67.0,41.0,
04-15-1897,71.0,42.0,
04-16-1897,75.0,45.0,
04-17-1897,78.0,46.0,
04-18-1897,81.0,47.0,
04-19-1897,42.0,43.0,0.3
04-20-1897,51.0,40.0,
04-21-1897,48.0,34.0,0.06
04-22-1897,53.0,33.0,
04-23-1897,52.0,31.0,
04-24-1897,65.0,37.0,
04-25-1897,76.0,45.0,
04-26-1897,68.0,55.0,
04-27-1897,52.0,30.0,
04-28-1897,54.0,34.0,
04-29-1897,63.0,35.0,
04-30-1897,75.0,43.0,
05-01-1897,58.0,40.0,0.1
05-02-1897,73.0,32.0,
05-03-1897,75.0,40.0,
05-04-1897,74.0,43.0,
05-05-1897,85.0,53.0,
05-06-1897,57.0,49.0,0.36
05-07-1897,51.0,39.0,
05-08-1897,60.0,34.0,
05-09-1897,58.0,45.0,0.08
05-10-1897,63.0,40.0,
05-11-1897,72.0,39.0,
05-12-1897,80.0,45.0,
05-13-1897,86.0,52.0,
05-14-1897,84.0,53.0,
05-15-1897,85.0,52.0,0.05
05-16-1897,85.0,55.0,0.05
05-17-1897,61.0,53.0,
05-18-1897,71.0,52.0,
05-19-1897,84.0,49.0,
05-20-1897,81.0,55.0,
05-21-1897,65.0,41.0,
05-22-1897,76.0,38.0,
05-23-1897,84.0,48.0,
05-24-1897,72.0,54.0,0.38
05-25-1897,58.0,42.0,0.33
05-26-1897,67.0,38.0,
05-27-1897,80.0,48.0,
05-28-1897,93.0,52.0,
05-29-1897,94.0,58.0,
05-30-1897,63.0,53.0,
05-31-1897,64.0,45.0,
06-01-1897,59.0,45.0,
06-02-1897,58.0,45.0,
06-03-1897,65.0,41.0,
06-04-1897,69.0,43.0,
06-05-1897,76.0,41.0,
06-06-1897,84.0,53.0,
06-07-1897,78.0,54.0,
06-08-1897,65.0,46.0,
06-09-1897,65.0,41.0,
06-10-1897,76.0,38.0,
06-11-1897,77.0,55.0,0.03
06-12-1897,75.0,53.0,
06-13-1897,99.0,49.0,
06-14-1897,72.0,53.0,
06-15-1897,51.0,46.0,0.55
06-16-1897,52.0,42.0,0.05
06-17-1897,48.0,38.0,1.0
06-18-1897,73.0,41.0,0.2
06-19-1897,76.0,45.0,0.23
06-20-1897,81.0,51.0,
06-21-1897,71.0,55.0,0.06
06-22-1897,75.0,49.0,
06-23-1897,61.0,48.0,0.1
06-24-1897,25.0,49.0,
06-25-1897,78.0,53.0,0.06
06-26-1897,70.0,54.0,
06-27-1897,69.0,52.0,0.6
06-28-1897,79.0,53.0,
06-29-1897,78.0,54.0,
06-30-1897,81.0,60.0,
07-01-1897,66.0,58.0,0.53
07-02-1897,63.0,49.0,0.02
07-03-1897,64.0,46.0,
07-04-1897,66.0,46.0,
07-05-1897,61.0,44.0,
07-06-1897,62.0,44.0,
07-07-1897,65.0,42.0,
07-08-1897,70.0,45.0,
07-09-1897,79.0,46.0,
07-10-1897,98.0,49.0,
07-11-1897,94.0,60.0,
07-12-1897,83.0,63.0,
07-13-1897,80.0,54.0,
07-14-1897,81.0,49.0,
07-15-1897,74.0,52.0,
07-16-1897,68.0,49.0,
07-17-1897,65.0,41.0,0.04
07-18-1897,73.0,48.0,
07-19-1897,81.0,50.0,
07-20-1897,82.0,53.0,
07-21-1897,75.0,54.0,
07-22-1897,78.0,42.0,
07-23-1897,78.0,48.0,
07-24-1897,20.0,52.0,
07-25-1897,80.0,42.0,
07-26-1897,85.0,42.0,
07-27-1897,84.0,48.0,
07-28-1897,82.0,50.0,
07-29-1897,89.0,44.0,
07-30-1897,71.0,55.0,
07-31-1897,72.0,47.0,
08-01-1897,77.0,37.0,
08-02-1897,80.0,44.0,
08-03-1897,87.0,46.0,
08-04-1897,92.0,52.0,
08-05-1897,90.0,60.0,0.03
08-06-1897,89.0,59.0,
08-07-1897,95.0,67.0,
08-08-1897,91.0,73.0,
08-09-1897,90.0,60.0,
08-10-1897,84.0,53.0,
08-11-1897,80.0,54.0,
08-12-1897,75.0,53.0,
08-13-1897,80.0,45.0,
08-14-1897,87.0,49.0,
08-15-1897,92.0,53.0,
08-16-1897,94.0,54.0,
08-17-1897,95.0,49.0,
08-18-1897,98.0,56.0,
08-19-1897,99.0,59.0,
08-20-1897,100.0,64.0,
08-21-1897,100.0,63.0,
08-22-1897,94.0,60.0,
08-23-1897,94.0,59.0,
08-24-1897,84.0,55.0,
08-25-1897,72.0,53.0,
08-26-1897,79.0,44.0,
08-27-1897,79.0,47.0,
08-28-1897,82.0,53.0,
08-29-1897,82.0,47.0,
08-30-1897,23.0,49.0,0.21
08-31-1897,63.0,51.0,0.3
09-01-1897,69.0,41.0,
09-02-1897,67.0,49.0,
09-03-1897,60.0,20.0,
09-04-1897,61.0,40.0,0.3
09-05-1897,60.0,49.0,0.66
09-06-1897,60.0,49.0,
09-07-1897,51.0,45.0,0.06
09-08-1897,56.0,44.0,0.27
09-09-1897,63.0,38.0,
09-10-1897,59.0,43.0,0.03
09-11-1897,69.0,42.0,
09-12-1897,76.0,53.0,
09-13-1897,61.0,45.0,
09-14-1897,59.0,49.0,
09-15-1897,61.0,38.0,
09-16-1897,65.0,39.0,
09-17-1897,77.0,43.0,
09-18-1897,89.0,50.0,
09-19-1897,90.0,52.0,
09-20-1897,87.0,53.0,
09-21-1897,86.0,57.0,
09-22-1897,75.0,57.0,
09-23-1897,79.0,48.0,
09-24-1897,80.0,46.0,
09-25-1897,83.0,50.0,
09-26-1897,84.0,57.0,
09-27-1897,63.0,50.0,0.08
09-28-1897,58.0,46.0,0.46
09-29-1897,69.0,45.0,
09-30-1897,63.0,40.0,
10-01-1897,54.0,,
10-02-1897,59.0,,
10-03-1897,79.0,,
10-04-1897,68.0,,
10-05-1897,73.0,,
10-06-1897,83.0,,
10-07-1897,86.0,,
10-08-1897,70.0,,
10-09-1897,65.0,,
10-10-1897,69.0,,
10-11-1897,63.0,,15
10-12-1897,51.0,,27
10-13-1897,47.0,,
10-14-1897,49.0,,
10-15-1897,42.0,,
10-16-1897,49.0,,
10-17-1897,64.0,,
10-18-1897,66.0,,
10-19-1897,61.0,,
10-20-1897,60.0,,
10-21-1897,49.0,,
10-22-1897,52.0,,15.0
10-23-1897,56.0,,
10-24-1897,46.0,,
10-25-1897,48.0,,
10-26-1897,52.0,,
10-27-1897,57.0,,
10-28-1897,60.0,,
10-29-1897,56.0,,
10-30-1897,62.0,,
10-31-1897,44.0,,
12-01-1897,24.0,24.0,
12-02-1897,26.0,20.0,
12-03-1897,32.0,19.0,
12-04-1897,38.0,23.0,
12-05-1897,45.0,33.0,
12-06-1897,48.0,34.0,
12-07-1897,48.0,37.0,
12-08-1897,43.0,36.0,
12-09-1897,37.0,30.0,
12-10-1897,43.0,33.0,
12-11-1897,43.0,34.0,
12-12-1897,40.0,34.0,
12-13-1897,42.0,31.0,
12-14-1897,36.0,32.0,
12-15-1897,22.0,18.0,
12-16-1897,24.0,20.0,
12-17-1897,23.0,20.0,
12-18-1897,16.0,10.0,
12-19-1897,18.0,9.0,
12-20-1897,21.0,17.0,
12-21-1897,28.0,25.0,
12-22-1897,32.0,13.0,
12-23-1897,31.0,11.0,
12-24-1897,35.0,26.0,
12-25-1897,37.0,30.0,
12-26-1897,38.0,31.0,
12-27-1897,44.0,35.0,
12-28-1897,50.0,43.0,
12-29-1897,43.0,40.0,
12-30-1897,38.0,27.0,
12-31-1897,32.0,24.0,
01-01-1898,37.0,25.0,
01-02-1898,35.0,21.0,
01-03-1898,36.0,27.0,
01-04-1898,37.0,28.0,
01-05-1898,41.0,31.0,
01-06-1898,31.0,28.0,
01-07-1898,34.0,19.0,
01-08-1898,31.0,28.0,
01-09-1898,23.0,5.0,
01-10-1898,21.0,6.0,
01-11-1898,25.0,7.0,
01-12-1898,26.0,18.0,
01-13-1898,30.0,22.0,
01-14-1898,29.0,20.0,
01-15-1898,31.0,24.0,
01-16-1898,31.0,26.0,
01-17-1898,34.0,22.0,
01-18-1898,34.0,21.0,
01-19-1898,35.0,30.0,
01-20-1898,30.0,26.0,
01-21-1898,31.0,19.0,
01-22-1898,27.0,20.0,
01-23-1898,20.0,13.0,
01-24-1898,20.0,1.0,
01-25-1898,19.0,12.0,
01-26-1898,23.0,6.0,
01-27-1898,29.0,19.0,
01-28-1898,26.0,16.0,
01-29-1898,35.0,17.0,
01-30-1898,33.0,28.0,
01-31-1898,35.0,34.0,
02-01-1898,35.0,26.0,
02-02-1898,37,28.0,
02-03-1898,38.0,29.0,
02-04-1898,37,25.0,
02-05-1898,43.0,33.0,
02-06-1898,45,36.0,
02-07-1898,46.0,35.0,
02-08-1898,40.0,22.0,
02-09-1898,36,29.0,
02-10-1898,41,32.0,
02-11-1898,45.0,32.0,
02-12-1898,47,39.0,
02-13-1898,56.0,36.0,
02-14-1898,50,46.0,
02-15-1898,51,42.0,
02-16-1898,34.0,26.0,
02-17-1898,32.0,26.0,
02-18-1898,35.0,27.0,
02-19-1898,36.0,23.0,
02-20-1898,47,34.0,
02-21-1898,36.0,28.0,
02-22-1898,40,28.0,
02-23-1898,43,28.0,
02-24-1898,47.0,35.0,
02-25-1898,50.0,33.0,
02-26-1898,46,33.0,
02-27-1898,53.0,36.0,
02-28-1898,48.0,39.0,
03-01-1898,54.0,33.0,
03-02-1898,50.0,36.0,
03-03-1898,46.0,39.0,
03-04-1898,44.0,32.0,
03-05-1898,50.0,30.0,
03-06-1898,58.0,35.0,
03-07-1898,47.0,40.0,
03-08-1898,40.0,25.0,
03-09-1898,40.0,28.0,
03-10-1898,43.0,27.0,
03-11-1898,53.0,29.0,
03-12-1898,35.0,30.0,
03-13-1898,34.0,26.0,
03-14-1898,36.0,29.0,
03-15-1898,37.0,27.0,
03-16-1898,41.0,25.0,
03-17-1898,40.0,21.0,
03-18-1898,38.0,24.0,
03-19-1898,40.0,25.0,
03-20-1898,34.0,22.0,
03-21-1898,23.0,13.0,
03-22-1898,33.0,9.0,
03-23-1898,39.0,24.0,
03-24-1898,39.0,26.0,
03-25-1898,33.0,27.0,
03-26-1898,32.0,13.0,
03-27-1898,38.0,27.0,
03-28-1898,39.0,20.0,
03-29-1898,40.0,29.0,
03-30-1898,47.0,32.0,
03-31-1898,48.0,22.0,
04-01-1898,51.0,31.0,
04-02-1898,42.0,30.0,0.24
04-03-1898,51.0,30.0,
04-04-1898,55.0,32.0,
04-05-1898,64.0,37.0,
04-06-1898,52.0,35.0,0.09
04-07-1898,48.0,29.0,
04-08-1898,67.0,41.0,
04-09-1898,56.0,34.0,
04-10-1898,55.0,32.0,0.08
04-11-1898,55.0,35.0,
04-12-1898,68.0,37.0,
04-13-1898,69.0,46.0,
04-14-1898,66.0,43.0,
04-15-1898,59.0,45.0,0.02
04-16-1898,61.0,36.0,
04-17-1898,56.0,38.0,
04-18-1898,52.0,31.0,
04-19-1898,62.0,30.0,
04-20-1898,48.0,43.0,0.27
04-21-1898,52.0,36.0,0.19
04-22-1898,55.0,40.0,0.13
04-23-1898,73.0,45.0,
04-24-1898,60.0,40.0,
04-25-1898,75.0,50.0,
04-26-1898,55.0,50.0,
04-27-1898,61.0,36.0,
04-28-1898,63.0,39.0,
04-29-1898,60.0,42.0,
04-30-1898,69.0,38.0,
05-01-1898,63.0,35.0,
05-02-1898,67.0,34.0,
05-03-1898,65.0,45.0,
05-04-1898,65.0,38.0,
05-05-1898,65.0,40.0,
05-06-1898,53.0,37.0,0.02
05-07-1898,56.0,33.0,
05-08-1898,64.0,38.0,
05-09-1898,77.0,40.0,
05-10-1898,66.0,46.0,
05-11-1898,71.0,39.0,
05-12-1898,65.0,36.0,
05-13-1898,70.0,34.0,
05-14-1898,73.0,44.0,
05-15-1898,81.0,46.0,0.21
05-16-1898,74.0,52.0,0.05
05-17-1898,63.0,48.0,
05-18-1898,51.0,42.0,
05-19-1898,56.0,39.0,
05-20-1898,63.0,36.0,
05-21-1898,67.0,44.0,
05-22-1898,57.0,40.0,0.05
05-23-1898,60.0,37.0,0.3
05-24-1898,74.0,34.0,
05-25-1898,79.0,43.0,
05-26-1898,80.0,59.0,
05-27-1898,50.0,45.0,0.75
05-28-1898,56.0,45.0,0.5
05-29-1898,53.0,39.0,0.04
05-30-1898,54.0,43.0,0.02
05-31-1898,62.0,33.0,
06-01-1898,56.0,40.0,0.03
06-02-1898,58.0,38.0,
06-03-1898,64.0,39.0,
06-04-1898,75.0,40.0,
06-05-1898,74.0,49.0,
06-06-1898,78.0,50.0,
06-07-1898,88.0,48.0,
06-08-1898,86.0,50.0,
06-09-1898,88.0,54.0,
06-10-1898,87.0,57.0,
06-11-1898,76.0,56.0,0.05
06-12-1898,80.0,51.0,
06-13-1898,84.0,41.0,0.5
06-14-1898,72.0,53.0,0.13
06-15-1898,67.0,54.0,
06-16-1898,64.0,51.0,0.4
06-17-1898,74.0,46.0,0.05
06-18-1898,81.0,55.0,0.14
06-19-1898,63.0,50.0,
06-20-1898,56.0,44.0,
06-21-1898,67.0,39.0,
06-22-1898,73.0,45.0,
06-23-1898,75.0,49.0,
06-24-1898,71.0,53.0,
06-25-1898,69.0,49.0,
06-26-1898,81.0,44.0,
06-27-1898,65.0,50.0,
06-28-1898,67.0,52.0,
06-29-1898,71.0,36.0,
06-30-1898,65.0,48.0,0.24
07-01-1898,79.0,42.0,
07-02-1898,83.0,53.0,
07-03-1898,87.0,55.0,
07-04-1898,81.0,57.0,
07-05-1898,71.0,53.0,
07-06-1898,76.0,38.0,
07-07-1898,80.0,39.0,
07-08-1898,87.0,39.0,
07-09-1898,87.0,55.0,
07-10-1898,91.0,57.0,
07-11-1898,95.0,64.0,
07-12-1898,91.0,67.0,
07-13-1898,77.0,55.0,0.16
07-14-1898,78.0,45.0,
07-15-1898,86.0,44.0,
07-16-1898,71.0,53.0,0.19
07-17-1898,65.0,48.0,
07-18-1898,68.0,46.0,
07-19-1898,74.0,41.0,
07-20-1898,73.0,45.0,
07-21-1898,77.0,49.0,
07-22-1898,73.0,44.0,0.1
07-23-1898,74.0,47.0,0.06
07-24-1898,98.0,51.0,
07-25-1898,84.0,52.0,
07-26-1898,78.0,58.0,
07-27-1898,86.0,49.0,
07-28-1898,87.0,53.0,
07-29-1898,91.0,50.0,
07-30-1898,91.0,62.0,
07-31-1898,94.0,49.0,
08-01-1898,94.0,57.0,
08-02-1898,96.0,59.0,
08-03-1898,84.0,65.0,
08-04-1898,85.0,51.0,
08-05-1898,88.0,55.0,
08-06-1898,94.0,55.0,
08-07-1898,99.0,60.0,
08-08-1898,102.0,61.0,
08-09-1898,100.0,61.0,
08-10-1898,101.0,63.0,
08-11-1898,93.0,64.0,
08-12-1898,89.0,64.0,
08-13-1898,90.0,48.0,
08-14-1898,87.0,52.0,
08-15-1898,85.0,70.0,
08-16-1898,85.0,55.0,
08-17-1898,84.0,50.0,
08-18-1898,82.0,49.0,
08-19-1898,81.0,52.0,
08-20-1898,80.0,50.0,
08-21-1898,78.0,47.0,
08-22-1898,79.0,48.0,
08-23-1898,86.0,49.0,
08-24-1898,91.0,55.0,
08-25-1898,96.0,70.0,
08-26-1898,92.0,61.0,
08-27-1898,82.0,60.0,
08-28-1898,98.0,53.0,
08-29-1898,83.0,51.0,0.3
08-30-1898,64.0,50.0,0.1
08-31-1898,64.0,48.0,0.63
09-01-1898,66.0,44.0,
09-02-1898,65.0,46.0,
09-03-1898,65.0,51.0,
09-04-1898,69.0,42.0,
09-05-1898,68.0,47.0,
09-06-1898,77.0,60.0,
09-07-1898,83.0,45.0,
09-08-1898,85.0,46.0,
09-09-1898,83.0,52.0,
09-10-1898,85.0,55.0,
09-11-1898,88.0,54.0,
09-12-1898,76.0,45.0,
09-13-1898,75.0,50.0,
09-14-1898,71.0,47.0,
09-15-1898,72.0,43.0,
09-16-1898,82.0,44.0,
09-17-1898,84.0,51.0,
09-18-1898,92.0,53.0,
09-19-1898,78.0,60.0,
09-20-1898,22.0,46.0,
09-21-1898,62.0,54.0,
09-22-1898,63.0,49.0,0.57
09-23-1898,61.0,45.0,
09-24-1898,76.0,45.0,
09-25-1898,79.0,41.0,
09-26-1898,81.0,48.0,
09-27-1898,69.0,45.0,0.25
09-28-1898,55.0,33.0,
09-29-1898,53.0,40.0,0.25
09-30-1898,59.0,31.0,0.08
10-01-1898,50.0,33.0,
10-02-1898,53.0,34.0,
10-03-1898,56.0,34.0,
10-04-1898,53.0,30.0,
10-05-1898,55.0,33.0,
10-06-1898,59.0,29.0,
10-07-1898,63.0,30.0,
10-08-1898,68.0,38.0,
10-09-1898,59.0,44.0,20
10-10-1898,53.0,35.0,
10-11-1898,58.0,32.0,05
10-12-1898,64.0,39.0,
10-13-1898,57.0,37.0,
10-14-1898,57.0,39.0,
10-15-1898,52.0,36.0,
10-16-1898,54.0,32.0,
10-17-1898,55.0,41.0,
10-18-1898,53.0,37.0,
10-19-1898,57.0,27.0,
10-20-1898,62.0,33.0,
10-21-1898,67.0,38.0,
10-22-1898,55.0,38.0,
10-23-1898,42.0,40.0,23.0
10-24-1898,51.0,32.0,
10-25-1898,54.0,40.0,
10-26-1898,54.0,43.0,
10-27-1898,54.0,42.0,
10-28-1898,52.0,35.0,
10-29-1898,43.0,38.0,
10-30-1898,60.0,43.0,
10-31-1898,42.0,37.0,7.0
11-01-1898,51.0,,
11-02-1898,47.0,,
11-03-1898,53.0,,
11-04-1898,51.0,,
11-05-1898,48.0,,
11-06-1898,46.0,,
11-07-1898,37.0,,
11-08-1898,33.0,,
11-09-1898,32.0,,
11-10-1898,32.0,,
11-11-1898,45.0,,
11-12-1898,35.0,,
11-13-1898,37.0,,
11-14-1898,40.0,,
11-15-1898,40.0,,
11-16-1898,34.0,,
11-17-1898,47.0,,
11-18-1898,47.0,,
11-19-1898,47.0,,
11-20-1898,32.0,,
11-21-1898,29.0,,
11-22-1898,32.0,,
11-23-1898,35.0,,
11-24-1898,32.0,,
11-25-1898,31.0,,
11-26-1898,33.0,,
11-27-1898,40.0,,
11-28-1898,38.0,,
11-29-1898,38.0,,
11-30-1898,39.0,,
12-01-1898,40.0,27.0,
12-02-1898,36.0,25.0,
12-03-1898,33.0,23.0,
12-04-1898,34.0,26.0,
12-05-1898,30.0,16.0,
12-06-1898,26.0,13.0,
12-07-1898,21.0,2.0,
12-08-1898,26.0,7.0,
12-09-1898,32.0,9.0,
12-10-1898,28.0,8.0,
12-11-1898,25.0,0.0,
12-12-1898,25.0,0.0,
12-13-1898,25.0,0.0,
12-14-1898,24.0,10.0,
12-15-1898,30.0,10.0,
12-16-1898,34.0,15.0,
12-17-1898,36.0,30.0,
12-18-1898,37.0,33.0,
12-19-1898,40.0,35.0,
12-20-1898,36.0,32.0,
12-21-1898,35.0,28.0,
12-22-1898,33.0,22.0,
12-23-1898,26.0,11.0,
12-24-1898,32.0,26.0,
12-25-1898,38.0,30.0,
12-26-1898,48.0,35.0,
12-27-1898,46.0,36.0,
12-28-1898,34.0,30.0,
12-29-1898,26.0,23.0,
12-30-1898,20.0,18.0,
12-31-1898,24.0,14.0,
01-01-1899,35.0,24.0,
01-02-1899,38.0,22.0,
01-03-1899,20.0,2.0,
01-04-1899,10.0,-13.0,
01-05-1899,12.0,-2.0,
01-06-1899,12.0,-1.0,
01-07-1899,12.0,5.0,
01-08-1899,27.0,10.0,
01-09-1899,35.0,23.0,
01-10-1899,37.0,31.0,
01-11-1899,35.0,25.0,
01-12-1899,35.0,27.0,
01-13-1899,33.0,22.0,
01-14-1899,35.0,26.0,
01-15-1899,39.0,30.0,75
01-16-1899,44.0,36.0,12
01-17-1899,42.0,35.0,14
01-18-1899,45.0,37.0,
01-19-1899,42.0,34.0,
01-20-1899,51.0,35.0,47
01-21-1899,50.0,42.0,60
01-22-1899,35.0,22.0,
01-23-1899,36.0,30.0,
01-24-1899,40.0,32.0,
01-25-1899,50.0,46.0,
01-26-1899,49.0,38.0,
01-27-1899,50.0,35.0,
01-28-1899,45.0,34.0,
01-29-1899,46.0,33.0,
01-30-1899,45.0,33.0,
01-31-1899,41.0,25.0,
02-01-1899,21.0,4.0,
02-02-1899,5,-3.0,
02-03-1899,-2.0,-12.0,
02-04-1899,-1,-18.0,
02-05-1899,9.0,-12.0,
02-06-1899,9,-10.0,
02-07-1899,24.0,6.0,
02-08-1899,32.0,14.0,
02-09-1899,35,28.0,
02-10-1899,36,27.0,
02-11-1899,31.0,16.0,
02-12-1899,34,27.0,
02-13-1899,38.0,30.0,
02-14-1899,39,34.0,
02-15-1899,42,36.0,
02-16-1899,40.0,33.0,
02-17-1899,47.0,39.0,
02-18-1899,49.0,34.0,
02-19-1899,40.0,34.0,
02-20-1899,38,32.0,
02-21-1899,38.0,31.0,
02-22-1899,34,22.0,
02-23-1899,36,24.0,
02-24-1899,32.0,20.0,
02-25-1899,33.0,26.0,
02-26-1899,36,28.0,
02-27-1899,36.0,30.0,
02-28-1899,41.0,28.0,
03-01-1899,41.0,36.0,
03-02-1899,39.0,29.0,
03-03-1899,40.0,30.0,
03-04-1899,38.0,30.0,
03-05-1899,45.0,30.0,
03-06-1899,52.0,34.0,
03-07-1899,48.0,38.0,
03-08-1899,46.0,34.0,
03-09-1899,39.0,30.0,
03-10-1899,38.0,26.0,
03-11-1899,40.0,30.0,
03-12-1899,34.0,28.0,
03-13-1899,33.0,26.0,
03-14-1899,34.0,15.0,
03-15-1899,34.0,24.0,
03-16-1899,42.0,28.0,
03-17-1899,41.0,26.0,
03-18-1899,50.0,35.0,
03-19-1899,49.0,33.0,
03-20-1899,38.0,28.0,
03-21-1899,31.0,25.0,
03-22-1899,39.0,19.0,
03-23-1899,47.0,28.0,
03-24-1899,43.0,30.0,
03-25-1899,41.0,33.0,
03-26-1899,47.0,22.0,
03-27-1899,47.0,38.0,
03-28-1899,48.0,35.0,
03-29-1899,47.0,29.0,
03-30-1899,46.0,35.0,
03-31-1899,49.0,30.0,
04-01-1899,45.0,32.0,0.12
04-02-1899,49.0,36.0,
04-03-1899,48.0,37.0,0.05
04-04-1899,47.0,34.0,
04-05-1899,52.0,30.0,
04-06-1899,53.0,37.0,
04-07-1899,64.0,38.0,
04-08-1899,70.0,40.0,
04-09-1899,61.0,37.0,
04-10-1899,50.0,34.0,0.1
04-11-1899,52.0,40.0,0.37
04-12-1899,44.0,34.0,0.6
04-13-1899,44.0,27.0,
04-14-1899,56.0,34.0,
04-15-1899,72.0,38.0,
04-16-1899,45.0,34.0,
04-17-1899,49.0,30.0,0.16
04-18-1899,47.0,34.0,0.4
04-19-1899,50.0,33.0,
04-20-1899,49.0,46.0,
04-21-1899,48.0,38.0,
04-22-1899,49.0,30.0,
04-23-1899,53.0,32.0,
04-24-1899,69.0,42.0,
04-25-1899,59.0,40.0,
04-26-1899,44.0,32.0,0.32
04-27-1899,46.0,30.0,0.03
04-28-1899,57.0,30.0,
04-29-1899,52.0,35.0,
04-30-1899,44.0,30.0,0.4
05-01-1899,44.0,30.0,0.14
05-02-1899,46.0,30.0,
05-03-1899,54.0,32.0,
05-04-1899,64.0,36.0,
05-05-1899,58.0,42.0,
05-06-1899,59.0,45.0,
05-07-1899,66.0,45.0,0.38
05-08-1899,54.0,36.0,
05-09-1899,58.0,42.0,0.26
05-10-1899,62.0,40.0,
05-11-1899,51.0,37.0,0.07
05-12-1899,52.0,32.0,
05-13-1899,51.0,33.0,
05-14-1899,57.0,34.0,
05-15-1899,59.0,32.0,
05-16-1899,51.0,37.0,0.47
05-17-1899,58.0,36.0,
05-18-1899,51.0,33.0,0.12
05-19-1899,53.0,38.0,
05-20-1899,57.0,38.0,
05-21-1899,70.0,45.0,
05-22-1899,72.0,46.0,
05-23-1899,73.0,52.0,
05-24-1899,59.0,47.0,0.15
05-25-1899,57.0,43.0,0.1
05-26-1899,59.0,43.0,
05-27-1899,58.0,40.0,
05-28-1899,64.0,38.0,
05-29-1899,62.0,40.0,0.2
05-30-1899,55.0,37.0,
05-31-1899,65.0,41.0,0.05
06-01-1899,59.0,41.0,40.0
06-02-1899,62.0,43.0,0.2
06-03-1899,67.0,46.0,
06-04-1899,5.0,40.0,
06-05-1899,53.0,33.0,0.34
06-06-1899,58.0,36.0,
06-07-1899,66.0,37.0,
06-08-1899,75.0,40.0,
06-09-1899,71.0,43.0,
06-10-1899,69.0,54.0,
06-11-1899,54.0,46.0,0.11
06-12-1899,57.0,42.0,0.11
06-13-1899,61.0,42.0,0.02
06-14-1899,74.0,42.0,
06-15-1899,84.0,43.0,
06-16-1899,81.0,46.0,
06-17-1899,80.0,48.0,
06-18-1899,78.0,47.0,
06-19-1899,74.0,49.0,
06-20-1899,63.0,44.0,
06-21-1899,68.0,42.0,
06-22-1899,77.0,43.0,
06-23-1899,80.0,47.0,
06-24-1899,80.0,54.0,
06-25-1899,67.0,49.0,0.07
06-26-1899,60.0,44.0,0.8
06-27-1899,71.0,45.0,
06-28-1899,73.0,49.0,
06-29-1899,71.0,39.0,
06-30-1899,87.0,45.0,
07-01-1899,83.0,39.0,
07-02-1899,85.0,50.0,
07-03-1899,78.0,52.0,
07-04-1899,80.0,46.0,
07-05-1899,78.0,42.0,
07-06-1899,84.0,39.0,
07-07-1899,84.0,52.0,
07-08-1899,84.0,46.0,
07-09-1899,83.0,53.0,
07-10-1899,80.0,51.0,
07-11-1899,87.0,42.0,
07-12-1899,89.0,48.0,
07-13-1899,93.0,49.0,
07-14-1899,93.0,49.0,
07-15-1899,93.0,54.0,
07-16-1899,96.0,54.0,
07-17-1899,94.0,58.0,
07-18-1899,89.0,64.0,
07-19-1899,85.0,43.0,
07-20-1899,77.0,54.0,
07-21-1899,70.0,49.0,
07-22-1899,69.0,47.0,0.12
07-23-1899,80.0,46.0,
07-24-1899,80.0,51.0,
07-25-1899,85.0,42.0,
07-26-1899,90.0,52.0,
07-27-1899,89.0,49.0,
07-28-1899,89.0,52.0,
07-29-1899,88.0,57.0,
07-30-1899,81.0,56.0,
07-31-1899,78.0,53.0,
08-01-1899,76.0,45.0,
08-01-1899,95.0,45.0,
08-02-1899,86.0,44.0,
08-02-1899,82.0,44.0,
08-03-1899,90.0,45.0,
08-03-1899,86.0,45.0,
08-04-1899,94.0,49.0,
08-04-1899,93.0,49.0,
08-05-1899,80.0,48.0,
08-05-1899,87.0,48.0,
08-06-1899,84.0,60.0,
08-06-1899,70.0,60.0,
08-07-1899,71.0,50.0,
08-07-1899,82.0,50.0,
08-08-1899,78.0,51.0,0.05
08-08-1899,75.0,51.0,0.05
08-09-1899,65.0,48.0,0.31
08-09-1899,72.0,48.0,0.31
08-10-1899,68.0,49.0,0.25
08-10-1899,77.0,49.0,0.25
08-11-1899,84.0,47.0,0.02
08-11-1899,71.0,47.0,0.02
08-12-1899,79.0,43.0,
08-12-1899,84.0,43.0,
08-13-1899,69.0,54.0,0.02
08-13-1899,78.0,54.0,0.02
08-14-1899,66.0,45.0,0.35
08-14-1899,63.0,45.0,0.35
08-15-1899,75.0,45.0,0.28
08-15-1899,59.0,45.0,0.28
08-16-1899,86.0,48.0,
08-16-1899,72.0,48.0,
08-17-1899,88.0,44.0,
08-17-1899,77.0,44.0,
08-18-1899,85.0,49.0,
08-18-1899,83.0,49.0,
08-19-1899,73.0,52.0,
08-19-1899,85.0,52.0,
08-20-1899,89.0,46.0,0.26
08-20-1899,72.0,46.0,0.26
08-21-1899,83.0,44.0,
08-21-1899,59.0,44.0,
08-22-1899,69.0,43.0,0.15
08-22-1899,76.0,43.0,0.15
08-23-1899,83.0,46.0,
08-23-1899,74.0,46.0,
08-24-1899,93.0,46.0,
08-24-1899,82.0,46.0,
08-25-1899,72.0,49.0,
08-25-1899,67.0,49.0,
08-26-1899,80.0,43.0,0.18
08-26-1899,62.0,43.0,0.18
08-27-1899,69.0,46.0,0.35
08-27-1899,84.0,46.0,0.35
08-28-1899,86.0,43.0,
08-28-1899,64.0,43.0,
08-29-1899,85.0,38.0,
08-29-1899,88.0,38.0,
08-30-1899,27.0,39.0,
08-30-1899,88.0,39.0,
08-31-1899,91.0,50.0,
08-31-1899,89.0,50.0,
09-01-1899,76.0,50.0,
09-02-1899,81.0,50.0,
09-03-1899,78.0,47.0,0.55
09-04-1899,71.0,47.0,0.57
09-05-1899,60.0,43.0,
09-06-1899,64.0,42.0,
09-07-1899,69.0,38.0,
09-08-1899,73.0,40.0,
09-09-1899,77.0,43.0,
09-10-1899,86.0,51.0,
09-11-1899,91.0,56.0,
09-12-1899,84.0,57.0,
09-13-1899,61.0,45.0,0.34
09-14-1899,67.0,47.0,
09-15-1899,74.0,43.0,
09-16-1899,80.0,49.0,
09-17-1899,74.0,50.0,
09-18-1899,80.0,43.0,
09-19-1899,84.0,51.0,
09-20-1899,83.0,52.0,
09-21-1899,75.0,48.0,
09-22-1899,73.0,47.0,
09-23-1899,76.0,47.0,
09-24-1899,81.0,51.0,
09-25-1899,90.0,56.0,
09-26-1899,82.0,56.0,
09-27-1899,73.0,46.0,
09-28-1899,77.0,39.0,
09-29-1899,73.0,49.0,
09-30-1899,64.0,41.0,0.05
10-01-1899,53.0,39.0,0.06
10-01-1899,53.0,44.0,0.06
10-02-1899,57.0,34.0,
10-02-1899,57.0,34.0,
10-03-1899,63.0,36.0,
10-03-1899,63.0,36.0,
10-04-1899,84.0,43.0,
10-04-1899,84.0,38.0,
10-05-1899,80.0,43.0,
10-05-1899,80.0,48.0,
10-06-1899,69.0,44.0,
10-06-1899,69.0,46.0,
10-07-1899,82.0,43.0,
10-07-1899,82.0,31.0,
10-08-1899,62.0,46.0,
10-08-1899,62.0,40.0,
10-09-1899,55.0,41.0,
10-09-1899,55.0,39.0,
10-10-1899,49.0,31.0,",07"
10-10-1899,49.0,34.0,",07"
10-11-1899,45.0,55.0,40
10-11-1899,45.0,31.0,40
10-12-1899,42.0,22.0,10
10-12-1899,42.0,40.0,10
10-13-1899,44.0,54.0,
10-13-1899,44.0,23.0,
10-14-1899,43.0,24.0,
10-14-1899,43.0,28.0,
10-15-1899,46.0,27.0,
10-15-1899,46.0,30.0,
10-16-1899,52.0,36.0,70
10-16-1899,52.0,32.0,70
10-17-1899,49.0,36.0,14.0
10-17-1899,49.0,33.0,14.0
10-18-1899,45.0,40.0,18.0
10-18-1899,45.0,35.0,18.0
10-19-1899,53.0,40.0,.85
10-19-1899,53.0,41.0,.85
10-20-1899,56.0,39.0,-.01
10-20-1899,56.0,38.0,-.01
10-21-1899,51.0,43.0,3.0
10-21-1899,51.0,38.0,3.0
10-22-1899,49.0,39.0,6.0
10-22-1899,49.0,37.0,6.0
10-23-1899,47.0,30.0,2.0
10-23-1899,47.0,39.0,2.0
10-24-1899,42.0,39.0,112
10-24-1899,42.0,37.0,112
10-25-1899,49.0,34.0,
10-25-1899,49.0,37.0,
10-26-1899,51.0,25.0,
10-26-1899,51.0,42.0,
10-27-1899,60.0,31.0,
10-27-1899,60.0,41.0,
10-28-1899,59.0,42.0,
10-28-1899,59.0,35.0,
10-29-1899,62.0,43.0,
10-29-1899,62.0,32.0,
10-30-1899,62.0,33.0,
10-30-1899,62.0,41.0,
10-31-1899,57.0,42.0,
10-31-1899,57.0,39.0,
11-01-1899,55.0,,
11-02-1899,60.0,,
11-03-1899,58.0,,
11-04-1899,52.0,,
11-05-1899,52.0,,
11-06-1899,37.0,,
11-07-1899,60.0,,
11-08-1899,51.0,,
11-09-1899,58.0,,
11-10-1899,52.0,,
11-11-1899,55.0,,
11-12-1899,30.0,,
11-13-1899,52.0,,
11-14-1899,58.0,,
11-15-1899,52.0,,
11-16-1899,48.0,,
11-17-1899,45.0,,
11-18-1899,45.0,,
11-19-1899,48.0,,
11-20-1899,46.0,,
11-21-1899,48.0,,
11-22-1899,51.0,,
11-23-1899,45.0,,
11-24-1899,51.0,,
11-25-1899,45.0,,
11-26-1899,44.0,,
11-27-1899,51.0,,
11-28-1899,50.0,,
11-29-1899,46.0,,
11-30-1899,39.0,,
12-01-1899,45.0,37.0,
12-02-1899,42.0,27.0,
12-03-1899,32.0,27.0,
12-04-1899,36.0,28.0,
12-05-1899,36.0,26.0,
12-06-1899,25.0,25.0,
12-07-1899,41.0,32.0,
12-08-1899,40.0,32.0,
12-09-1899,39.0,30.0,
12-10-1899,35.0,30.0,
12-11-1899,39.0,30.0,
12-12-1899,38.0,31.0,
12-13-1899,35.0,28.0,
12-14-1899,34.0,28.0,
12-15-1899,32.0,28.0,
12-16-1899,30.0,17.0,
12-17-1899,25.0,15.0,
12-18-1899,29.0,15.0,
12-19-1899,30.0,15.0,
12-20-1899,32.0,14.0,
12-21-1899,45.0,30.0,
12-22-1899,42.0,33.0,
12-23-1899,29.0,36.0,
12-24-1899,42.0,34.0,
12-25-1899,41.0,32.0,
12-26-1899,42.0,36.0,
12-27-1899,32.0,27.0,
12-28-1899,36.0,25.0,
12-29-1899,43.0,36.0,
12-30-1899,41.0,33.0,
12-31-1899,42.0,33.0,
01-01-1900,40.0,34.0,
01-02-1900,41.0,33.0,
01-03-1900,41.0,34.0,
01-04-1900,38.0,31.0,
01-05-1900,45.0,33.0,
01-06-1900,49.0,39.0,
01-07-1900,46.0,38.0,
01-08-1900,42.0,34.0,
01-09-1900,38.0,28.0,
01-10-1900,44.0,32.0,
01-11-1900,43.0,32.0,
01-12-1900,50.0,38.0,
01-13-1900,45.0,32.0,
01-14-1900,41.0,32.0,
01-15-1900,36.0,27.0,
01-16-1900,45.0,32.0,
01-17-1900,45.0,36.0,
01-18-1900,53.0,39.0,
01-19-1900,46.0,36.0,
01-20-1900,39.0,27.0,
01-21-1900,40.0,36.0,
01-22-1900,45.0,34.0,
01-23-1900,45.0,32.0,
01-24-1900,37.0,23.0,
01-25-1900,47.0,24.0,
01-26-1900,39.0,21.0,
01-27-1900,33.0,29.0,
01-28-1900,33.0,19.0,
01-29-1900,36.0,18.0,
01-30-1900,46.0,27.0,
01-31-1900,37.0,22.0,
02-01-1900,43.0,24.0,
02-02-1900,35,23.0,
02-03-1900,42.0,31.0,
02-04-1900,37,25.0,
02-05-1900,42.0,3.0,
02-06-1900,32,27.0,
02-07-1900,29.0,20.0,
02-08-1900,31.0,21.0,
02-09-1900,34,20.0,
02-10-1900,45,31.0,
02-11-1900,,,
02-12-1900,45,24.0,
02-13-1900,32.0,23.0,
02-14-1900,24,12.0,
02-15-1900,12,-1.0,
02-16-1900,21.0,1.0,
02-17-1900,36.0,19.0,
02-18-1900,56.0,21.0,
02-19-1900,,,
02-20-1900,50,31.0,
02-21-1900,56.0,45.0,
02-22-1900,45,34.0,
02-23-1900,47,31.0,
02-24-1900,49.0,33.0,
02-25-1900,45.0,33.0,
02-26-1900,44,31.0,
02-27-1900,45.0,29.0,
02-28-1900,47.0,37.0,
03-01-1900,44.0,31.0,
03-02-1900,47.0,29.0,
03-03-1900,47.0,37.0,
03-04-1900,48.0,34.0,
03-05-1900,42.0,34.0,
03-06-1900,42.0,32.0,
03-07-1900,49.0,36.0,
03-08-1900,50.0,29.0,
03-09-1900,55.0,39.0,
03-10-1900,60.0,40.0,
03-11-1900,60.0,42.0,
03-12-1900,59.0,36.0,
03-13-1900,58.0,32.0,
03-14-1900,63.0,35.0,
03-15-1900,64.0,33.0,
03-16-1900,61.0,34.0,
03-17-1900,68.0,35.0,
03-18-1900,60.0,35.0,
03-19-1900,57.0,34.0,
03-20-1900,62.0,41.0,
03-21-1900,63.0,39.0,
03-22-1900,64.0,41.0,
03-23-1900,49.0,33.0,
03-24-1900,49.0,33.0,
03-25-1900,49.0,32.0,
03-26-1900,49.0,32.0,
03-27-1900,51.0,31.0,
03-28-1900,50.0,30.0,
03-29-1900,50.0,36.0,
03-30-1900,59.0,40.0,
03-31-1900,68.0,41.0,
04-01-1900,75.0,45.0,
04-02-1900,70.0,44.0,
04-03-1900,53.0,38.0,0.32
04-04-1900,53.0,39.0,0.03
04-05-1900,61.0,37.0,
04-06-1900,65.0,37.0,
04-07-1900,63.0,35.0,0.48
04-08-1900,50.0,26.0,
04-09-1900,50.0,27.0,
04-10-1900,60.0,35.0,
04-11-1900,65.0,42.0,
04-12-1900,66.0,45.0,
04-13-1900,54.0,35.0,0.58
04-14-1900,54.0,37.0,0.21
04-15-1900,56.0,37.0,
04-16-1900,63.0,35.0,
04-17-1900,66.0,38.0,
04-18-1900,66.0,46.0,
04-19-1900,60.0,45.0,0.11
04-20-1900,65.0,45.0,0.05
04-21-1900,57.0,34.0,
04-22-1900,53.0,33.0,
04-23-1900,42.0,30.0,
04-24-1900,62.0,31.0,
04-25-1900,60.0,34.0,
04-26-1900,52.0,34.0,0.21
04-27-1900,48.0,33.0,
04-28-1900,72.0,32.0,
04-29-1900,78.0,44.0,
04-30-1900,75.0,42.0,
05-01-1900,75.0,42.0,
05-02-1900,78.0,46.0,
05-03-1900,80.0,51.0,
05-04-1900,76.0,50.0,0.08
05-05-1900,62.0,50.0,0.2
05-06-1900,75.0,43.0,
05-07-1900,73.0,43.0,
05-08-1900,68.0,54.0,
05-09-1900,75.0,47.0,
05-10-1900,77.0,54.0,0.2
05-11-1900,63.0,44.0,0.75
05-12-1900,48.0,37.0,
05-13-1900,56.0,41.0,
05-14-1900,66.0,43.0,
05-15-1900,77.0,46.0,
05-16-1900,76.0,38.0,1.05
05-17-1900,60.0,37.0,
05-18-1900,67.0,39.0,
05-19-1900,68.0,41.0,
05-20-1900,67.0,40.0,
05-21-1900,67.0,40.0,
05-22-1900,67.0,39.0,
05-23-1900,71.0,38.0,
05-24-1900,76.0,42.0,0.1
05-25-1900,67.0,42.0,
05-26-1900,68.0,37.0,0.32
05-27-1900,59.0,37.0,
05-28-1900,54.0,40.0,
05-29-1900,58.0,37.0,
05-30-1900,64.0,38.0,
05-31-1900,70.0,40.0,
06-01-1900,74.0,40.0,
06-02-1900,75.0,48.0,
06-03-1900,75.0,46.0,
06-04-1900,78.0,46.0,
06-05-1900,69.0,53.0,
06-06-1900,67.0,47.0,
06-07-1900,72.0,46.0,
06-08-1900,77.0,51.0,
06-09-1900,69.0,37.0,
06-10-1900,75.0,41.0,
06-11-1900,78.0,45.0,
06-12-1900,81.0,41.0,
06-13-1900,85.0,41.0,
06-14-1900,81.0,53.0,
06-15-1900,77.0,50.0,
06-16-1900,58.0,50.0,0.16
06-17-1900,75.0,47.0,
06-18-1900,73.0,53.0,
06-19-1900,75.0,58.0,
06-20-1900,78.0,54.0,
06-21-1900,88.0,55.0,
06-22-1900,90.0,53.0,
06-23-1900,89.0,51.0,
06-24-1900,85.0,53.0,
06-25-1900,82.0,55.0,0.32
06-26-1900,84.0,44.0,
06-27-1900,84.0,44.0,
06-28-1900,82.0,50.0,
06-29-1900,77.0,52.0,
06-30-1900,65.0,43.0,
07-01-1900,67.0,42.0,
07-02-1900,73.0,42.0,
07-03-1900,76.0,47.0,
07-04-1900,77.0,43.0,
07-05-1900,65.0,43.0,0.92
07-06-1900,73.0,46.0,
07-07-1900,81.0,45.0,
07-08-1900,80.0,42.0,
07-09-1900,,,
07-10-1900,90.0,50.0,
07-11-1900,89.0,58.0,
07-12-1900,73.0,41.0,
07-13-1900,75.0,42.0,
07-14-1900,,,
07-15-1900,91.0,45.0,
07-16-1900,90.0,50.0,
07-17-1900,85.0,55.0,
07-18-1900,81.0,43.0,
07-19-1900,89.0,47.0,
07-20-1900,94.0,58.0,
07-21-1900,95.0,51.0,
07-22-1900,93.0,50.0,
07-23-1900,94.0,51.0,
07-24-1900,101.0,55.0,
07-25-1900,80.0,64.0,
07-26-1900,75.0,54.0,
07-27-1900,82.0,54.0,
07-28-1900,88.0,51.0,
07-29-1900,92.0,52.0,
07-30-1900,95.0,52.0,
07-31-1900,98.0,49.0,
08-01-1900,,,
08-02-1900,70.0,51.0,
08-03-1900,74.0,38.0,
08-04-1900,77.0,37.0,
08-05-1900,74.0,41.0,
08-06-1900,68.0,41.0,
08-07-1900,75.0,39.0,
08-08-1900,65.0,53.0,0.17
08-09-1900,69.0,44.0,
08-10-1900,70.0,43.0,
08-11-1900,74.0,49.0,
08-12-1900,80.0,46.0,
08-13-1900,84.0,46.0,
08-14-1900,86.0,45.0,
08-15-1900,82.0,53.0,
08-16-1900,79.0,51.0,
08-17-1900,71.0,45.0,
08-18-1900,78.0,43.0,
08-19-1900,85.0,42.0,
08-20-1900,88.0,50.0,
08-21-1900,69.0,56.0,0.26
08-22-1900,72.0,62.0,
08-23-1900,89.0,50.0,0.53
08-24-1900,66.0,52.0,
08-25-1900,89.0,53.0,0.08
08-26-1900,68.0,39.0,
08-27-1900,79.0,42.0,
08-28-1900,75.0,45.0,
08-29-1900,77.0,46.0,
08-30-1900,71.0,52.0,
08-31-1900,69.0,48.0,
09-01-1900,73.0,43.0,
09-02-1900,80.0,43.0,
09-03-1900,81.0,45.0,
09-04-1900,63.0,51.0,0.12
09-05-1900,72.0,52.0,
09-06-1900,78.0,52.0,
09-07-1900,76.0,51.0,
09-08-1900,71.0,48.0,
09-09-1900,74.0,43.0,
09-10-1900,78.0,40.0,
09-11-1900,80.0,45.0,
09-12-1900,85.0,45.0,
09-13-1900,73.0,46.0,
09-14-1900,62.0,36.0,
09-15-1900,67.0,45.0,
09-16-1900,66.0,44.0,0.43
09-17-1900,47.0,44.0,
09-18-1900,73.0,44.0,
09-19-1900,83.0,44.0,
09-20-1900,65.0,47.0,
09-21-1900,74.0,43.0,
09-22-1900,78.0,41.0,
09-23-1900,71.0,36.0,
09-24-1900,53.0,31.0,1.1
09-25-1900,53.0,34.0,
09-26-1900,25.0,26.0,
09-27-1900,58.0,32.0,
09-28-1900,66.0,41.0,
09-29-1900,60.0,42.0,
09-30-1900,58.0,41.0,
10-01-1900,,,
10-02-1900,,,
10-03-1900,,,
10-04-1900,,,
10-05-1900,,,
10-06-1900,,,
10-07-1900,,,
10-08-1900,,,
10-09-1900,,,
10-10-1900,,,
10-11-1900,,,
10-12-1900,,,
10-13-1900,,,
10-14-1900,,,
10-15-1900,,,
10-16-1900,,,
10-17-1900,,,
10-18-1900,,,
10-19-1900,,,
10-20-1900,,,
10-21-1900,,,
10-22-1900,,,
10-23-1900,,,
10-24-1900,,,
10-25-1900,,,
10-26-1900,,,
10-27-1900,,,
10-28-1900,,,
10-29-1900,,,
10-30-1900,,,
10-31-1900,,,
11-01-1900,,,
11-02-1900,,,
11-03-1900,,,
11-04-1900,,,
11-05-1900,,,
11-06-1900,,,
11-07-1900,,,
11-08-1900,,,
11-09-1900,,,
11-10-1900,,,
11-11-1900,,,
11-12-1900,,,
11-13-1900,,,
11-14-1900,,,
11-15-1900,,,
11-16-1900,,,
11-17-1900,,,
11-18-1900,,,
11-19-1900,,,
11-20-1900,,,
11-21-1900,,,
11-22-1900,,,
11-23-1900,,,
11-24-1900,,,
11-25-1900,,,
11-26-1900,,,
11-27-1900,,,
11-28-1900,,,
11-29-1900,,,
11-30-1900,,,
12-01-1900,,,
12-02-1900,,,
12-03-1900,,,
12-04-1900,,,
12-05-1900,,,
12-06-1900,,,
12-07-1900,,,
12-08-1900,,,
12-09-1900,,,
12-10-1900,,,
12-11-1900,,,
12-12-1900,,,
12-13-1900,,,
12-14-1900,,,
12-15-1900,,,
12-16-1900,,,
12-17-1900,,,
12-18-1900,,,
12-19-1900,,,
12-20-1900,,,
12-21-1900,,,
12-22-1900,,,
12-23-1900,,,
12-24-1900,,,
12-25-1900,,,
12-26-1900,,,
12-27-1900,,,
12-28-1900,,,
12-29-1900,,,
12-30-1900,,,
12-31-1900,,,
01-01-1901,,12.0,
01-02-1901,,12.0,2
01-03-1901,,25.0,174
01-04-1901,,22.0,14
01-05-1901,,2.0,
01-06-1901,,21.0,
01-07-1901,,12.0,1/4
01-08-1901,,20.0,2
01-09-1901,,14.0,
01-10-1901,,13.0,
01-11-1901,,16.0,
01-12-1901,,33.0,
01-13-1901,,34.0,
01-14-1901,,35.0,
01-15-1901,,34.0,
01-16-1901,,32.0,
01-17-1901,,33.0,
01-18-1901,,29.0,
01-19-1901,,32.0,
01-20-1901,,30.0,
01-21-1901,,22.0,
01-22-1901,,29.0,10'
01-23-1901,,31.0,
01-24-1901,,27.0,
01-25-1901,,30.0,
01-26-1901,,33.0,
01-27-1901,,30.0,
01-28-1901,,29.0,
01-29-1901,,24.0,
01-30-1901,,25.0,
01-31-1901,,15.0,
02-01-1901,38.0,17.0,
02-02-1901,37,,
02-03-1901,36.0,16.0,
02-04-1901,35,18.0,
02-05-1901,40.0,21.0,
02-06-1901,41,23.0,
02-07-1901,36.0,23.0,
02-08-1901,35.0,12.0,
02-09-1901,32,12.0,
02-10-1901,41,11.0,
02-11-1901,43.0,24.0,
02-12-1901,47,28.0,
02-13-1901,43.0,31.0,
02-14-1901,42,32.0,
02-15-1901,42,36.0,
02-16-1901,48.0,32.0,
02-17-1901,37.0,29.0,
02-18-1901,48.0,24.0,
02-19-1901,35.0,27.0,
02-20-1901,39,28.0,
02-21-1901,40.0,25.0,
02-22-1901,39,24.0,
02-23-1901,38,32.0,
02-24-1901,44.0,32.0,
02-25-1901,42.0,33.0,
02-26-1901,48,36.0,
02-27-1901,50.0,43.0,
02-28-1901,59.0,42.0,
03-01-1901,58.0,41.0,
03-02-1901,50.0,36.0,
03-03-1901,42.0,32.0,
03-04-1901,41.0,31.0,
03-05-1901,53.0,28.0,
03-06-1901,52.0,41.0,
03-07-1901,42.0,33.0,
03-08-1901,43.0,30.0,
03-09-1901,43.0,31.0,
03-10-1901,41.0,32.0,
03-11-1901,43.0,29.0,
03-12-1901,45.0,31.0,
03-13-1901,49.0,34.0,
03-14-1901,55.0,33.0,
03-15-1901,61.0,36.0,
03-16-1901,61.0,39.0,
03-17-1901,56.0,35.0,
03-18-1901,49.0,31.0,
03-19-1901,54.0,46.0,
03-20-1901,60.0,34.0,
03-21-1901,56.0,33.0,
03-22-1901,30.0,33.0,
03-23-1901,42.0,32.0,
03-24-1901,52.0,28.0,
03-25-1901,48.0,23.0,
03-26-1901,46.0,32.0,
03-27-1901,47.0,31.0,
03-28-1901,43.0,27.0,
03-29-1901,42.0,32.0,
03-30-1901,48.0,22.0,
03-31-1901,47.0,32.0,
04-01-1901,45.0,32.0,0.12
04-02-1901,43.0,29.0,0.09
04-03-1901,40.0,26.0,
04-04-1901,40.0,28.0,0.03
04-05-1901,42.0,33.0,0.13
04-06-1901,42.0,29.0,0.16
04-07-1901,44.0,28.0,
04-08-1901,52.0,32.0,
04-09-1901,56.0,34.0,
04-10-1901,62.0,37.0,
04-11-1901,60.0,38.0,
04-12-1901,57.0,38.0,
04-13-1901,56.0,45.0,
04-14-1901,56.0,43.0,
04-15-1901,53.0,34.0,
04-16-1901,56.0,28.0,
04-17-1901,60.0,32.0,
04-18-1901,56.0,34.0,
04-19-1901,61.0,35.0,
04-20-1901,54.0,42.0,0.17
04-21-1901,53.0,34.0,6.0
04-22-1901,68.0,36.0,
04-23-1901,59.0,40.0,
04-24-1901,56.0,32.0,
04-25-1901,54.0,34.0,
04-26-1901,51.0,31.0,
04-27-1901,56.0,32.0,
04-28-1901,64.0,42.0,
04-29-1901,63.0,45.0,
04-30-1901,66.0,54.0,0.11
05-01-1901,61.0,46.0,0.19
05-02-1901,57.0,44.0,
05-03-1901,54.0,32.0,
05-04-1901,62.0,36.0,
05-05-1901,59.0,34.0,
05-06-1901,68.0,36.0,
05-07-1901,64.0,58.0,
05-08-1901,59.0,40.0,0.03
05-09-1901,54.0,39.0,0.27
05-10-1901,64.0,45.0,
05-11-1901,79.0,43.0,
05-12-1901,75.0,51.0,
05-13-1901,69.0,54.0,
05-14-1901,76.0,51.0,
05-15-1901,80.0,54.0,
05-16-1901,72.0,48.0,0.14
05-17-1901,50.0,45.0,0.26
05-18-1901,58.0,41.0,0.01
05-19-1901,53.0,37.0,0.48
05-20-1901,62.0,35.0,
05-21-1901,59.0,43.0,
05-22-1901,64.0,37.0,
05-23-1901,64.0,44.0,
05-24-1901,80.0,41.0,
05-25-1901,86.0,54.0,
05-26-1901,58.0,56.0,
05-27-1901,83.0,58.0,
05-28-1901,75.0,55.0,0.09
05-29-1901,66.0,50.0,
05-30-1901,64.0,40.0,
05-31-1901,73.0,56.0,
06-01-1901,68.0,53.0,0.3
06-02-1901,67.0,46.0,0.15
06-03-1901,65.0,45.0,0.17
06-04-1901,55.0,55.0,0.04
06-05-1901,61.0,34.0,
06-06-1901,58.0,44.0,
06-07-1901,56.0,40.0,
06-08-1901,54.0,33.0,
06-09-1901,57.0,35.0,0.1
06-10-1901,61.0,40.0,0.03
06-11-1901,62.0,34.0,
06-12-1901,54.0,40.0,0.27
06-13-1901,57.0,40.0,0.12
06-14-1901,65.0,37.0,
06-15-1901,68.0,57.0,
06-16-1901,76.0,61.0,
06-17-1901,80.0,43.0,
06-18-1901,80.0,47.0,
06-19-1901,83.0,55.0,
06-20-1901,78.0,55.0,0.02
06-21-1901,74.0,55.0,
06-22-1901,72.0,44.0,
06-23-1901,62.0,45.0,
06-24-1901,64.0,39.0,
06-25-1901,63.0,43.0,
06-26-1901,69.0,44.0,0.12
06-27-1901,70.0,48.0,0.02
06-28-1901,69.0,47.0,
06-29-1901,67.0,49.0,
06-30-1901,67.0,43.0,
07-01-1901,76.0,45.0,
07-02-1901,72.0,43.0,
07-03-1901,61.0,44.0,0.6
07-04-1901,65.0,42.0,
07-05-1901,80.0,52.0,
07-06-1901,86.0,52.0,
07-07-1901,83.0,53.0,
07-08-1901,76.0,53.0,
07-09-1901,88.0,46.0,
07-10-1901,78.0,62.0,
07-11-1901,79.0,57.0,
07-12-1901,70.0,57.0,
07-13-1901,72.0,50.0,0.04
07-14-1901,74.0,57.0,0.03
07-15-1901,84.0,46.0,
07-16-1901,80.0,69.0,
07-17-1901,84.0,46.0,
07-18-1901,82.0,57.0,
07-19-1901,75.0,54.0,
07-20-1901,89.0,44.0,
07-21-1901,90.0,51.0,
07-22-1901,87.0,55.0,
07-23-1901,90.0,52.0,
07-24-1901,86.0,60.0,
07-25-1901,83.0,61.0,
07-26-1901,77.0,54.0,
07-27-1901,76.0,54.0,
07-28-1901,83.0,39.0,
07-29-1901,89.0,44.0,
07-30-1901,95.0,50.0,
07-31-1901,86.0,63.0,
08-01-1901,84.0,59.0,0.04
08-02-1901,86.0,54.0,
08-03-1901,,,
08-04-1901,,,
08-05-1901,90.5,60.0,
08-06-1901,91.5,75.0,
08-07-1901,,,
08-08-1901,,,
08-09-1901,,,
08-10-1901,,,
08-11-1901,,,
08-12-1901,,,
08-13-1901,,,
08-14-1901,,,
08-15-1901,,,
08-16-1901,,,
08-17-1901,,,
08-18-1901,,,
08-19-1901,,,
08-20-1901,,,
08-21-1901,,,
08-22-1901,,,
08-23-1901,,,
08-24-1901,,,
08-25-1901,,,
08-26-1901,,,
08-27-1901,,,
08-28-1901,,,
08-29-1901,,,
08-30-1901,,,
08-31-1901,,,
09-01-1901,,,
09-02-1901,,,0.07
09-03-1901,,,
09-04-1901,72.0,63.0,
09-05-1901,65.0,48.0,
09-06-1901,61.0,37.0,
09-07-1901,,43.0,0.51
09-08-1901,56.0,35.0,0.43
09-09-1901,63.0,34.0,
09-10-1901,64.0,40.0,
09-11-1901,71.0,,
09-12-1901,,,0.3
09-13-1901,,,
09-14-1901,68.0,33.0,
09-15-1901,62.0,41.0,
09-16-1901,76.0,32.0,
09-17-1901,,,
09-18-1901,76.0,40.0,
09-19-1901,81.0,50.0,
09-20-1901,25.0,58.0,
09-21-1901,68.0,52.0,.18
09-22-1901,,,
09-23-1901,,,
09-24-1901,,,
09-25-1901,,,
09-26-1901,,,
09-27-1901,,,
09-28-1901,,,
09-29-1901,,,
09-30-1901,,,
10-01-1901,76.0,,
10-02-1901,81.0,,
10-03-1901,70.0,,
10-04-1901,70.0,,
10-05-1901,64.0,,
10-06-1901,68.0,44.0,
10-07-1901,64.0,42.0,
10-08-1901,60.0,38.0,
10-09-1901,59.0,35.0,
10-10-1901,59.0,42.0,
10-11-1901,66.0,33.0,
10-12-1901,68.0,34.0,
10-13-1901,75.0,40.0,
10-14-1901,20.0,39.0,
10-15-1901,73.0,35.0,
10-16-1901,72.0,43.0,
10-17-1901,76.0,47.0,
10-18-1901,70.0,41.0,
10-19-1901,69.0,38.0,
10-20-1901,70.0,58.0,
10-21-1901,75.0,29.0,
10-22-1901,77.0,57.0,
10-23-1901,75.0,50.0,
10-24-1901,74.0,48.0,
10-25-1901,71.0,47.0,
10-26-1901,66.0,46.0,
10-27-1901,49.0,48.0,
10-28-1901,57.0,38.0,201
10-29-1901,45.0,40.0,T
10-30-1901,50.0,38.0,40.0
10-31-1901,57.0,41.0,
11-01-1901,46.0,,
11-02-1901,44.0,,
11-03-1901,46.0,,
11-04-1901,56.0,,
11-05-1901,60.0,,
11-06-1901,49.0,,
11-07-1901,47.0,,
11-08-1901,46.0,,
11-09-1901,46.0,,
11-10-1901,44.0,,
11-11-1901,41.0,,
11-12-1901,56.0,,
11-13-1901,57.0,,
11-14-1901,55.0,,
11-15-1901,56.0,,
11-16-1901,53.0,,
11-17-1901,51.0,,
11-18-1901,46.0,,
11-19-1901,47.0,,
11-20-1901,48.0,,
11-21-1901,45.0,,
11-22-1901,49.0,,
11-23-1901,52.0,,
11-24-1901,45.0,,
11-25-1901,47.0,,
11-26-1901,46.0,,
11-27-1901,51.0,,
11-28-1901,52.0,,
11-29-1901,52.0,,
11-30-1901,51.0,,
12-01-1901,47.0,40.0,
12-02-1901,47.0,39.0,
12-03-1901,47.0,38.0,
12-04-1901,46.0,35.0,
12-05-1901,40.0,31.0,
12-06-1901,41.0,29.0,
12-07-1901,39.0,24.0,
12-08-1901,31.0,22.0,
12-09-1901,32.0,26.0,
12-10-1901,32.0,25.0,
12-11-1901,31.0,21.0,
12-12-1901,30.0,19.0,
12-13-1901,25.0,19.0,
12-14-1901,30.0,22.0,
12-15-1901,34.0,21.0,
12-16-1901,34.0,18.0,
12-17-1901,34.0,18.0,
12-18-1901,,,
12-19-1901,,,
12-20-1901,42.0,21.0,
12-21-1901,40.0,21.0,
12-22-1901,45.0,33.0,
12-23-1901,53.0,35.0,
12-24-1901,42.0,32.0,
12-25-1901,38.0,,
12-26-1901,49.0,,
12-27-1901,36.0,,
12-28-1901,39.0,22.0,
12-29-1901,40.0,30.0,
12-30-1901,41.0,29.0,
12-31-1901,39.0,26.0,
01-01-1902,,,
01-02-1902,,,
01-03-1902,,,
01-04-1902,,,
01-05-1902,43.0,37.0,
01-06-1902,53.0,42.0,
01-07-1902,52.0,41.0,
01-08-1902,55.0,39.0,tra
01-09-1902,51.0,35.0,
01-10-1902,43.0,30.0,
01-11-1902,44.0,31.0,
01-12-1902,48.0,20.0,
01-13-1902,32.0,24.0,
01-14-1902,34.0,24.0,
01-15-1902,36.0,23.0,
01-16-1902,30.0,24.0,
01-17-1902,32.0,29.0,
01-18-1902,37.0,31.0,tra
01-19-1902,37.0,29.0,4
01-20-1902,33.0,22.0,-3.
01-21-1902,33.0,24.0,
01-22-1902,29.0,23.0,
01-23-1902,29.0,17.0,
01-24-1902,29.0,14.0,3.
01-25-1902,17.0,-8.0,
01-26-1902,6.0,-10.0,
01-27-1902,12.0,-12.0,
01-28-1902,16.0,-8.0,
01-29-1902,19.0,-8.0,.4.
01-30-1902,19.0,11.0,
01-31-1902,17.0,5.0,
02-01-1902,16.0,-6.0,
02-02-1902,25,8.0,
02-03-1902,32.0,22.5,
02-04-1902,34,22.0,
02-05-1902,35.8,22.8,
02-06-1902,35,23.2,
02-07-1902,37.0,29.0,
02-08-1902,39.3,28.0,
02-09-1902,41,34.0,
02-10-1902,41,29.0,
02-11-1902,39.0,32.5,
02-12-1902,37,18.0,
02-13-1902,38.6,30.6,
02-14-1902,40,31.0,
02-15-1902,41,34.0,
02-16-1902,51.0,39.0,
02-17-1902,34.0,41.0,
02-18-1902,43.0,34.0,
02-19-1902,49.6,33.0,
02-20-1902,53,36.5,
02-21-1902,52.0,31.3,
02-22-1902,52,29.3,
02-23-1902,48,27.0,
02-24-1902,48.0,38.8,
02-25-1902,47.0,34.0,
02-26-1902,44,33.2,
02-27-1902,48.0,33.0,
02-28-1902,48.0,33.0,
03-01-1902,42.0,33.0,
03-02-1902,46.0,31.0,
03-03-1902,41.0,31.0,
03-04-1902,44.0,33.0,
03-05-1902,54.0,25.0,
03-06-1902,56.0,36.0,
03-07-1902,51.0,33.0,
03-08-1902,46.0,35.0,
03-09-1902,43.0,33.0,
03-10-1902,45.0,32.0,
03-11-1902,46.0,36.0,
03-12-1902,48.0,32.0,
03-13-1902,49.0,29.0,
03-14-1902,40.0,36.0,
03-15-1902,33.0,20.0,
03-16-1902,35.0,26.0,
03-17-1902,47.0,33.0,
03-18-1902,49.0,33.0,
03-19-1902,43.0,28.0,
03-20-1902,44.0,32.0,
03-21-1902,45.0,31.0,
03-22-1902,43.0,30.0,
03-23-1902,49.0,32.0,
03-24-1902,50.0,28.0,
03-25-1902,49.0,21.0,
03-26-1902,50.0,33.0,
03-27-1902,45.0,38.0,
03-28-1902,46.0,28.0,
03-29-1902,41.0,25.0,
03-30-1902,46.0,26.0,
03-31-1902,60.0,29.0,
04-01-1902,66.0,42.0,
04-02-1902,70.0,38.0,0.15
04-03-1902,62.0,34.0,
04-04-1902,53.0,33.0,0.1
04-05-1902,65.0,34.0,
04-06-1902,65.0,39.0,0.05
04-07-1902,69.0,31.0,
04-08-1902,55.0,30.0,0.11
04-09-1902,43.0,31.0,0.02
04-10-1902,49.0,32.0,
04-11-1902,55.0,36.0,
04-12-1902,58.0,31.0,
04-13-1902,48.0,24.0,
04-14-1902,53.0,26.0,
04-15-1902,59.0,30.0,0.1
04-16-1902,65.0,34.0,
04-17-1902,63.0,41.0,
04-18-1902,63.0,45.0,
04-19-1902,61.0,38.0,0.37
04-20-1902,52.0,33.0,
04-21-1902,55.0,30.0,
04-22-1902,56.0,37.0,0.02
04-23-1902,55.0,33.0,
04-24-1902,58.0,36.0,
04-25-1902,55.0,35.0,
04-26-1902,56.0,35.0,
04-27-1902,54.0,35.0,0.05
04-28-1902,60.0,35.0,
04-29-1902,61.0,33.0,0.05
04-30-1902,52.0,33.0,
05-01-1902,48.0,33.0,0.19
05-02-1902,43.0,36.0,0.1
05-03-1902,50.0,37.0,0.15
05-04-1902,58.0,36.0,
05-05-1902,66.0,39.0,
05-06-1902,71.0,40.0,
05-07-1902,74.0,53.0,
05-08-1902,68.0,47.0,
05-09-1902,73.0,43.0,
05-10-1902,74.0,53.0,
05-11-1902,63.0,46.0,
05-12-1902,73.0,44.0,
05-13-1902,78.0,45.0,
05-14-1902,71.0,56.0,
05-15-1902,68.0,45.0,0.05
05-16-1902,62.0,38.0,
05-17-1902,68.0,45.0,
05-18-1902,58.0,35.0,0.25
05-19-1902,50.0,37.0,0.35
05-20-1902,48.0,40.0,0.35
05-21-1902,49.0,42.0,0.3
05-22-1902,32.0,46.0,0.5
05-23-1902,56.0,46.0,
05-24-1902,59.0,42.0,
05-25-1902,69.0,41.0,
05-26-1902,80.0,46.0,
05-27-1902,85.0,53.0,
05-28-1902,76.0,53.0,
05-29-1902,67.0,45.0,0.1
05-30-1902,63.0,36.0,0.08
05-31-1902,62.0,37.0,
06-01-1902,64.0,36.0,
06-02-1902,58.0,44.0,0.045
06-03-1902,60.0,38.0,
06-04-1902,60.0,36.0,
06-05-1902,61.0,56.0,
06-06-1902,75.0,39.0,
06-07-1902,85.0,52.0,
06-08-1902,85.0,45.0,
06-09-1902,70.0,56.0,
06-10-1902,70.0,36.0,
06-11-1902,60.0,46.0,
06-12-1902,66.0,46.0,
06-13-1902,74.0,44.0,
06-14-1902,68.0,45.0,
06-15-1902,75.0,48.0,
06-16-1902,59.0,43.0,
06-17-1902,60.0,45.0,
06-18-1902,58.0,43.0,
06-19-1902,58.0,32.0,
06-20-1902,79.0,37.0,
06-21-1902,81.0,40.0,
06-22-1902,86.0,52.0,
06-23-1902,87.0,77.0,
06-24-1902,79.0,56.0,
06-25-1902,73.0,44.0,
06-26-1902,67.0,47.0,
06-27-1902,70.0,45.0,
06-28-1902,75.0,38.0,
06-29-1902,75.0,52.0,
06-30-1902,74.0,43.0,
07-01-1902,61.0,43.0,0.04
07-02-1902,51.0,43.0,
07-03-1902,53.0,45.0,
07-04-1902,50.0,46.0,0.21
07-05-1902,51.0,44.0,
07-06-1902,61.0,44.0,
07-07-1902,,,0.34
07-08-1902,70.0,42.0,
07-09-1902,,,
07-10-1902,81.0,56.0,
07-11-1902,81.0,51.0,
07-12-1902,73.0,45.0,
07-13-1902,78.0,52.0,
07-14-1902,84.0,51.0,
07-15-1902,80.0,47.0,
07-16-1902,71.0,47.0,
07-17-1902,82.0,48.0,
07-18-1902,89.0,56.0,
07-19-1902,,,
07-20-1902,93.0,62.0,
07-21-1902,90.0,54.0,
07-22-1902,82.0,58.0,
07-23-1902,85.0,52.0,
07-24-1902,86.0,58.0,
07-25-1902,86.0,49.0,
07-26-1902,90.0,52.0,
07-27-1902,76.0,57.0,
07-28-1902,73.0,57.0,
07-29-1902,73.0,46.0,
07-30-1902,89.0,45.0,
07-31-1902,77.0,62.0,
08-01-1902,78.0,51.0,
08-02-1902,84.0,43.0,
08-03-1902,89.0,53.0,
08-04-1902,84.0,44.0,
08-05-1902,91.0,45.0,
08-06-1902,93.0,51.0,
08-07-1902,92.0,56.0,
08-08-1902,89.0,56.0,
08-09-1902,84.0,47.0,
08-10-1902,88.0,69.0,
08-11-1902,89.0,49.0,
08-12-1902,83.0,55.0,
08-13-1902,87.0,43.0,
08-14-1902,81.0,43.0,
08-15-1902,77.0,54.0,
08-16-1902,67.0,52.0,0.7
08-17-1902,61.0,45.0,
08-18-1902,69.0,49.0,
08-19-1902,78.0,47.0,
08-20-1902,84.0,48.0,
08-21-1902,87.0,52.0,
08-22-1902,87.0,48.0,
08-23-1902,82.0,47.0,
08-24-1902,81.0,57.0,
08-25-1902,86.0,48.0,
08-26-1902,86.0,57.0,
08-27-1902,75.0,57.0,
08-28-1902,68.0,41.0,
08-29-1902,74.0,35.0,
08-30-1902,76.0,34.0,
08-31-1902,75.0,57.0,
09-01-1902,84.0,47.0,
09-02-1902,89.0,50.0,
09-03-1902,88.0,48.0,
09-04-1902,70.0,53.0,
09-05-1902,77.0,44.0,
09-06-1902,85.0,54.0,
09-07-1902,22.0,59.0,
09-08-1902,72.0,52.0,
09-09-1902,83.0,47.0,
09-10-1902,78.0,46.0,
09-11-1902,79.0,47.0,
09-12-1902,86.0,41.0,
09-13-1902,81.0,52.0,
09-14-1902,66.0,56.0,
09-15-1902,64.0,49.0,
09-16-1902,62.0,39.0,0.2
09-17-1902,20.0,32.0,
09-18-1902,68.0,38.0,
09-19-1902,62.0,42.0,
09-20-1902,64.0,42.0,
09-21-1902,74.0,46.0,
09-22-1902,81.0,44.0,
09-23-1902,84.0,50.0,
09-24-1902,70.0,44.0,
09-25-1902,55.0,38.0,
09-26-1902,51.0,42.0,
09-27-1902,54.0,45.0,
09-28-1902,56.0,34.0,0.33
09-29-1902,66.0,34.0,0.7
09-30-1902,60.0,34.0,
10-01-1902,59.0,33.0,
10-02-1902,70.0,35.0,
10-03-1902,75.0,35.0,
10-04-1902,77.0,43.0,
10-05-1902,74.0,44.0,
10-06-1902,82.0,45.0,
10-07-1902,72.0,40.0,
10-08-1902,62.0,48.0,
10-09-1902,54.0,45.0,
10-10-1902,67.0,35.0,
10-11-1902,65.0,36.0,
10-12-1902,77.0,,
10-13-1902,69.0,40.0,
10-14-1902,65.0,45.0,
10-15-1902,65.0,46.0,
10-16-1902,59.0,45.0,33
10-17-1902,63.0,43.0,
10-18-1902,67.0,38.0,
10-19-1902,69.0,42.0,
10-20-1902,71.0,45.0,
10-21-1902,68.0,42.0,
10-22-1902,51.0,42.0,17.0
10-23-1902,50.0,37.0,
10-24-1902,48.0,33.0,
10-25-1902,48.0,33.0,
10-26-1902,58.0,47.0,
10-27-1902,62.0,33.0,
10-28-1902,60.0,47.0,
10-29-1902,58.0,32.0,
10-30-1902,61.0,40.0,
10-31-1902,56.0,38.0,0.2
11-01-1902,49.0,32.0,
11-02-1902,,,
11-03-1902,,,
11-04-1902,39.0,29.0,
11-05-1902,45.0,26,
11-06-1902,40.0,29,
11-07-1902,45.0,37,
11-08-1902,47.0,,
11-09-1902,50.0,35.0,
11-10-1902,51.0,45,
11-11-1902,56.0,,
11-12-1902,44.0,31,
11-13-1902,43.0,34,
11-14-1902,41.0,33,
11-15-1902,46.0,33,
11-16-1902,43.0,37.0,
11-17-1902,43.0,35,
11-18-1902,38.0,30.0,
11-19-1902,23.0,12,
11-20-1902,33.0,22.0,
11-21-1902,,,
11-22-1902,30.0,15,
11-23-1902,31.0,26,
11-24-1902,36.0,26,
11-25-1902,36.0,22.0,
11-26-1902,36.0,22.0,
11-27-1902,,,
11-28-1902,33.0,25,
11-29-1902,33.0,26,
11-30-1902,42.0,30,
12-01-1902,42.0,32.0,
12-02-1902,35.0,28.0,
12-03-1902,35.0,26.0,
12-04-1902,39.0,26.0,
12-05-1902,37.0,27.0,
12-06-1902,33.0,23.0,
12-07-1902,34.0,27.0,
12-08-1902,45.0,32.0,
12-09-1902,46.0,36.0,
12-10-1902,37.0,29.0,
12-11-1902,34.0,25.0,
12-12-1902,34.0,27.0,
12-13-1902,38.0,20.0,
12-14-1902,34.0,14.0,
12-15-1902,31.0,,
12-16-1902,,15.0,
12-17-1902,24.0,16.0,
12-18-1902,22.0,15.0,
12-19-1902,29.0,13.0,
12-20-1902,35.0,22.0,
12-21-1902,39.0,22.0,
12-22-1902,40.0,34.0,
12-23-1902,40.0,20.0,
12-24-1902,39.0,26.0,
12-25-1902,47.0,39.0,
12-26-1902,48.0,36.0,
12-27-1902,39.0,27.0,
12-28-1902,33.0,24.0,
12-29-1902,32.0,25.0,
12-30-1902,37.0,29.0,
12-31-1902,35.0,30.0,
01-01-1903,37.0,32.0,
01-02-1903,37.0,32.0,100
01-03-1903,47.0,37.0,45
01-04-1903,47.0,33.0,
01-05-1903,46.0,37.0,
01-06-1903,49.0,34.0,
01-07-1903,36.0,29.0,
01-08-1903,34.0,24.0,
01-09-1903,31.0,28.0,15
01-10-1903,33.0,28.0,
01-11-1903,32.0,27.0,
01-12-1903,29.0,26.0,
01-13-1903,30.0,26.0,
01-14-1903,28.0,22.0,
01-15-1903,29.0,20.0,
01-16-1903,25.0,22.0,
01-17-1903,27.0,22.0,
01-18-1903,35.0,26.0,15
01-19-1903,37.0,32.0,
01-20-1903,35.0,28.0,20
01-21-1903,48.0,34.0,20
01-22-1903,40.0,33.0,20
01-23-1903,42.0,31.0,.07
01-24-1903,49.0,33.0,.95
01-25-1903,46.0,28.0,19
01-26-1903,33.0,23.0,
01-27-1903,33.0,20.0,2.0
01-28-1903,29.0,14.0,
01-29-1903,30.0,19.0,a
01-30-1903,34.0,27.0,9'
01-31-1903,32.0,21.0,
02-01-1903,30.0,15.0,
02-02-1903,25,19.0,
02-03-1903,25.0,9.0,
02-04-1903,27,9.0,
02-05-1903,29.0,17.0,
02-06-1903,23,6.0,
02-07-1903,37.0,20.0,
02-08-1903,37.0,28.0,
02-09-1903,43,29.0,
02-10-1903,41,29.0,
02-11-1903,31.0,15.0,
02-12-1903,29,10.0,
02-13-1903,25.0,11.0,
02-14-1903,28,11.0,
02-15-1903,34,16.0,
02-16-1903,41.0,21.0,
02-17-1903,40.0,24.0,
02-18-1903,42.0,24.0,
02-19-1903,42.0,23.0,
02-20-1903,49,32.0,
02-21-1903,45.0,31.0,
02-22-1903,47,33.0,
02-23-1903,47,33.0,
02-24-1903,42.0,35.0,
02-25-1903,44.0,33.0,
02-26-1903,44,27.0,
02-27-1903,45.0,33.0,
02-28-1903,43.0,24.0,
03-01-1903,44.0,24.0,
03-02-1903,44.0,28.0,
03-03-1903,39.0,25.0,
03-04-1903,34.0,21.0,
03-05-1903,32.0,22.0,
03-06-1903,37.0,23.0,
03-07-1903,40.0,,
03-08-1903,40.0,25.0,
03-09-1903,39.0,27.0,
03-10-1903,48.0,33.0,
03-11-1903,50.0,33.0,
03-12-1903,40.0,24.0,
03-13-1903,34.0,26.0,
03-14-1903,34.0,28.0,
03-15-1903,39.0,21.0,
03-16-1903,39.0,29.0,
03-17-1903,40.0,33.0,
03-18-1903,40.0,27.0,
03-19-1903,48.0,24.0,
03-20-1903,50.0,24.0,
03-21-1903,56.0,28.0,
03-22-1903,61.0,30.0,
03-23-1903,66.0,30.0,
03-24-1903,66.0,35.0,
03-25-1903,60.0,39.0,
03-26-1903,54.0,39.0,
03-27-1903,59.0,39.0,
03-28-1903,55.0,44.0,
03-29-1903,61.0,32.0,
03-30-1903,54.0,41.0,
03-31-1903,48.0,38.0,
04-01-1903,43.0,30.0,
04-02-1903,47.0,32.0,
04-03-1903,50.0,32.0,
04-04-1903,47.0,27.0,
04-05-1903,44.0,24.0,
04-06-1903,45.0,31.0,3.5
04-07-1903,51.0,40.0,0.18
04-08-1903,50.0,36.0,
04-09-1903,38.0,30.0,0.43
04-10-1903,40.0,28.0,0.05
04-11-1903,49.0,26.0,
04-12-1903,48.0,27.0,
04-13-1903,59.0,33.0,
04-14-1903,53.0,37.0,
04-15-1903,57.0,31.0,
04-16-1903,62.0,30.0,
04-17-1903,61.0,50.0,
04-18-1903,51.0,36.0,
04-19-1903,56.0,,
04-20-1903,68.0,37.0,0.08
04-21-1903,67.0,42.0,
04-22-1903,64.0,40.0,
04-23-1903,60.0,32.0,
04-24-1903,69.0,34.0,
04-25-1903,78.0,46.0,
04-26-1903,63.0,39.0,
04-27-1903,56.0,34.0,
04-28-1903,55.0,43.0,
04-29-1903,59.0,32.0,
04-30-1903,54.0,41.0,
05-01-1903,53.0,34.0,
05-02-1903,64.0,35.0,
05-03-1903,68.0,35.0,
05-04-1903,69.0,43.0,
05-05-1903,75.0,55.0,
05-06-1903,71.0,50.0,
05-07-1903,50.0,34.0,
05-08-1903,51.0,34.0,
05-09-1903,60.0,40.0,0.4
05-10-1903,60.0,44.0,0.19
05-11-1903,,,
05-12-1903,81.0,50.0,
05-13-1903,75.0,54.0,
05-14-1903,66.0,56.0,
05-15-1903,56.0,51.0,0.32
05-16-1903,52.0,39.0,0.02
05-17-1903,30.0,,
05-18-1903,49.0,32.0,1.4
05-19-1903,50.0,34.0,
05-20-1903,49.0,37.0,
05-21-1903,58.0,31.0,
05-22-1903,60.0,31.0,
05-23-1903,64.0,39.0,
05-24-1903,68.0,39.0,
05-25-1903,79.0,38.0,
05-26-1903,,,0.2
05-27-1903,52.0,40.0,
05-28-1903,63.0,44.0,
05-29-1903,74.0,50.0,
05-30-1903,85.0,55.0,
05-31-1903,,,
06-01-1903,91.0,58.0,
06-02-1903,72.0,50.0,
06-03-1903,70.0,44.0,
06-04-1903,69.0,57.0,
06-05-1903,82.0,42.0,
06-06-1903,82.0,,
06-07-1903,87.0,49.0,
06-08-1903,89.0,54.0,
06-09-1903,,,
06-10-1903,89.0,53.0,
06-11-1903,91.0,58.0,
06-12-1903,75.0,55.0,0.38
06-13-1903,25.0,45.0,0.01
06-14-1903,86.0,50.0,
06-15-1903,88.0,65.0,
06-16-1903,72.0,55.0,0.13
06-17-1903,72.0,57.0,
06-18-1903,75.0,45.0,
06-19-1903,79.0,52.0,
06-20-1903,79.0,59.0,0.01
06-21-1903,81.0,55.0,
06-22-1903,74.0,57.0,0.5
06-23-1903,67.0,47.0,
06-24-1903,22.0,57.0,
06-25-1903,75.0,57.0,20.0
06-26-1903,75.0,59.0,0.01
06-27-1903,72.0,57.0,0.02
06-28-1903,70.0,54.0,0.2
06-29-1903,67.0,51.0,
06-30-1903,67.0,57.0,
07-01-1903,66.0,44.0,0.12
07-02-1903,64.0,45.0,
07-03-1903,71.0,46.0,
07-04-1903,66.0,49.0,0.1
07-05-1903,69.0,,0.4
07-06-1903,69.0,36.0,
07-07-1903,67.0,47.0,
07-08-1903,76.0,46.0,
07-09-1903,74.0,50.0,0.05
07-10-1903,84.0,51.0,
07-11-1903,89.0,54.0,
07-12-1903,86.0,,
07-13-1903,,,
07-14-1903,72.0,40.0,
07-15-1903,80.0,40.0,
07-16-1903,83.0,45.0,
07-17-1903,84.0,49.0,
07-18-1903,87.0,59.0,
07-19-1903,88.0,59.0,0.05
07-20-1903,93.0,54.0,
07-21-1903,93.0,53.0,
07-22-1903,99.0,59.0,
07-23-1903,94.0,49.0,
07-24-1903,,,
07-25-1903,79.0,43.0,
07-26-1903,79.0,52.0,
07-27-1903,78.0,41.0,
07-28-1903,84.0,45.0,
07-29-1903,82.0,51.0,
07-30-1903,70.0,57.0,
07-31-1903,76.0,51.0,
08-01-1903,,,
08-02-1903,69.0,59.0,
08-03-1903,71.0,44.0,
08-04-1903,,,
08-05-1903,88.0,,
08-06-1903,85.0,51.0,0.12
08-07-1903,88.0,48.0,
08-08-1903,89.0,47.0,
08-09-1903,89.0,,
08-10-1903,,,
08-11-1903,83.0,56.0,
08-12-1903,87.0,45.0,
08-13-1903,84.0,59.0,
08-14-1903,29.0,49.0,
08-15-1903,82.0,52.0,
08-16-1903,86.0,53.0,
08-17-1903,93.0,58.0,
08-18-1903,101.0,56.0,
08-19-1903,84.0,,
08-20-1903,81.0,,
08-21-1903,78.0,67.0,
08-22-1903,73.0,45.0,0.02
08-23-1903,69.0,40.0,0.14
08-24-1903,76.0,51.0,0.06
08-25-1903,53.0,,0.19
08-26-1903,56.0,45.0,0.63
08-27-1903,,49.0,
08-28-1903,,,
08-29-1903,,,
08-30-1903,76.0,44.0,
08-31-1903,74.0,50.0,
09-01-1903,77.0,45.0,
09-02-1903,74.0,50.0,
09-03-1903,79.0,41.0,
09-04-1903,88.0,48.0,
09-05-1903,,,
09-06-1903,59.0,45.0,0.2
09-07-1903,61.0,47.0,
09-08-1903,79.0,44.0,
09-09-1903,79.0,40.0,
09-10-1903,58.0,34.0,1.18
09-11-1903,55.0,38.0,0.04
09-12-1903,49.0,45.0,0.33
09-13-1903,58.0,45.0,
09-14-1903,54.0,37.0,0.18
09-15-1903,63.0,36.0,
09-16-1903,69.0,42.0,
09-17-1903,73.0,42.0,
09-18-1903,69.0,45.0,
09-19-1903,60.0,52.0,
09-20-1903,71.0,52.0,
09-21-1903,,,troc
09-22-1903,77.0,44.0,
09-23-1903,73.0,51.0,
09-24-1903,69.0,57.0,
09-25-1903,62.0,43.0,
09-26-1903,59.0,37.0,
09-27-1903,79.0,59.0,
09-28-1903,71.0,48.0,
09-29-1903,60.0,37.0,
09-30-1903,62.0,30.0,
10-01-1903,,,
10-02-1903,,,
10-03-1903,57.0,42.0,
10-04-1903,51.0,47.0,8th
10-05-1903,54.0,42.0,14.0
10-06-1903,58.0,40.0,trace
10-07-1903,,,
10-08-1903,,,
10-09-1903,,,QG
10-10-1903,,,
10-11-1903,55.0,44.0,
10-12-1903,65.0,45.0,
10-13-1903,65.0,47.0,
10-14-1903,60.0,,
10-15-1903,,44.0,
10-16-1903,69.0,,
10-17-1903,73.0,43.0,
10-18-1903,,,
10-19-1903,,,
10-20-1903,73.0,43.0,
10-21-1903,63.0,38.0,
10-22-1903,65.0,50.0,
10-23-1903,73.0,,
10-24-1903,71.0,41.0,
10-25-1903,63.0,41.0,
10-26-1903,67.0,42.0,
10-27-1903,62.0,40.0,
10-28-1903,56.0,48.0,",07"
10-29-1903,54.0,38.0,
10-30-1903,53.0,33.0,
10-31-1903,61.0,38.0,
11-01-1903,67.0,,
11-02-1903,64.0,,
11-03-1903,64.0,,
11-04-1903,59.0,,
11-05-1903,49.0,,
11-06-1903,53.0,,
11-07-1903,46.0,,
11-08-1903,38.0,,
11-09-1903,36.0,,
11-10-1903,32.0,,
11-11-1903,43.0,,
11-12-1903,36.0,,
11-13-1903,38.0,,
11-14-1903,38.0,,
11-15-1903,38.0,,
11-16-1903,32.0,,
11-17-1903,32.0,,
11-18-1903,30.0,,
11-19-1903,40.0,,
11-20-1903,44.0,,
11-21-1903,47.0,,
11-22-1903,42.0,,
11-23-1903,,,
11-24-1903,42.0,,
11-25-1903,,,
11-26-1903,48.0,,
11-27-1903,49.0,,
11-28-1903,49.0,,
11-29-1903,45.0,,
11-30-1903,52.0,,
12-01-1903,54.0,46.0,
12-02-1903,48.0,30.0,
12-03-1903,36.0,24.0,
12-04-1903,36.0,26.0,
12-05-1903,40.0,26.0,
12-06-1903,49.0,26.0,
12-07-1903,35.0,22.0,
12-08-1903,29.0,21.0,
12-09-1903,29.0,23.0,
12-10-1903,29.0,21.0,
12-11-1903,26.0,19.0,
12-12-1903,32.0,23.0,
12-13-1903,,,
12-14-1903,39.0,36.0,
12-15-1903,39.0,33.0,
12-16-1903,42.0,37.0,
12-17-1903,42.0,31.0,
12-18-1903,36.0,21.0,
12-19-1903,35.0,26.0,
12-20-1903,43.0,38.0,
12-21-1903,40.0,35.0,
12-22-1903,,,
12-23-1903,37.0,37.0,
12-24-1903,38.0,30.0,
12-25-1903,39.0,30.0,
12-26-1903,35.0,32.0,
12-27-1903,38.0,29.0,
12-28-1903,34.0,21.0,
12-29-1903,39.0,25.0,
12-30-1903,41.0,30.0,
12-31-1903,33.0,23.0,
01-01-1904,28.0,22.0,
01-02-1904,30.0,24.0,3.2
01-03-1904,32.0,22.0,3.
01-04-1904,28.0,24.0,
01-05-1904,33.0,24.0,
01-06-1904,37.0,25.0,125.0
01-07-1904,36.0,29.0,25
01-08-1904,40.0,29.0,
01-09-1904,39.0,24.0,
01-10-1904,38.0,27.0,5.
01-11-1904,38.0,31.0,
01-12-1904,47.0,31.0,I'
01-13-1904,40.0,37.0,3.
01-14-1904,,,
01-15-1904,39.0,30.0,
01-16-1904,45.0,33.0,
01-17-1904,54.0,33.0,trao
01-18-1904,37.0,27.0,5
01-19-1904,32.0,22.0,
01-20-1904,25.0,13.0,7.
01-21-1904,35.0,22.0,4.
01-22-1904,33.0,26.0,
01-23-1904,38.0,26.0,a
01-24-1904,,,
01-25-1904,32.0,18.0,
01-26-1904,36.0,23.0,15.0
01-27-1904,38.0,23.0,
01-28-1904,36.0,25.0,
01-29-1904,37.0,25.0,
01-30-1904,35.0,25.0,
01-31-1904,45.0,26.0,22.0
02-01-1904,41.0,31.0,
02-02-1904,38,23.0,
02-03-1904,37.0,27.0,
02-04-1904,50,34.0,
02-05-1904,36.0,24.0,
02-06-1904,33,29.0,
02-07-1904,36.0,28.0,
02-08-1904,31.0,25.0,
02-09-1904,26,17.0,
02-10-1904,29,17.0,
02-11-1904,36.0,28.0,
02-12-1904,41,31.0,
02-13-1904,36.0,29.0,
02-14-1904,31,22.0,
02-15-1904,39,29.0,
02-16-1904,35.0,26.0,
02-17-1904,38.0,27.0,
02-18-1904,36.0,25.0,
02-19-1904,40.0,31.0,
02-20-1904,35,25.0,
02-21-1904,,,
02-22-1904,44,37.0,
02-23-1904,40,32.0,
02-24-1904,37.0,32.0,
02-25-1904,39.0,26.0,
02-26-1904,41,36.0,
02-27-1904,40.0,32.0,
02-28-1904,40.0,29.0,
02-29-1904,33.0,27.0,
03-01-1904,35.0,28.0,
03-02-1904,31.0,12.0,
03-03-1904,,13.0,
03-04-1904,,,
03-05-1904,40.0,33.0,
03-06-1904,48.0,36.0,
03-07-1904,56.0,37.0,
03-08-1904,58.0,36.0,
03-09-1904,42.0,28.0,
03-10-1904,45.0,29.0,
03-11-1904,,,
03-12-1904,44.0,28.0,
03-13-1904,40.0,32.0,
03-14-1904,47.0,32.0,
03-15-1904,47.0,29.0,
03-16-1904,45.0,26.0,
03-17-1904,52.0,26.0,
03-18-1904,44.0,26.0,
03-19-1904,46.0,32.0,
03-20-1904,45.0,33.0,
03-21-1904,39.0,29.0,
03-22-1904,38.0,27.0,
03-23-1904,31.0,27.0,
03-24-1904,36.0,24.0,
03-25-1904,35.0,19.0,
03-26-1904,40.0,18.0,
03-27-1904,38.0,22.0,
03-28-1904,46.0,33.0,
03-29-1904,44.0,31.0,
03-30-1904,42.0,31.0,
03-31-1904,48.0,29.0,
04-01-1904,55.0,34.0,
04-02-1904,62.0,32.0,
04-03-1904,51.0,38.0,
04-04-1904,48.0,32.0,
04-05-1904,54.0,43.0,0.13
04-06-1904,45.0,30.0,
04-07-1904,52.0,37.0,
04-08-1904,61.0,34.0,
04-09-1904,71.0,40.0,
04-10-1904,70.0,42.0,
04-11-1904,76.0,41.0,
04-12-1904,82.0,41.0,
04-13-1904,81.0,47.0,
04-14-1904,75.0,47.0,
04-15-1904,57.0,42.0,0.51
04-16-1904,64.0,34.0,
04-17-1904,64.0,41.0,
04-18-1904,58.0,44.0,0.05
04-19-1904,,,
04-20-1904,52.0,42.0,
04-21-1904,48.0,38.0,0.19
04-22-1904,46.0,34.0,0.09
04-23-1904,58.0,30.0,
04-24-1904,,,
04-25-1904,70.0,42.0,
04-26-1904,79.0,50.0,
04-27-1904,69.0,48.0,0.15
04-28-1904,59.0,40.0,0.08
04-29-1904,48.0,39.0,0.14
04-30-1904,58.0,28.0,
05-01-1904,56.0,43.0,
05-02-1904,60.0,44.0,0.02
05-03-1904,69.0,37.0,
05-04-1904,58.0,32.0,
05-05-1904,53.0,35.0,
05-06-1904,54.0,41.0,0.1
05-07-1904,53.0,36.0,0.09
05-08-1904,61.0,34.0,
05-09-1904,68.0,37.0,
05-10-1904,79.0,42.0,
05-11-1904,63.0,37.0,
05-12-1904,68.0,37.0,
05-13-1904,69.0,47.0,0.02
05-14-1904,64.0,42.0,
05-15-1904,60.0,40.0,
05-16-1904,72.0,34.0,
05-17-1904,69.0,39.0,0.04
05-18-1904,59.0,44.0,0.35
05-19-1904,62.0,43.0,
05-20-1904,74.0,43.0,
05-21-1904,76.0,42.0,
05-22-1904,73.0,51.0,
05-23-1904,69.0,52.0,
05-24-1904,56.0,37.0,0.09
05-25-1904,63.0,35.0,
05-26-1904,74.0,32.0,
05-27-1904,75.0,37.0,
05-28-1904,73.0,44.0,
05-29-1904,74.0,30.0,
05-30-1904,72.0,58.0,
05-31-1904,68.0,50.0,
06-01-1904,60.0,41.0,0.53
06-02-1904,58.0,48.0,1.35
06-03-1904,64.0,45.0,0.08
06-04-1904,75.0,47.0,
06-05-1904,80.0,57.0,
06-06-1904,71.0,46.0,0.67
06-07-1904,59.0,40.0,
06-08-1904,69.0,40.0,
06-09-1904,66.0,61.0,
06-10-1904,64.0,39.0,0.1
06-11-1904,65.0,31.0,
06-12-1904,74.0,40.0,
06-13-1904,78.0,49.0,
06-14-1904,83.0,50.0,
06-15-1904,82.0,47.0,
06-16-1904,80.0,56.0,
06-17-1904,87.0,,
06-18-1904,67.0,50.0,
06-19-1904,71.0,42.0,
06-20-1904,77.0,43.0,
06-21-1904,76.0,52.0,
06-22-1904,68.0,43.0,
06-23-1904,61.0,44.0,
06-24-1904,69.0,37.0,
06-25-1904,79.0,42.0,
06-26-1904,,,
06-27-1904,82.0,47.0,
06-28-1904,86.0,49.0,
06-29-1904,93.0,56.0,
06-30-1904,88.0,54.0,
07-01-1904,,,
07-02-1904,,,0.7
07-03-1904,84.0,,
07-04-1904,78.0,54.0,
07-05-1904,88.0,57.0,
07-06-1904,89.0,,
07-07-1904,81.0,61.0,
07-08-1904,80.0,60.0,
07-09-1904,98.0,60.0,
07-10-1904,91.0,56.0,
07-11-1904,,,
07-12-1904,,,
07-13-1904,81.0,44.0,
07-14-1904,,,0.01
07-15-1904,61.0,46.0,0.41
07-16-1904,66.0,44.0,0.1
07-17-1904,65.0,49.0,
07-18-1904,78.0,46.0,
07-19-1904,82.0,45.0,
07-20-1904,90.0,45.0,
07-21-1904,97.0,54.0,
07-22-1904,90.0,57.0,
07-23-1904,82.0,56.0,
07-24-1904,85.0,52.0,
07-25-1904,90.0,49.0,
07-26-1904,94.0,55.0,
07-27-1904,93.0,64.0,
07-28-1904,73.0,52.0,
07-29-1904,70.0,48.0,
07-30-1904,80.0,45.0,
07-31-1904,87.0,44.0,
08-01-1904,91.0,50.0,
08-02-1904,90.0,54.0,
08-03-1904,93.0,47.0,
08-04-1904,92.0,58.0,
08-05-1904,101.0,,
08-06-1904,99.0,,
08-07-1904,88.0,65.0,
08-08-1904,95.0,60.0,
08-09-1904,92.0,52.0,
08-10-1904,88.0,,
08-11-1904,,47.0,
08-12-1904,94.0,,
08-13-1904,97.0,70.0,
08-14-1904,22.0,,
08-15-1904,90.0,58.0,
08-16-1904,,,
08-17-1904,,,
08-18-1904,92.0,51.0,
08-19-1904,79.0,,
08-20-1904,74.0,46.0,
08-21-1904,79.0,,
08-22-1904,83.0,43.0,
08-23-1904,76.0,,
08-24-1904,81.0,,
08-25-1904,88.0,41.0,
08-26-1904,93.0,61.0,
08-27-1904,93.0,59.0,0.25
08-28-1904,98.0,,
08-29-1904,68.0,48.0,
08-30-1904,70.0,45.0,
08-31-1904,75.0,,
09-01-1904,79.0,40.0,
09-02-1904,83.0,40.0,
09-03-1904,87.0,50.0,
09-04-1904,89.0,,
09-05-1904,90.0,50.0,
09-06-1904,89.0,54.0,
09-07-1904,85.0,49.0,
09-08-1904,81.0,53.0,
09-09-1904,76.0,54.0,
09-10-1904,70.0,35.0,
09-11-1904,74.0,39.0,
09-12-1904,71.0,38.0,
09-13-1904,79.0,36.0,
09-14-1904,78.0,42.0,
09-15-1904,82.0,42.0,
09-16-1904,82.0,42.0,
09-17-1904,25.0,52.0,
09-18-1904,70.0,40.0,
09-19-1904,24.0,50.0,
09-20-1904,75.0,35.0,
09-21-1904,72.0,38.0,.10
09-22-1904,69.0,49.0,0.1
09-23-1904,74.0,48.0,
09-24-1904,65.0,,
09-25-1904,,,
09-26-1904,,,
09-27-1904,74.0,43.0,
09-28-1904,,,
09-29-1904,77.0,49.0,
09-30-1904,69.0,46.0,
10-01-1904,79.0,43.0,
10-02-1904,65.0,50.0,
10-03-1904,,,
10-04-1904,,,
10-05-1904,72.0,46.0,
10-06-1904,,,49
10-07-1904,58.0,,
10-08-1904,57.0,45.0,30.0
10-09-1904,65.0,42.0,
10-10-1904,67.0,47.0,
10-11-1904,60.0,51.0,
10-12-1904,59.0,42.0,
10-13-1904,,,
10-14-1904,70.0,50.0,
10-15-1904,58.0,45.0,188
10-16-1904,,,
10-17-1904,52.0,34.0,
10-18-1904,46.0,37.0,25.0
10-19-1904,55.0,40.0,
10-20-1904,65.0,40.0,
10-21-1904,68.0,42.0,
10-22-1904,69.0,40.0,
10-23-1904,65.0,35.0,
10-24-1904,,,
10-25-1904,68.0,40.0,
10-26-1904,71.0,40.0,
10-27-1904,,,
10-28-1904,70.0,35.0,
10-29-1904,69.0,42.0,
10-30-1904,,,
10-31-1904,59.0,37.0,14.0
11-01-1904,59.0,45.0,
11-02-1904,55.0,44.0,
11-03-1904,59.0,36,
11-04-1904,59.0,,
11-05-1904,57.0,32,
11-06-1904,69.0,43,
11-07-1904,,,
11-08-1904,53.0,36,
11-09-1904,,,
11-10-1904,63.0,40,
11-11-1904,,x,
11-12-1904,,,
11-13-1904,,,
11-14-1904,,x,
11-15-1904,,X,
11-16-1904,71.0,33.0,
11-17-1904,54.0,49,
11-18-1904,45.0,35.0,
11-19-1904,,,
11-20-1904,53.0,26.0,
11-21-1904,54.0,4.4,
11-22-1904,51.0,42,
11-23-1904,44.0,38,
11-24-1904,46.0,36,
11-25-1904,45.0,36.0,
11-26-1904,53.0,42.0,
11-27-1904,55.0,,
11-28-1904,45.0,39,
11-29-1904,47.0,35,
11-30-1904,47.0,37,
12-01-1904,43.0,35.0,
12-02-1904,47.0,29.0,
12-03-1904,39.0,23.0,
12-04-1904,39.0,26.0,
12-05-1904,41.0,29.0,
12-06-1904,42.0,13.0,
12-07-1904,35.0,23.0,
12-08-1904,34.0,25.0,
12-09-1904,40.0,28.0,
12-10-1904,42.0,33.0,
12-11-1904,37.0,31.0,
12-12-1904,42.0,32.0,
12-13-1904,38.0,32.0,
12-14-1904,39.0,32.0,
12-15-1904,48.0,35.0,
12-16-1904,38.0,29.0,
12-17-1904,48.0,36.0,
12-18-1904,43.0,35.0,
12-19-1904,46.0,38.0,
12-20-1904,44.0,38.0,
12-21-1904,44.0,34.0,
12-22-1904,36.0,26.0,
12-23-1904,36.0,25.0,
12-24-1904,35.0,27.0,
12-25-1904,32.0,22.0,
12-26-1904,26.0,16.0,
12-27-1904,26.0,19.0,
12-28-1904,32.0,21.0,
12-29-1904,40.0,30.0,
12-30-1904,43.0,36.0,
12-31-1904,46.0,33.0,
01-01-1905,36.0,26.0,
01-02-1905,40.0,,
01-03-1905,49.0,25.0,
01-04-1905,,25.0,
01-05-1905,40.0,25.0,
01-06-1905,,25.0,
01-07-1905,35.0,26.0,
01-08-1905,,26.0,
01-09-1905,35.0,25.0,
01-10-1905,33.0,23.0,
01-11-1905,30.0,10.0,
01-12-1905,44.0,10.0,
01-13-1905,31.0,18.0,
01-14-1905,36.0,26.0,
01-15-1905,39.0,28.0,
01-16-1905,40.0,28.0,
01-17-1905,,,
01-18-1905,42.0,29.0,
01-19-1905,38.0,32.0,
01-20-1905,28.0,26.0,
01-21-1905,36.0,28.0,
01-22-1905,37.0,30.0,
01-23-1905,44.0,33.0,
01-24-1905,49.0,36.0,
01-25-1905,45.0,35.0,
01-26-1905,48.0,35.0,
01-27-1905,,,
01-28-1905,46.0,34.0,
01-29-1905,37.0,26.0,
01-30-1905,35.0,25.0,
01-31-1905,32.0,22.0,
02-01-1905,29.0,14.0,
02-02-1905,29,19.0,
02-03-1905,28.0,18.0,
02-04-1905,36,26.0,
02-05-1905,40.0,25.0,
02-06-1905,34,26.0,
02-07-1905,45.0,23.0,
02-08-1905,35.0,25.0,
02-09-1905,35,22.0,
02-10-1905,30,10.0,
02-11-1905,11.0,-9.0,
02-12-1905,11,-5.0,
02-13-1905,27.0,7.0,
02-14-1905,33,12.0,
02-15-1905,37,23.0,
02-16-1905,38.0,14.0,
02-17-1905,38.0,21.0,
02-18-1905,42.0,31.0,
02-19-1905,47.0,35.0,
02-20-1905,49,36.0,
02-21-1905,56.0,40.0,
02-22-1905,56,35.0,
02-23-1905,29,39.0,
02-24-1905,,33.0,
02-25-1905,58.0,36.0,
02-26-1905,57,31.0,
02-27-1905,62.0,37.0,
02-28-1905,,33.0,
03-01-1905,,,
03-02-1905,,33.0,
03-03-1905,,46.0,
03-04-1905,,34.0,
03-05-1905,,37.0,
03-06-1905,,37.0,
03-07-1905,,29.0,
03-08-1905,,35.0,
03-09-1905,,35.0,
03-10-1905,,35.0,
03-11-1905,,31.0,
03-12-1905,,30.0,
03-13-1905,,33.0,
03-14-1905,,33.0,
03-15-1905,,46.0,
03-16-1905,,40.0,
03-17-1905,,33.0,
03-18-1905,,36.0,
03-19-1905,,34.0,
03-20-1905,,36.0,
03-21-1905,,34.0,
03-22-1905,,30.0,
03-23-1905,,32.0,
03-24-1905,,33.0,
03-25-1905,,,
03-26-1905,,34.0,
03-27-1905,,31.0,
03-28-1905,,31.0,
03-29-1905,,30.0,
03-30-1905,,28.0,
03-31-1905,,28.0,
04-01-1905,52.0,35.0,
04-02-1905,50.0,34.0,
04-03-1905,,,
04-04-1905,70.0,28.0,
04-05-1905,70.0,40.0,
04-06-1905,44.0,38.0,
04-07-1905,57.0,43.0,
04-08-1905,54.0,37.0,
04-09-1905,51.0,37.0,
04-10-1905,56.0,27.0,
04-11-1905,63.0,30.0,
04-12-1905,65.0,37.0,
04-13-1905,,40.0,
04-14-1905,59.0,34.0,
04-15-1905,59.0,39.0,
04-16-1905,54.0,41.0,0.86
04-17-1905,60.0,37.0,
04-18-1905,58.0,45.0,
04-19-1905,50.0,42.0,0.09
04-20-1905,58.0,42.0,0.11
04-21-1905,65.0,41.0,
04-22-1905,69.0,42.0,
04-23-1905,74.0,44.0,
04-24-1905,80.0,50.0,
04-25-1905,69.0,48.0,
04-26-1905,68.0,33.0,
04-27-1905,52.0,38.0,0.01
04-28-1905,55.0,31.0,
04-29-1905,56.0,36.0,
04-30-1905,,,0.14
05-01-1905,49.0,32.0,
05-02-1905,46.0,,0.05
05-03-1905,57.0,39.0,0.03
05-04-1905,67.0,39.0,0.03
05-05-1905,,45.0,
05-06-1905,71.0,,
05-07-1905,78.0,50.0,
05-08-1905,70.0,43.0,0.02
05-09-1905,49.0,35.0,0.03
05-10-1905,43.0,36.0,0.25
05-11-1905,57.0,37.0,
05-12-1905,60.0,42.0,
05-13-1905,55.0,51.0,
05-14-1905,60.0,46.0,
05-15-1905,68.0,32.0,
05-16-1905,84.0,37.0,
05-17-1905,54.0,40.0,0.01
05-18-1905,65.0,31.0,
05-19-1905,75.0,37.0,
05-20-1905,67.0,40.0,0.05
05-21-1905,52.0,32.0,0.15
05-22-1905,57.0,35.0,0.05
05-23-1905,48.0,38.0,0.4
05-24-1905,,,0.06
05-25-1905,73.0,36.0,
05-26-1905,77.0,50.0,
05-27-1905,47.0,49.0,0.02
05-28-1905,73.0,49.0,0.03
05-29-1905,,,
05-30-1905,78.0,49.0,0.25
05-31-1905,79.0,50.0,0.1
06-01-1905,,,
06-02-1905,69.0,48.0,
06-03-1905,63.0,49.0,0.77
06-04-1905,,,
06-05-1905,,,
06-06-1905,,,
06-07-1905,,,
06-08-1905,,,
06-09-1905,,,
06-10-1905,,,0.66
06-11-1905,,,
06-12-1905,78.0,41.0,
06-13-1905,,,
06-14-1905,,,
06-15-1905,,,
06-16-1905,,,
06-17-1905,,,
06-18-1905,,,
06-19-1905,,,
06-20-1905,80.0,68.0,
06-21-1905,,,
06-22-1905,68.0,50.0,0.24
06-23-1905,63.0,47.0,0.97
06-24-1905,68.0,46.0,0.06
06-25-1905,64.0,48.0,0.1
06-26-1905,67.0,46.0,0.42
06-27-1905,62.0,45.0,0.24
06-28-1905,62.0,48.0,
06-29-1905,73.0,59.0,
06-30-1905,78.0,47.0,
07-01-1905,,,
07-02-1905,,,
07-03-1905,,,
07-04-1905,,,
07-05-1905,83.0,46.0,
07-06-1905,83.0,46.0,
07-07-1905,82.0,55.0,
07-08-1905,90.0,48.0,
07-09-1905,94.0,53.0,
07-10-1905,91.0,59.0,
07-11-1905,81.0,51.0,
07-12-1905,81.0,42.0,
07-13-1905,70.0,42.0,
07-14-1905,82.0,44.0,
07-15-1905,86.0,44.0,
07-16-1905,71.0,52.0,
07-17-1905,72.0,49.0,
07-18-1905,89.0,48.0,
07-19-1905,95.0,48.0,
07-20-1905,103.0,65.0,
07-21-1905,104.0,65.0,
07-22-1905,104.0,44.0,
07-23-1905,99.0,60.0,
07-24-1905,93.0,58.0,
07-25-1905,91.0,68.0,0.02
07-26-1905,89.0,47.0,
07-27-1905,90.0,55.0,
07-28-1905,86.0,52.0,
07-29-1905,85.0,,
07-30-1905,92.0,65.0,
07-31-1905,92.0,57.0,
08-01-1905,94.0,57.0,
08-02-1905,94.0,,
08-03-1905,90.0,59.0,0.03
08-04-1905,89.0,54.0,
08-05-1905,92.0,49.0,
08-06-1905,100.0,59.0,
08-07-1905,98.0,65.0,
08-08-1905,97.0,58.0,
08-09-1905,90.0,66.0,
08-10-1905,90.0,60.0,
08-11-1905,92.0,51.0,
08-12-1905,90.0,55.0,
08-13-1905,81.0,58.0,
08-14-1905,22.0,54.0,
08-15-1905,69.0,45.0,
08-16-1905,64.0,47.0,0.04
08-17-1905,73.0,47.0,0.11
08-18-1905,80.0,50.0,
08-19-1905,85.0,55.0,
08-20-1905,85.0,54.0,
08-21-1905,86.0,52.0,
08-22-1905,80.0,46.0,
08-23-1905,86.0,40.0,
08-24-1905,87.0,50.0,
08-25-1905,82.0,50.0,
08-26-1905,82.0,68.0,
08-27-1905,89.0,59.0,
08-28-1905,82.0,45.0,
08-29-1905,80.0,36.0,
08-30-1905,70.0,51.0,
08-31-1905,71.0,38.0,
09-01-1905,82.0,29.0,
09-02-1905,87.0,45.0,
09-03-1905,,4.0,
09-04-1905,82.0,3.0,
09-05-1905,79.0,44.0,
09-06-1905,78.0,50.0,
09-07-1905,76.0,47.0,
09-08-1905,84.0,52.0,
09-09-1905,84.0,48.0,
09-10-1905,80.0,52.0,
09-11-1905,86.0,48.0,
09-12-1905,80.0,52.0,0.01
09-13-1905,65.0,50.0,1.22
09-14-1905,65.0,43.0,0.1
09-15-1905,69.0,45.0,
09-16-1905,64.0,42.0,0.01
09-17-1905,9.0,43.0,0.08
09-18-1905,70.0,43.0,
09-19-1905,83.0,48.0,
09-20-1905,70.0,56.0,
09-21-1905,79.0,47.0,
09-22-1905,83.0,55.0,
09-23-1905,92.0,56.0,
09-24-1905,70.0,57.0,0.02
09-25-1905,61.0,45.0,0.05
09-26-1905,56.0,50.0,0.54
09-27-1905,52.0,41.0,0.95
09-28-1905,52.0,41.0,0.23
09-29-1905,58.0,35.0,
09-30-1905,55.0,38.0,0.22
10-01-1905,59.0,35.0,
10-02-1905,58.0,45.0,37
10-03-1905,63.0,52.0,20
10-04-1905,71.0,52.0,22
10-05-1905,63.0,48.0,1.0
10-06-1905,59.0,47.0,19
10-07-1905,51.0,36.0,23.0
10-08-1905,46.0,36.0,10.0
10-09-1905,50.0,33.0,
10-10-1905,54.0,32.0,
10-11-1905,70.0,38.0,
10-12-1905,50.0,41.0,
10-13-1905,51.0,33.0,
10-14-1905,45.0,33.0,
10-15-1905,43.0,36.0,28
10-16-1905,42.0,31.0,
10-17-1905,40.0,32.0,0.64
10-18-1905,34.0,25.0,1.0
10-19-1905,40.0,22.0,
10-20-1905,49.0,27.0,
10-21-1905,50.0,28.0,
10-22-1905,55.0,31.0,
10-23-1905,53.0,34.0,
10-24-1905,59.0,41.0,70
10-25-1905,56.0,43.0,
10-26-1905,50.0,28.0,
10-27-1905,52.0,29.0,
10-28-1905,48.0,28.0,
10-29-1905,51.0,27.0,
10-30-1905,51.0,26.0,
10-31-1905,54.0,27.0,
11-01-1905,51.0,30.0,
11-02-1905,56.0,31.0,
11-03-1905,50.0,"J
42",
11-04-1905,47.0,32.0,
11-05-1905,50.0,26,
11-06-1905,50.0,30,
11-07-1905,60.0,"L
32",
11-08-1905,58.0,"J
34",
11-09-1905,62.0,34.0,
11-10-1905,61.0,35,
11-11-1905,56.0,98,
11-12-1905,58.0,38,
11-13-1905,53.0,38,
11-14-1905,55.0,33,
11-15-1905,59.0,36,
11-16-1905,53.0,35.0,
11-17-1905,50.0,38,
11-18-1905,48.0,35.0,
11-19-1905,45.0,36,
11-20-1905,39.0,30.0,
11-21-1905,43.0,21,
11-22-1905,37.0,25,
11-23-1905,31.0,26,
11-24-1905,39.0,25,
11-25-1905,45.0,28.0,
11-26-1905,46.0,32.0,
11-27-1905,32.0,19,
11-28-1905,23.0,76,
11-29-1905,31.0,22,
11-30-1905,30.0,"20
30",
12-01-1905,35.0,20.0,
12-02-1905,34.0,22.0,
12-03-1905,38.0,32.0,
12-04-1905,38.0,29.0,
12-05-1905,38.0,30.0,
12-06-1905,40.0,35.0,
12-07-1905,29.0,33.0,
12-08-1905,39.0,29.0,
12-09-1905,35.0,27.0,
12-10-1905,35.0,27.0,
12-11-1905,37.0,30.0,
12-12-1905,39.0,30.0,
12-13-1905,38.0,28.0,
12-14-1905,42.0,28.0,
12-15-1905,43.0,32.0,
12-16-1905,40.0,32.0,
12-17-1905,39.0,33.0,
12-18-1905,42.0,33.0,
12-19-1905,40.0,33.0,
12-20-1905,36.0,32.0,
12-21-1905,34.0,28.0,
12-22-1905,36.0,24.0,
12-23-1905,31.0,22.0,
12-24-1905,33.0,26.0,
12-25-1905,36.0,28.0,
12-26-1905,43.0,31.0,
12-27-1905,38.0,30.0,
12-28-1905,36.0,24.0,
12-29-1905,33.0,15.0,
12-30-1905,33.0,25.0,
12-31-1905,33.0,30.0,
01-01-1906,28.0,8.0,
01-02-1906,29.0,22.0,
01-03-1906,35.0,25.0,
01-04-1906,44.0,33.0,20
01-05-1906,41.0,33.0,1.0
01-06-1906,40.0,30.0,3.0
01-07-1906,39.0,24.0,7.0
01-08-1906,45.0,24.0,2.0
01-09-1906,39.0,28.0,
01-10-1906,33.0,26.0,
01-11-1906,35.0,28.0,
01-12-1906,43.0,33.0,10
01-13-1906,40.0,31.0,
01-14-1906,37.0,21.0,
01-15-1906,33.0,25.0,01
01-16-1906,39.0,31.0,"1,3"
01-17-1906,38.0,30.0,0.5
01-18-1906,36.0,26.0,0.1
01-19-1906,29.0,23.0,
01-20-1906,29.0,20.0,
01-21-1906,36.0,18.0,01
01-22-1906,46.0,26.0,
01-23-1906,40.0,36.0,31
01-24-1906,42.0,37.0,tr
01-25-1906,46.0,38.0,
01-26-1906,43.0,34.0,
01-27-1906,45.0,32.0,
01-28-1906,36.0,30.0,
01-29-1906,37.0,31.0,
01-30-1906,45.0,35.0,
01-31-1906,43.0,32.0,
02-01-1906,48.0,37.0,
02-02-1906,49,25.0,
02-03-1906,43.0,28.0,
02-04-1906,33,27.0,
02-05-1906,39.0,21.0,
02-06-1906,40,21.0,
02-07-1906,40.0,20.0,
02-08-1906,37.0,20.0,
02-09-1906,38,22.0,
02-10-1906,40,25.0,
02-11-1906,30.0,24.0,
02-12-1906,34,26.0,
02-13-1906,37.0,26.0,
02-14-1906,39,30.0,
02-15-1906,35,31.0,
02-16-1906,49.0,33.0,
02-17-1906,49.0,37.0,
02-18-1906,49.0,41.0,
02-19-1906,54.0,36.0,
02-20-1906,44,33.0,
02-21-1906,48.0,34.0,
02-22-1906,47,34.0,
02-23-1906,46,32.0,
02-24-1906,44.0,32.0,
02-25-1906,42.0,33.0,
02-26-1906,45,31.0,
02-27-1906,44.0,32.0,
02-28-1906,39.0,22.0,
03-01-1906,40.0,26.0,
03-02-1906,40.0,26.0,
03-03-1906,43.0,31.0,
03-04-1906,44.0,32.0,
03-05-1906,48.0,31.0,
03-06-1906,48.0,36.0,
03-07-1906,63.0,39.0,
03-08-1906,63.0,39.0,
03-09-1906,57.0,31.0,
03-10-1906,48.0,28.0,
03-11-1906,,19.0,
03-12-1906,,14.0,
03-13-1906,22.0,5.0,
03-14-1906,22.0,10.0,
03-15-1906,48.0,10.0,
03-16-1906,36.0,0.0,
03-17-1906,34.0,14.0,
03-18-1906,36.0,20.0,
03-19-1906,41.0,22.0,
03-20-1906,46.0,28.0,
03-21-1906,55.0,34.0,
03-22-1906,58.0,38.0,
03-23-1906,56.0,34.0,
03-24-1906,54.0,42.0,
03-25-1906,60.0,36.0,
03-26-1906,59.0,42.0,
03-27-1906,55.0,39.0,
03-28-1906,59.0,33.0,
03-29-1906,62.0,37.0,
03-30-1906,62.0,53.0,
03-31-1906,57.0,45.0,
04-01-1906,45.0,32.0,
04-02-1906,58.0,32.0,
04-03-1906,57.0,31.0,
04-04-1906,63.0,33.0,
04-05-1906,67.0,54.0,
04-06-1906,70.0,57.0,
04-07-1906,62.0,40.0,
04-08-1906,63.0,34.0,
04-09-1906,64.0,34.0,
04-10-1906,58.0,30.0,
04-11-1906,63.0,34.0,
04-12-1906,58.0,28.0,
04-13-1906,67.0,38.0,
04-14-1906,68.0,46.0,
04-15-1906,77.0,45.0,
04-16-1906,66.0,45.0,0.25
04-17-1906,56.0,36.0,
04-18-1906,65.0,44.0,
04-19-1906,72.0,45.0,
04-20-1906,82.0,44.0,
04-21-1906,86.0,55.0,
04-22-1906,82.0,49.0,
04-23-1906,65.0,46.0,0.17
04-24-1906,52.0,40.0,
04-25-1906,54.0,37.0,
04-26-1906,64.0,31.0,
04-27-1906,71.0,43.0,
04-28-1906,70.0,44.0,
04-29-1906,71.0,43.0,
04-30-1906,71.0,50.0,
05-01-1906,72.0,43.0,
05-02-1906,67.0,43.0,
05-03-1906,67.0,55.0,
05-04-1906,72.0,38.0,
05-05-1906,63.0,29.0,
05-06-1906,60.0,39.0,
05-07-1906,67.0,44.0,
05-08-1906,81.0,54.0,
05-09-1906,89.0,41.0,
05-10-1906,87.0,61.0,
05-11-1906,68.0,52.0,
05-12-1906,64.0,42.0,
05-13-1906,64.0,42.0,
05-14-1906,74.0,44.0,
05-15-1906,50.0,40.0,0.28
05-16-1906,47.0,34.0,0.1
05-17-1906,66.0,35.0,
05-18-1906,76.0,52.0,
05-19-1906,65.0,47.0,
05-20-1906,63.0,38.0,
05-21-1906,64.0,37.0,
05-22-1906,63.0,43.0,0.02
05-23-1906,61.0,44.0,0.1
05-24-1906,71.0,40.0,
05-25-1906,81.0,46.0,
05-26-1906,65.0,45.0,0.25
05-27-1906,59.0,42.0,
05-28-1906,58.0,37.0,0.52
05-29-1906,49.0,43.0,1.05
05-30-1906,49.0,41.0,0.22
05-31-1906,64.0,41.0,
06-01-1906,68.0,41.0,
06-02-1906,77.0,45.0,
06-03-1906,67.0,45.0,
06-04-1906,6.0,43.0,0.15
06-05-1906,62.0,40.0,
06-06-1906,56.0,29.0,
06-07-1906,61.0,39.0,
06-08-1906,71.0,42.0,
06-09-1906,68.0,61.0,
06-10-1906,83.0,46.0,
06-11-1906,83.0,61.0,
06-12-1906,73.0,52.0,
06-13-1906,62.0,45.0,
06-14-1906,68.0,41.0,
06-15-1906,64.0,46.0,0.1
06-16-1906,61.0,49.0,0.15
06-17-1906,63.0,43.0,
06-18-1906,64.0,46.0,
06-19-1906,67.0,41.0,
06-20-1906,74.0,42.0,
06-21-1906,73.0,47.0,0.16
06-22-1906,67.0,43.0,
06-23-1906,74.0,43.0,
06-24-1906,82.0,44.0,
06-25-1906,85.0,46.0,
06-26-1906,85.0,51.0,
06-27-1906,69.0,45.0,0.26
06-28-1906,63.0,45.0,
06-29-1906,72.0,45.0,
06-30-1906,79.0,52.0,
07-01-1906,83.0,52.0,
07-02-1906,92.0,56.0,
07-03-1906,96.0,66.0,
07-04-1906,98.0,62.0,
07-05-1906,98.0,56.0,
07-06-1906,99.0,62.0,
07-07-1906,86.0,62.0,
07-08-1906,93.0,60.0,
07-09-1906,94.0,59.0,
07-10-1906,85.0,62.0,
07-11-1906,90.0,52.0,
07-12-1906,93.0,56.0,
07-13-1906,94.0,58.0,
07-14-1906,90.0,58.0,
07-15-1906,93.0,52.0,
07-16-1906,94.0,60.0,
07-17-1906,83.0,62.0,
07-18-1906,88.0,49.0,
07-19-1906,88.0,58.0,
07-20-1906,92.0,50.0,
07-21-1906,88.0,54.0,
07-22-1906,86.0,54.0,0.2
07-23-1906,85.0,52.0,
07-24-1906,8.0,48.0,
07-25-1906,93.0,50.0,
07-26-1906,85.0,58.0,
07-27-1906,89.0,46.0,
07-28-1906,94.0,61.0,
07-29-1906,92.0,65.0,0.01
07-30-1906,92.0,52.0,
07-31-1906,86.0,57.0,
08-01-1906,78.0,57.0,
08-02-1906,83.0,43.0,
08-03-1906,85.0,54.0,
08-04-1906,87.0,,
08-05-1906,82.0,69.0,
08-06-1906,81.0,48.0,
08-07-1906,92.0,52.0,
08-08-1906,93.0,52.0,
08-09-1906,93.0,56.0,
08-10-1906,99.0,56.0,
08-11-1906,101.0,84.0,
08-12-1906,94.0,,
08-13-1906,70.0,55.0,1.15
08-14-1906,82.0,48.0,
08-15-1906,79.0,59.0,
08-16-1906,79.0,54.0,
08-17-1906,81.0,44.0,
08-18-1906,79.0,45.0,
08-19-1906,80.0,40.0,
08-20-1906,82.0,43.0,
08-21-1906,73.0,49.0,
08-22-1906,59.0,50.0,0.41
08-23-1906,60.0,50.0,1.18
08-24-1906,65.0,49.0,
08-25-1906,77.0,51.0,
08-26-1906,83.0,52.0,
08-27-1906,83.0,56.0,
08-28-1906,80.0,61.0,
08-29-1906,88.0,56.0,
08-30-1906,90.0,57.0,
08-31-1906,75.0,60.0,
09-01-1906,72.0,52.0,
09-02-1906,79.0,44.0,
09-03-1906,81.0,47.0,
09-04-1906,78.0,45.0,
09-05-1906,78.0,52.0,
09-06-1906,83.0,62.0,
09-07-1906,85.0,65.0,
09-08-1906,72.0,56.0,
09-09-1906,63.0,47.0,0.05
09-10-1906,61.0,43.0,
09-11-1906,61.0,34.0,
09-12-1906,55.0,45.0,0.17
09-13-1906,58.0,47.0,
09-14-1906,60.0,43.0,0.04
09-15-1906,63.0,45.0,0.2
09-16-1906,70.0,41.0,
09-17-1906,80.0,47.0,
09-18-1906,89.0,54.0,
09-19-1906,92.0,59.0,
09-20-1906,84.0,55.0,
09-21-1906,85.0,53.0,
09-22-1906,84.0,51.0,
09-23-1906,68.0,19.0,0.1
09-24-1906,63.0,45.0,
09-25-1906,64.0,42.0,
09-26-1906,21.0,44.0,0.02
09-27-1906,75.0,42.0,
09-28-1906,77.0,33.0,
09-29-1906,78.0,48.0,
09-30-1906,85.0,46.0,
10-01-1906,70.0,49.0,
10-02-1906,67.0,40.0,36
10-03-1906,,,
10-04-1906,57.0,41.0,
10-05-1906,65.0,39.0,
10-06-1906,,,
10-07-1906,,,
10-08-1906,,,
10-09-1906,,,
10-10-1906,,,
10-11-1906,83.0,32.0,
10-12-1906,,,
10-13-1906,,,
10-14-1906,,,63.0
10-15-1906,,,
10-16-1906,,,
10-17-1906,51.0,43.0,
10-18-1906,48.0,32.0,
10-19-1906,46.0,31.0,
10-20-1906,54.0,25.0,
10-21-1906,54.0,26.0,
10-22-1906,58.0,27.0,
10-23-1906,55.0,29.0,
10-24-1906,57.0,45.0,
10-25-1906,62.0,50.0,03
10-26-1906,63.0,51.0,
10-27-1906,69.0,47.0,
10-28-1906,61.0,49.0,
10-29-1906,67.0,35.0,
10-30-1906,54.0,32.0,
10-31-1906,49.0,30.0,
11-01-1906,49.0,,
11-02-1906,49.0,,
11-03-1906,54.0,,
11-04-1906,50.0,,
11-05-1906,47.0,,
11-06-1906,48.0,,
11-07-1906,48.0,,
11-08-1906,45.0,,
11-09-1906,56.0,,
11-10-1906,54.0,,
11-11-1906,51.0,,
11-12-1906,54.0,,
11-13-1906,52.0,,
11-14-1906,55.0,,
11-15-1906,65.0,,
11-16-1906,42.0,,
11-17-1906,41.0,,
11-18-1906,37.0,,
11-19-1906,34.0,,
11-20-1906,33.0,,
11-21-1906,35.0,,
11-22-1906,33.0,,
11-23-1906,28.0,,
11-24-1906,23.0,,
11-25-1906,27.0,,
11-26-1906,24.0,,
11-27-1906,32.0,,
11-28-1906,25.0,,
11-29-1906,30.0,,
11-30-1906,34.0,,
12-01-1906,30.0,17.0,
12-02-1906,35.0,22.0,
12-03-1906,42.0,28.0,
12-04-1906,33.0,23.0,
12-05-1906,37.0,22.0,
12-06-1906,36.0,26.0,
12-07-1906,48.0,35.0,
12-08-1906,39.0,32.0,
12-09-1906,36.0,20.0,
12-10-1906,41.0,28.0,
12-11-1906,45.0,34.0,
12-12-1906,39.0,30.0,
12-13-1906,31.0,27.0,
12-14-1906,30.0,25.0,
12-15-1906,30.0,26.0,
12-16-1906,32.0,23.0,
12-17-1906,36.0,30.0,
12-18-1906,39.0,33.0,
12-19-1906,40.0,33.0,
12-20-1906,44.0,33.0,
12-21-1906,48.0,39.0,
12-22-1906,49.0,40.0,
12-23-1906,49.0,41.0,
12-24-1906,44.0,39.0,
12-25-1906,43.0,35.0,
12-26-1906,41.0,29.0,
12-27-1906,38.0,30.0,
12-28-1906,37.0,30.0,
12-29-1906,40.0,35.0,
12-30-1906,38.0,31.0,
12-31-1906,34.0,25.0,
01-01-1907,26.0,18.0,.76
01-02-1907,26.0,15.0,98'
01-03-1907,36.0,15.0,0:2:5
01-04-1907,38.0,31.0,"2.00
357-"
01-05-1907,31.0,16.0,"3.00
3"
01-06-1907,24.0,2.0,
01-07-1907,21.0,9.0,1.00
01-08-1907,27.0,9.0,
01-09-1907,20.0,-5.0,
01-10-1907,5.0,-1.0,
01-11-1907,20.0,11.0,1.0
01-12-1907,18.0,-5.0,3.00
01-13-1907,8.0,-8.0,98'0
01-14-1907,7.0,-5.0,
01-15-1907,8.0,-1.0,0.36
01-16-1907,19.0,-1.0,
01-17-1907,23.0,-2.0,
01-18-1907,24.0,8.0,1.50
01-19-1907,33.0,10.0,"0,50"
01-20-1907,40.0,25.0,"0.25
0.05."
01-21-1907,40.0,33.0,
01-22-1907,39.0,30.0,
01-23-1907,38.0,27.0,
01-24-1907,34.0,22.0,
01-25-1907,27.0,9.0,
01-26-1907,26.0,18.0,370.0
01-27-1907,27.0,19.0,0.0
01-28-1907,25.0,17.0,9.0
01-29-1907,33.0,16.0,"1.00
0.70-"
01-30-1907,34.0,28.0,"0,25
0.30-"
01-31-1907,46.0,2.0,08
02-01-1907,42.0,25.0,
02-02-1907,34,13.0,
02-03-1907,25.0,3.0,
02-04-1907,22,12.0,
02-05-1907,46.0,33.0,
02-06-1907,46,36.0,
02-07-1907,,,
02-08-1907,45.0,38.0,
02-09-1907,46,32.0,
02-10-1907,49,34.0,
02-11-1907,42.0,23.0,
02-12-1907,36,23.0,
02-13-1907,34.0,26.0,
02-14-1907,37,25.0,
02-15-1907,34,26.0,
02-16-1907,31.0,24.0,
02-17-1907,40.0,26.0,
02-18-1907,,,
02-19-1907,47.0,37.0,
02-20-1907,52,40.0,
02-21-1907,58.0,37.0,
02-22-1907,56,40.0,
02-23-1907,48,36.0,
02-24-1907,47.0,35.0,
02-25-1907,44.0,33.0,
02-26-1907,41,28.0,
02-27-1907,38.0,31.0,
02-28-1907,40.0,29.0,
03-01-1907,41.0,33.0,
03-02-1907,42.0,30.0,
03-03-1907,43.0,32.0,
03-04-1907,50.0,25.0,
03-05-1907,52.0,31.0,
03-06-1907,48.0,41.0,
03-07-1907,48.0,30.0,
03-08-1907,53.0,35.0,
03-09-1907,54.0,33.0,
03-10-1907,49.0,33.0,
03-11-1907,41.0,32.0,
03-12-1907,39.0,25.0,
03-13-1907,36.0,27.0,
03-14-1907,40.0,34.0,
03-15-1907,37.0,32.0,
03-16-1907,39.0,26.0,
03-17-1907,42.0,30.0,
03-18-1907,44.0,34.0,
03-19-1907,60.0,35.0,
03-20-1907,56.0,37.0,
03-21-1907,47.0,32.0,
03-22-1907,45.0,37.0,
03-23-1907,45.0,32.0,
03-24-1907,43.0,30.0,
03-25-1907,49.0,30.0,
03-26-1907,44.0,30.0,
03-27-1907,39.0,32.0,
03-28-1907,41.0,32.0,
03-29-1907,39.0,30.0,
03-30-1907,59.0,38.0,
03-31-1907,59.0,41.0,
04-01-1907,53.0,38.0,
04-02-1907,55.0,39.0,
04-03-1907,53.0,33.0,
04-04-1907,50.0,35.0,0.1
04-05-1907,42.0,32.0,0.05
04-06-1907,45.0,32.0,0.13
04-07-1907,61.0,42.0,
04-08-1907,52.0,46.0,
04-09-1907,53.0,33.0,0.15
04-10-1907,63.0,33.0,
04-11-1907,71.0,41.0,
04-12-1907,,,
04-13-1907,72.0,45.0,
04-14-1907,79.0,43.0,
04-15-1907,59.0,34.0,
04-16-1907,59.0,44.0,
04-17-1907,59.0,34.0,
04-18-1907,47.0,32.0,
04-19-1907,54.0,26.0,
04-20-1907,66.0,31.0,
04-21-1907,67.0,43.0,
04-22-1907,67.0,45.0,
04-23-1907,,45.0,
04-24-1907,45.0,34.0,
04-25-1907,56.0,43.0,
04-26-1907,54.0,41.0,1.0
04-27-1907,,46.0,
04-28-1907,52.0,,
04-29-1907,59.0,25.0,
04-30-1907,65.0,32.0,
05-01-1907,62.0,34.0,
05-02-1907,65.0,39.0,
05-03-1907,,,
05-04-1907,,35.0,
05-05-1907,69.0,39.0,
05-06-1907,66.0,35.0,
05-07-1907,,37.0,
05-08-1907,,39.0,
05-09-1907,,39.0,
05-10-1907,,40.0,0.15
05-11-1907,,40.0,
05-12-1907,,42.0,
05-13-1907,,43.0,
05-14-1907,,46.0,
05-15-1907,,54.0,
05-16-1907,,57.0,
05-17-1907,,49.0,
05-18-1907,50.0,50.0,
05-19-1907,,47.0,0.7
05-20-1907,,42.0,0.05
05-21-1907,65.0,39.0,
05-22-1907,64.0,39.0,
05-23-1907,75.0,45.0,
05-24-1907,66.0,40.0,
05-25-1907,72.0,44.0,
05-26-1907,74.0,45.0,
05-27-1907,74.0,43.0,
05-28-1907,73.0,46.0,
05-29-1907,76.0,61.0,
05-30-1907,77.0,56.0,
05-31-1907,83.0,57.0,
06-01-1907,78.0,51.0,
06-02-1907,62.0,49.0,
06-03-1907,72.0,54.0,
06-04-1907,80.0,66.0,0.17
06-05-1907,72.0,57.0,
06-06-1907,70.0,50.0,
06-07-1907,63.0,47.0,
06-08-1907,64.0,54.0,
06-09-1907,73.0,56.0,0.12
06-10-1907,62.0,52.0,0.55
06-11-1907,60.0,47.0,0.28
06-12-1907,53.0,46.0,
06-13-1907,54.0,34.0,
06-14-1907,89.0,41.0,
06-15-1907,59.0,43.0,
06-16-1907,63.0,51.0,
06-17-1907,76.0,46.0,
06-18-1907,80.0,46.0,
06-19-1907,79.0,51.0,
06-20-1907,,,
06-21-1907,,,
06-22-1907,70.0,39.0,
06-23-1907,61.0,48.0,0.48
06-24-1907,75.0,46.0,
06-25-1907,80.0,47.0,
06-26-1907,86.0,55.0,
06-27-1907,86.0,55.0,
06-28-1907,84.0,58.0,0.5
06-29-1907,80.0,59.0,
06-30-1907,79.0,51.0,
07-01-1907,,,
07-02-1907,,,
07-03-1907,,,0.31
07-04-1907,,,
07-05-1907,,,
07-06-1907,,,
07-07-1907,,,
07-08-1907,84.0,,
07-09-1907,84.0,46.0,
07-10-1907,88.0,58.0,
07-11-1907,88.0,57.0,
07-12-1907,79.0,57.0,
07-13-1907,79.0,,
07-14-1907,74.0,,0.09
07-15-1907,74.0,61.0,0.2
07-16-1907,78.0,51.0,
07-17-1907,78.0,51.0,
07-18-1907,88.0,55.0,
07-19-1907,88.0,46.0,
07-20-1907,89.0,46.0,
07-21-1907,89.0,53.0,
07-22-1907,84.0,61.0,
07-23-1907,83.0,51.0,
07-24-1907,81.0,51.0,
07-25-1907,76.0,49.0,
07-26-1907,89.0,66.0,0.27
07-27-1907,85.0,66.0,
07-28-1907,87.0,59.0,
07-29-1907,87.0,59.0,
07-30-1907,92.0,52.0,
07-31-1907,96.0,60.0,
08-01-1907,98.0,65.0,
08-02-1907,90.0,61.0,
08-03-1907,85.0,59.0,
08-04-1907,74.0,54.0,
08-05-1907,75.0,55.0,
08-06-1907,82.0,48.0,
08-07-1907,75.0,52.0,
08-08-1907,75.0,52.0,0.05
08-09-1907,19.0,49.0,0.33
08-10-1907,,,0.65
08-11-1907,67.0,45.0,
08-12-1907,75.0,61.0,
08-13-1907,83.0,70.0,
08-14-1907,76.0,59.0,
08-15-1907,75.0,40.0,
08-16-1907,80.0,46.0,
08-17-1907,72.0,56.0,
08-18-1907,66.0,44.0,
08-19-1907,77.0,36.0,
08-20-1907,79.0,43.0,
08-21-1907,81.0,39.0,
08-22-1907,79.0,56.0,
08-23-1907,91.0,54.0,
08-24-1907,85.0,57.0,0.23
08-25-1907,63.0,51.0,0.65
08-26-1907,62.0,47.0,
08-27-1907,99.0,39.0,
08-28-1907,70.0,39.0,
08-29-1907,99.0,44.0,
08-30-1907,68.0,41.0,0.05
08-31-1907,78.0,37.0,
09-01-1907,73.0,56.0,0.28
09-02-1907,65.0,49.0,0.47
09-03-1907,69.0,41.0,
09-04-1907,75.0,44.0,
09-05-1907,76.0,55.0,0.07
09-06-1907,71.0,57.0,0.03
09-07-1907,24.0,45.0,
09-08-1907,80.0,,
09-09-1907,86.0,53.0,
09-10-1907,85.0,56.0,
09-11-1907,69.0,58.0,
09-12-1907,64.0,41.0,0.5
09-13-1907,59.0,35.0,0.1
09-14-1907,68.0,45.0,
09-15-1907,65.0,50.0,
09-16-1907,76.0,45.0,0.24
09-17-1907,59.0,42.0,0.02
09-18-1907,58.0,35.0,
09-19-1907,60.0,39.0,
09-20-1907,65.0,38.0,
09-21-1907,71.0,41.0,
09-22-1907,77.0,41.0,
09-23-1907,81.0,46.0,
09-24-1907,84.0,50.0,
09-25-1907,77.0,50.0,
09-26-1907,19.0,50.0,0.02
09-27-1907,61.0,46.0,
09-28-1907,63.0,41.0,
09-29-1907,63.0,36.0,
09-30-1907,68.0,40.0,
10-01-1907,63.0,41.0,
10-02-1907,59.0,39.0,
10-03-1907,69.0,36.0,
10-04-1907,77.0,60.0,
10-05-1907,82.0,60.0,
10-06-1907,71.0,48.0,
10-07-1907,67.0,42.0,
10-08-1907,68.0,40.0,
10-09-1907,72.0,37.0,
10-10-1907,79.0,43.0,
10-11-1907,79.0,43.0,
10-12-1907,72.0,39.0,
10-13-1907,64.0,46.0,tr
10-14-1907,72.0,43.0,
10-15-1907,76.0,43.0,
10-16-1907,75.0,47.0,
10-17-1907,76.0,45.0,
10-18-1907,74.0,44.0,
10-19-1907,74.0,42.0,
10-20-1907,62.0,40.0,
10-21-1907,73.0,46.0,
10-22-1907,74.0,47.0,
10-23-1907,72.0,44.0,
10-24-1907,74.0,,
10-25-1907,78.0,46.0,
10-26-1907,72.0,42.0,
10-27-1907,70.0,44.0,
10-28-1907,62.0,44.0,ti.
10-29-1907,63.0,44.0,
10-30-1907,58.0,49.0,17.0
10-31-1907,52.0,37.0,0.05
11-01-1907,52.0,36.0,
11-02-1907,59.0,37.0,
11-03-1907,50.0,27,
11-04-1907,58.0,38.0,
11-05-1907,52.0,37,
11-06-1907,56.0,34,
11-07-1907,56.0,37,
11-08-1907,56.0,34,
11-09-1907,55.0,31.0,
11-10-1907,56.0,27,
11-11-1907,54.0,30,
11-12-1907,54.0,30,
11-13-1907,51.0,32,
11-14-1907,42.0,35,
11-15-1907,49.0,36,
11-16-1907,45.0,35.0,
11-17-1907,43.0,27,
11-18-1907,42.0,2.0,
11-19-1907,47.0,34,
11-20-1907,42.0,34.0,
11-21-1907,43.0,31,
11-22-1907,42.0,39,
11-23-1907,59.0,37,
11-24-1907,47.0,33,
11-25-1907,47.0,40.0,
11-26-1907,50.0,33.0,
11-27-1907,39.0,30,
11-28-1907,42.0,82,
11-29-1907,53.0,,
11-30-1907,49.0,37,
12-01-1907,46.0,36.0,
12-02-1907,59.0,36.0,
12-03-1907,47.0,35.0,
12-04-1907,52.0,39.0,
12-05-1907,52.0,36.0,
12-06-1907,40.0,31.0,
12-07-1907,44.0,36.0,
12-08-1907,40.0,26.0,
12-09-1907,38.0,31.0,
12-10-1907,42.0,34.0,
12-11-1907,43.0,33.0,
12-12-1907,44.0,34.0,
12-13-1907,45.0,32.0,
12-14-1907,39.0,31.0,
12-15-1907,38.0,28.0,
12-16-1907,33.0,26.0,
12-17-1907,30.0,20.0,
12-18-1907,28.0,17.0,
12-19-1907,28.0,17.0,
12-20-1907,34.0,25.0,
12-21-1907,39.0,27.0,
12-22-1907,45.0,36.0,
12-23-1907,44.0,36.0,
12-24-1907,50.0,34.0,
12-25-1907,35.0,30.0,
12-26-1907,42.0,34.0,
12-27-1907,40.0,31.0,
12-28-1907,35.0,26.0,
12-29-1907,34.0,20.0,
12-30-1907,28.0,21.0,
12-31-1907,38.0,26.0,
01-01-1908,39.0,32.0,
01-02-1908,40.0,33.0,
01-03-1908,36.0,28.0,
01-04-1908,40.0,31.0,
01-05-1908,46.0,31.0,
01-06-1908,40.0,28.0,
01-07-1908,40.0,30.0,
01-08-1908,47.0,36.0,
01-09-1908,,,
01-10-1908,44.0,,
01-11-1908,42.0,29.0,
01-12-1908,37.0,28.0,
01-13-1908,38.0,28.0,
01-14-1908,35.0,30.0,
01-15-1908,32.0,30.0,
01-16-1908,38.0,30.0,
01-17-1908,41.0,32.0,
01-18-1908,42.0,30.0,
01-19-1908,43.0,35.0,
01-20-1908,44.0,33.0,
01-21-1908,35.0,29.0,
01-22-1908,25.0,35.0,
01-23-1908,40.0,29.0,
01-24-1908,42.0,26.0,
01-25-1908,38.0,25.0,
01-26-1908,39.0,23.0,
01-27-1908,41.0,26.0,
01-28-1908,37.0,27.0,
01-29-1908,34.0,21.0,
01-30-1908,23.0,11.0,
01-31-1908,15.0,-8.0,
02-01-1908,10.0,-4.0,
02-02-1908,30,9.0,
02-03-1908,37.0,11.0,
02-04-1908,34,21.0,
02-05-1908,40.0,32.0,
02-06-1908,44,36.0,
02-07-1908,37.0,28.0,
02-08-1908,42.0,26.0,
02-09-1908,42,,
02-10-1908,42,31.0,
02-11-1908,33.0,28.0,
02-12-1908,32,23.0,
02-13-1908,33.0,11.0,
02-14-1908,42,29.0,
02-15-1908,41,32.0,
02-16-1908,41.0,34.0,
02-17-1908,,,
02-18-1908,40.0,28.0,
02-19-1908,40.0,27.0,
02-20-1908,41,27.0,
02-21-1908,42.0,27.0,
02-22-1908,47,28.0,
02-23-1908,43,32.0,
02-24-1908,41.0,32.0,
02-25-1908,40.0,34.0,
02-26-1908,51,34.0,
02-27-1908,51.0,27.0,
02-28-1908,42.0,29.0,
02-29-1908,,,
03-01-1908,,,
03-02-1908,42.0,28.0,
03-03-1908,41.0,22.0,
03-04-1908,53.0,27.0,
03-05-1908,34.0,27.0,
03-06-1908,40.0,25.0,
03-07-1908,42.0,22.0,
03-08-1908,47.0,28.0,
03-09-1908,53.0,31.0,
03-10-1908,57.0,37.0,
03-11-1908,52.0,38.0,
03-12-1908,51.0,39.0,
03-13-1908,53.0,37.0,
03-14-1908,53.0,42.0,
03-15-1908,56.0,44.0,
03-16-1908,45.0,43.0,
03-17-1908,46.0,32.0,
03-18-1908,39.0,26.0,
03-19-1908,47.0,26.0,
03-20-1908,47.0,33.0,
03-21-1908,48.0,42.0,
03-22-1908,50.0,36.0,
03-23-1908,54.0,40.0,
03-24-1908,65.0,41.0,
03-25-1908,51.0,30.0,
03-26-1908,39.0,31.0,
03-27-1908,37.0,27.0,
03-28-1908,43.0,28.0,
03-29-1908,45.0,29.0,
03-30-1908,42.0,32.0,
03-31-1908,44.0,31.0,
04-01-1908,44.0,25.0,
04-02-1908,55.0,30.0,
04-03-1908,45.0,35.0,
04-04-1908,48.0,28.0,
04-05-1908,46.0,39.0,
04-06-1908,41.0,30.0,
04-07-1908,47.0,26.0,
04-08-1908,59.0,30.0,
04-09-1908,57.0,40.0,
04-10-1908,64.0,37.0,
04-11-1908,68.0,49.0,
04-12-1908,69.0,49.0,
04-13-1908,66.0,36.0,
04-14-1908,64.0,38.0,
04-15-1908,64.0,41.0,0.46
04-16-1908,55.0,41.0,0.01
04-17-1908,57.0,42.0,0.14
04-18-1908,67.0,47.0,
04-19-1908,80.0,46.0,
04-20-1908,55.0,42.0,
04-21-1908,70.0,40.0,
04-22-1908,55.0,40.0,0.5
04-23-1908,53.0,38.0,0.1
04-24-1908,46.0,36.0,0.25
04-25-1908,50.0,32.0,
04-26-1908,58.0,50.0,
04-27-1908,51.0,34.0,
04-28-1908,54.0,37.0,
04-29-1908,65.0,35.0,
04-30-1908,72.0,42.0,
05-01-1908,78.0,50.0,
05-02-1908,49.0,39.0,
05-03-1908,56.0,24.0,
05-04-1908,65.0,52.0,
05-05-1908,73.0,38.0,
05-06-1908,82.0,48.0,
05-07-1908,52.0,40.0,0.04
05-08-1908,54.0,36.0,
05-09-1908,44.0,38.0,
05-10-1908,44.0,38.0,0.18
05-11-1908,50.0,39.0,
05-12-1908,55.0,36.0,
05-13-1908,58.0,32.0,
05-14-1908,67.0,38.0,
05-15-1908,29.0,36.0,0.17
05-16-1908,54.0,38.0,0.1
05-17-1908,65.0,35.0,
05-18-1908,58.0,43.0,0.13
05-19-1908,67.0,38.0,
05-20-1908,63.0,39.0,
05-21-1908,64.0,40.0,0.1
05-22-1908,58.0,52.0,0.45
05-23-1908,68.0,36.0,
05-24-1908,70.0,45.0,
05-25-1908,67.0,39.0,
05-26-1908,,37.0,
05-27-1908,60.0,42.0,
05-28-1908,69.0,52.0,
05-29-1908,52.0,41.0,0.35
05-30-1908,55.0,34.0,
05-31-1908,56.0,35.0,
06-01-1908,57.0,34.0,
06-02-1908,62.0,34.0,
06-03-1908,48.0,41.0,0.4
06-04-1908,56.0,41.0,0.12
06-05-1908,70.0,45.0,
06-06-1908,70.0,47.0,
06-07-1908,75.0,45.0,
06-08-1908,75.0,46.0,
06-09-1908,76.0,45.0,
06-10-1908,79.0,52.0,0.3
06-11-1908,75.0,44.0,
06-12-1908,72.0,40.0,
06-13-1908,84.0,47.0,
06-14-1908,84.0,50.0,
06-15-1908,86.0,51.0,
06-16-1908,71.0,48.0,
06-17-1908,64.0,47.0,
06-18-1908,64.0,45.0,
06-19-1908,58.0,40.0,
06-20-1908,51.0,34.0,
06-21-1908,64.0,52.0,
06-22-1908,,,
06-23-1908,83.0,,
06-24-1908,90.0,43.0,
06-25-1908,90.0,55.0,
06-26-1908,79.0,46.0,0.15
06-27-1908,65.0,42.0,
06-28-1908,73.0,48.0,
06-29-1908,82.0,46.0,
06-30-1908,85.0,47.0,
07-01-1908,89.0,48.0,
07-02-1908,89.0,60.0,
07-03-1908,85.0,58.0,
07-04-1908,72.0,42.0,
07-05-1908,78.0,49.0,
07-06-1908,86.0,49.0,
07-07-1908,93.0,,
07-08-1908,96.0,,
07-09-1908,97.0,62.0,
07-10-1908,97.0,51.0,
07-11-1908,102.0,52.0,
07-12-1908,92.0,57.0,
07-13-1908,82.0,67.0,
07-14-1908,77.0,60.0,0.1
07-15-1908,73.0,56.0,
07-16-1908,75.0,49.0,
07-17-1908,82.0,50.0,
07-18-1908,89.0,51.0,
07-19-1908,92.0,78.0,
07-20-1908,96.0,51.0,
07-21-1908,,,
07-22-1908,,,
07-23-1908,88.0,75.0,
07-24-1908,8.0,66.0,
07-25-1908,81.0,56.0,
07-26-1908,79.0,44.0,
07-27-1908,82.0,42.0,
07-28-1908,83.0,52.0,
07-29-1908,87.0,38.0,
07-30-1908,99.0,58.0,
07-31-1908,99.0,70.0,
08-01-1908,90.0,72.0,
08-02-1908,91.0,67.0,
08-03-1908,90.0,51.0,
08-04-1908,94.0,54.0,
08-05-1908,90.0,51.0,
08-06-1908,91.0,52.0,
08-07-1908,91.0,51.0,
08-08-1908,94.0,48.0,
08-09-1908,8.0,49.0,
08-10-1908,87.0,47.0,
08-11-1908,81.0,50.0,
08-12-1908,80.0,52.0,
08-13-1908,70.0,50.0,
08-14-1908,78.0,48.0,
08-15-1908,84.0,48.0,
08-16-1908,92.0,57.0,
08-17-1908,94.0,54.0,
08-18-1908,95.0,60.0,
08-19-1908,93.0,64.0,
08-20-1908,92.0,61.0,
08-21-1908,88.0,62.0,
08-22-1908,88.0,60.0,
08-23-1908,90.0,58.0,
08-24-1908,69.0,52.0,
08-25-1908,64.0,45.0,
08-26-1908,71.0,33.0,
08-27-1908,98.0,48.0,
08-28-1908,68.0,45.0,
08-29-1908,63.0,43.0,
08-30-1908,73.0,46.0,
08-31-1908,81.0,44.0,
09-01-1908,86.0,49.0,
09-02-1908,83.0,46.0,
09-03-1908,85.0,52.0,
09-04-1908,88.0,19.0,
09-05-1908,90.0,55.0,
09-06-1908,95.0,55.0,
09-07-1908,66.0,52.0,
09-08-1908,71.0,45.0,
09-09-1908,78.0,42.0,
09-10-1908,75.0,41.0,
09-11-1908,90.0,55.0,
09-12-1908,,,
09-13-1908,90.0,53.0,
09-14-1908,85.0,55.0,
09-15-1908,78.0,56.0,0.46
09-16-1908,62.0,46.0,0.2
09-17-1908,62.0,45.0,0.03
09-18-1908,73.0,46.0,0.21
09-19-1908,76.0,46.0,
09-20-1908,74.0,50.0,
09-21-1908,76.0,48.0,
09-22-1908,66.0,46.0,
09-23-1908,56.0,36.0,
09-24-1908,50.0,66.0,
09-25-1908,52.0,25.0,
09-26-1908,59.0,30.0,
09-27-1908,66.0,37.0,
09-28-1908,75.0,47.0,
09-29-1908,75.0,46.0,
09-30-1908,80.0,46.0,
10-01-1908,53.0,50.0,
10-02-1908,51.0,37.0,",01"
10-03-1908,55.0,46.0,
10-04-1908,62.0,41.0,
10-05-1908,60.0,45.0,
10-06-1908,63.0,33.0,
10-07-1908,74.0,42.0,
10-08-1908,73.0,47.0,
10-09-1908,79.0,41.0,
10-10-1908,78.0,44.0,
10-11-1908,60.0,45.0,
10-12-1908,57.0,45.0,15
10-13-1908,60.0,47.0,.14
10-14-1908,52.0,45.0,62.0
10-15-1908,48.0,40.0,34
10-16-1908,48.0,36.0,13
10-17-1908,50.0,32.0,
10-18-1908,48.0,29.0,
10-19-1908,45.0,32.0,"Tr
.20"
10-20-1908,42.0,31.0,"Tr
.30"
10-21-1908,41.0,30.0,
10-22-1908,43.0,28.0,
10-23-1908,53.0,33.0,
10-24-1908,57.0,29.0,
10-25-1908,58.0,33.0,
10-26-1908,59.0,35.0,
10-27-1908,63.0,38.0,
10-28-1908,60.0,44.0,
10-29-1908,54.0,43.0,.05
10-30-1908,61.0,46.0,0.21
10-31-1908,56.0,45.0,15.0
11-01-1908,63.0,,
11-02-1908,62.0,,
11-03-1908,73.0,,
11-04-1908,39.0,,
11-05-1908,63.0,,
11-06-1908,64.0,,
11-07-1908,59.0,,
11-08-1908,48.0,,
11-09-1908,46.0,,
11-10-1908,45.0,,
11-11-1908,41.0,,
11-12-1908,45.0,,
11-13-1908,,,
11-14-1908,49.0,,
11-15-1908,53.0,,
11-16-1908,56.0,,
11-17-1908,60.0,,
11-18-1908,63.0,,
11-19-1908,52.0,,
11-20-1908,46.0,,
11-21-1908,45.0,,
11-22-1908,47.0,,
11-23-1908,44.0,,
11-24-1908,41.0,,
11-25-1908,39.0,,
11-26-1908,38.0,,
11-27-1908,38.0,,
11-28-1908,38.0,,
11-29-1908,39.0,,
11-30-1908,34.0,,
12-01-1908,30.0,11.0,
12-02-1908,36.0,21.0,
12-03-1908,28.0,24.0,
12-04-1908,32.0,25.0,
12-05-1908,31.0,23.0,
12-06-1908,30.0,23.0,
12-07-1908,32.0,25.0,
12-08-1908,40.0,37.0,
12-09-1908,31.0,28.0,
12-10-1908,31.0,25.0,
12-11-1908,39.0,24.0,
12-12-1908,42.0,31.0,
12-13-1908,50.0,33.0,
12-14-1908,36.0,26.0,
12-15-1908,33.0,27.0,
12-16-1908,33.0,19.0,
12-17-1908,27.0,26.0,
12-18-1908,19.0,15.0,
12-19-1908,30.0,10.0,
12-20-1908,28.0,9.0,
12-21-1908,32.0,13.0,
12-22-1908,34.0,26.0,
12-23-1908,37.0,29.0,
12-24-1908,41.0,28.0,
12-25-1908,53.0,31.0,
12-26-1908,41.0,32.0,
12-27-1908,47.0,32.0,
12-28-1908,46.0,36.0,
12-29-1908,34.0,28.0,
12-30-1908,30.0,24.0,
12-31-1908,30.0,25.0,
01-01-1909,39.0,26.0,
01-02-1909,42.0,25.0,
01-03-1909,47.0,36.0,15
01-04-1909,37.0,31.0,
01-05-1909,15.0,9.0,
01-06-1909,6.0,4.0,35.0
01-07-1909,13.0,1.0,1.00
01-08-1909,-2.0,-4.0,32
01-09-1909,5.0,-14.0,
01-10-1909,-2.0,,
01-11-1909,3.0,-7.0,
01-12-1909,,-10.0,
01-13-1909,9.0,-6.0,18
01-14-1909,38.0,-5.0,
01-15-1909,45.0,3.0,
01-16-1909,41.0,30.0,23
01-17-1909,44.0,31.0,12
01-18-1909,43.0,35.0,18
01-19-1909,47.0,34.0,29
01-20-1909,45.0,37.0,48
01-21-1909,49.0,37.0,/7
01-22-1909,37.0,28.0,
01-23-1909,35.0,20.0,02
01-24-1909,36.0,23.0,27
01-25-1909,40.0,25.0,
01-26-1909,40.0,30.0,
01-27-1909,36.0,30.0,
01-28-1909,28.0,13.0,
01-29-1909,35.0,21.0,
01-30-1909,40.0,25.0,
01-31-1909,43.0,29.0,to.
02-01-1909,51.0,35.0,
02-02-1909,34,39.0,
02-03-1909,46.0,3.0,
02-04-1909,42,30.0,
02-05-1909,35.0,24.0,
02-06-1909,38,24.0,
02-07-1909,38.0,24.0,
02-08-1909,34.0,12.0,
02-09-1909,35,25.0,
02-10-1909,36,26.0,
02-11-1909,38.0,13.0,
02-12-1909,34,,
02-13-1909,36.0,,
02-14-1909,39,,
02-15-1909,44,,
02-16-1909,48.0,,
02-17-1909,42.0,,
02-18-1909,45.0,,
02-19-1909,39.0,,
02-20-1909,40,,
02-21-1909,54.0,,
02-22-1909,37,,
02-23-1909,40,,
02-24-1909,45.0,,
02-25-1909,41.0,,
02-26-1909,45,,
02-27-1909,42.0,,
02-28-1909,40.0,,
03-01-1909,43.0,,
03-02-1909,49.0,,
03-03-1909,55.0,,
03-04-1909,45.0,,
03-05-1909,43.0,,
03-06-1909,48.0,29.0,
03-07-1909,44.0,,
03-08-1909,42.0,31.0,
03-09-1909,39.0,29.0,
03-10-1909,,29.0,
03-11-1909,42.0,24.0,
03-12-1909,51.0,30.0,
03-13-1909,58.0,32.0,
03-14-1909,56.0,34.0,
03-15-1909,59.0,32.0,
03-16-1909,62.0,35.0,
03-17-1909,41.0,32.0,
03-18-1909,45.0,27.0,
03-19-1909,44.0,32.0,
03-20-1909,44.0,30.0,
03-21-1909,50.0,30.0,
03-22-1909,54.0,32.0,
03-23-1909,61.0,35.0,
03-24-1909,58.0,32.0,
03-25-1909,60.0,34.0,
03-26-1909,59.0,31.0,
03-27-1909,54.0,39.0,
03-28-1909,54.0,33.0,
03-29-1909,56.0,38.0,
03-30-1909,53.0,34.0,
03-31-1909,56.0,41.0,
04-01-1909,57.0,33.0,
04-02-1909,49.0,35.0,
04-03-1909,49.0,29.0,
04-04-1909,44.0,25.0,
04-05-1909,47.0,27.0,
04-06-1909,50.0,33.0,
04-07-1909,54.0,27.0,
04-08-1909,65.0,33.0,
04-09-1909,59.0,40.0,
04-10-1909,42.0,32.0,0.15
04-11-1909,51.0,29.0,
04-12-1909,58.0,28.0,
04-13-1909,54.0,34.0,
04-14-1909,51.0,33.0,
04-15-1909,53.0,35.0,
04-16-1909,55.0,31.0,
04-17-1909,50.0,32.0,
04-18-1909,61.0,26.0,
04-19-1909,59.0,25.0,
04-20-1909,54.0,35.0,
04-21-1909,53.0,28.0,
04-22-1909,49.0,35.0,
04-23-1909,53.0,37.0,
04-24-1909,59.0,37.0,0.3
04-25-1909,61.0,43.0,0.45
04-26-1909,55.0,37.0,0.83
04-27-1909,50.0,38.0,14.0
04-28-1909,44.0,34.0,
04-29-1909,45.0,36.0,
04-30-1909,54.0,29.0,
05-01-1909,64.0,39.0,
05-02-1909,66.0,40.0,
05-03-1909,76.0,44.0,
05-04-1909,55.0,42.0,
05-05-1909,50.0,31.0,
05-06-1909,55.0,32.0,0.01
05-07-1909,57.0,36.0,
05-08-1909,66.0,35.0,
05-09-1909,54.0,44.0,
05-10-1909,52.0,34.0,
05-11-1909,50.0,32.0,0.26
05-12-1909,58.0,39.0,0.03
05-13-1909,62.0,39.0,
05-14-1909,63.0,38.0,
05-15-1909,61.0,39.0,
05-16-1909,54.0,41.0,
05-17-1909,60.0,36.0,0.03
05-18-1909,64.0,39.0,
05-19-1909,63.0,40.0,0.2
05-20-1909,54.0,39.0,
05-21-1909,53.0,40.0,
05-22-1909,53.0,42.0,
05-23-1909,60.0,42.0,
05-24-1909,74.0,45.0,
05-25-1909,76.0,56.0,
05-26-1909,64.0,52.0,
05-27-1909,61.0,47.0,0.93
05-28-1909,58.0,41.0,0.15
05-29-1909,59.0,41.0,
05-30-1909,68.0,40.0,
05-31-1909,81.0,50.0,
06-01-1909,88.0,66.0,
06-02-1909,72.0,52.0,
06-03-1909,74.0,45.0,
06-04-1909,,,
06-05-1909,,,
06-06-1909,,,
06-07-1909,,,
06-08-1909,74.0,39.0,0.35
06-09-1909,70.0,45.0,0.05
06-10-1909,78.0,45.0,
06-11-1909,78.0,45.0,
06-12-1909,78.0,50.0,
06-13-1909,78.0,40.0,
06-14-1909,81.0,47.0,
06-15-1909,68.0,47.0,
06-16-1909,70.0,56.0,
06-17-1909,69.0,51.0,
06-18-1909,77.0,49.0,
06-19-1909,65.0,55.0,0.04
06-20-1909,75.0,49.0,
06-21-1909,,,
06-22-1909,70.0,49.0,
06-23-1909,65.0,42.0,
06-24-1909,39.0,46.0,
06-25-1909,75.0,50.0,
06-26-1909,73.0,48.0,
06-27-1909,76.0,48.0,0.18
06-28-1909,73.0,46.0,
06-29-1909,82.0,52.0,
06-30-1909,84.0,55.0,
07-01-1909,83.0,51.0,
07-02-1909,98.0,50.0,
07-03-1909,91.0,53.0,
07-04-1909,84.0,57.0,
07-05-1909,80.0,56.0,0.37
07-06-1909,59.0,60.0,0.14
07-07-1909,60.0,49.0,0.13
07-08-1909,59.0,45.0,0.25
07-09-1909,57.0,46.0,
07-10-1909,73.0,47.0,
07-11-1909,79.0,49.0,0.11
07-12-1909,78.0,63.0,0.06
07-13-1909,73.0,47.0,
07-14-1909,81.0,42.0,
07-15-1909,90.0,50.0,
07-16-1909,86.0,52.0,
07-17-1909,73.0,47.0,
07-18-1909,71.0,45.0,
07-19-1909,81.0,45.0,
07-20-1909,80.0,44.0,
07-21-1909,91.0,51.0,
07-22-1909,92.0,,
07-23-1909,,,
07-24-1909,,,
07-25-1909,,,
07-26-1909,,,
07-27-1909,,,
07-28-1909,,,
07-29-1909,,,
07-30-1909,,,
07-31-1909,84.0,53.0,
08-01-1909,,,
08-01-1909,,,
08-02-1909,,,
08-02-1909,,,
08-03-1909,85.0,50.0,
08-03-1909,85.0,50.0,
08-04-1909,74.0,57.0,
08-04-1909,74.0,57.0,
08-05-1909,75.0,60.0,
08-05-1909,75.0,60.0,
08-06-1909,76.0,36.0,
08-06-1909,76.0,36.0,
08-07-1909,80.0,39.0,
08-07-1909,80.0,39.0,
08-08-1909,86.0,52.0,
08-08-1909,86.0,52.0,
08-09-1909,20.0,54.0,
08-09-1909,20.0,54.0,
08-10-1909,85.0,52.0,
08-10-1909,85.0,52.0,
08-11-1909,84.0,54.0,
08-11-1909,84.0,54.0,
08-12-1909,87.0,45.0,
08-12-1909,87.0,45.0,
08-13-1909,88.0,52.0,
08-13-1909,88.0,52.0,0.12
08-14-1909,,,
08-14-1909,,,
08-15-1909,75.0,53.0,
08-15-1909,75.0,53.0,
08-16-1909,80.0,39.0,
08-16-1909,80.0,39.0,
08-17-1909,87.0,39.0,
08-17-1909,87.0,39.0,
08-18-1909,92.0,52.0,
08-18-1909,92.0,52.0,
08-19-1909,100.0,56.0,
08-19-1909,100.0,56.0,
08-20-1909,83.0,60.0,
08-20-1909,83.0,60.0,
08-21-1909,80.0,59.0,
08-21-1909,80.0,59.0,
08-22-1909,79.0,51.0,0.33
08-22-1909,79.0,51.0,
08-23-1909,74.0,57.0,
08-23-1909,74.0,57.0,
08-24-1909,69.0,44.0,
08-24-1909,69.0,44.0,
08-25-1909,83.0,47.0,
08-25-1909,83.0,47.0,
08-26-1909,74.0,52.0,0.05
08-26-1909,74.0,52.0,
08-27-1909,69.0,44.0,
08-27-1909,69.0,44.0,
08-28-1909,83.0,49.0,0.23
08-28-1909,83.0,49.0,
08-29-1909,84.0,53.0,
08-29-1909,84.0,53.0,
08-30-1909,83.0,46.0,
08-30-1909,83.0,46.0,
08-31-1909,88.0,45.0,
08-31-1909,88.0,45.0,
09-01-1909,80.0,60.0,
09-02-1909,61.0,57.0,0.17
09-03-1909,74.0,54.0,
09-04-1909,80.0,53.0,
09-05-1909,86.0,52.0,
09-06-1909,98.0,39.0,
09-07-1909,58.0,57.0,
09-08-1909,83.0,51.0,
09-09-1909,88.0,56.0,
09-10-1909,76.0,34.0,
09-11-1909,52.0,42.0,0.1
09-12-1909,72.0,59.0,
09-13-1909,72.0,50.0,
09-14-1909,76.0,44.0,
09-15-1909,85.0,48.0,
09-16-1909,88.0,55.0,
09-17-1909,70.0,60.0,
09-18-1909,64.0,35.0,
09-19-1909,19.0,42.0,
09-20-1909,57.0,29.0,0.28
09-21-1909,58.0,40.0,
09-22-1909,66.0,50.0,
09-23-1909,72.0,40.0,
09-24-1909,83.0,52.0,
09-25-1909,79.0,49.0,
09-26-1909,69.0,45.0,
09-27-1909,84.0,41.0,
09-28-1909,69.0,55.0,
09-29-1909,62.0,42.0,0.3
09-30-1909,56.0,38.0,
10-01-1909,63.0,40.0,
10-02-1909,62.0,35.0,
10-03-1909,68.0,43.0,to
10-04-1909,57.0,42.0,
10-05-1909,60.0,40.0,
10-06-1909,,,
10-07-1909,67.0,33.0,
10-08-1909,49.0,30.0,
10-09-1909,60.0,44.0,
10-10-1909,71.0,43.0,
10-11-1909,77.0,42.0,
10-12-1909,67.0,44.0,
10-13-1909,66.0,,
10-14-1909,63.0,38.0,
10-15-1909,64.0,35.0,
10-16-1909,68.0,36.0,
10-17-1909,66.0,32.0,
10-18-1909,67.0,40.0,
10-19-1909,62.0,36.0,50
10-20-1909,,,23
10-21-1909,51.0,37.0,30.0
10-22-1909,57.0,37.0,
10-23-1909,64.0,43.0,
10-24-1909,59.0,39.0,10
10-25-1909,54.0,35.0,
10-26-1909,55.0,34.0,
10-27-1909,62.0,34.0,
10-28-1909,56.0,34.0,
10-29-1909,47.0,,10
10-30-1909,45.0,32.0,10.0
10-31-1909,43.0,28.0,90.0
11-01-1909,47.0,32.0,
11-02-1909,66.0,,
11-03-1909,55.0,38,
11-04-1909,54.0,40.0,
11-05-1909,54.0,x,
11-06-1909,47.0,36,
11-07-1909,45.0,33,
11-08-1909,53.0,39,
11-09-1909,51.0,39.0,
11-10-1909,45.0,35.,
11-11-1909,43.0,34,
11-12-1909,39.0,32,
11-13-1909,35.0,80,
11-14-1909,27.0,97,
11-15-1909,30.0,13,
11-16-1909,33.0,18.0,
11-17-1909,28.0,,
11-18-1909,45.0,30.0,
11-19-1909,50.0,x,
11-20-1909,40.0,26.0,
11-21-1909,42.0,29,
11-22-1909,41.0,33,
11-23-1909,55.0,,
11-24-1909,52.0,,
11-25-1909,44.0,,
11-26-1909,40.0,28.0,
11-27-1909,37.0,26,
11-28-1909,42.0,30,
11-29-1909,40.0,31,
11-30-1909,,,
12-01-1909,39.0,31.0,
12-02-1909,41.0,31.0,
12-03-1909,32.0,26.0,
12-04-1909,23.0,9.0,
12-05-1909,26.0,16.0,
12-06-1909,25.0,10.0,
12-07-1909,27.0,16.0,
12-08-1909,37.0,19.0,
12-09-1909,40.0,30.0,
12-10-1909,35.0,26.0,
12-11-1909,34.0,30.0,
12-12-1909,44.0,33.0,
12-13-1909,44.0,18.0,
12-14-1909,37.0,28.0,
12-15-1909,31.0,26.0,
12-16-1909,37.0,24.0,
12-17-1909,28.0,25.0,
12-18-1909,27.0,23.0,
12-19-1909,31.0,22.0,
12-20-1909,34.0,20.0,
12-21-1909,30.0,12.0,
12-22-1909,25.0,10.0,
12-23-1909,21.0,16.0,
12-24-1909,26.0,11.0,
12-25-1909,30.0,15.0,
12-26-1909,32.0,22.0,
12-27-1909,28.0,25.0,
12-28-1909,28.0,11.0,
12-29-1909,34.0,10.0,
12-30-1909,38.0,21.0,
12-31-1909,38.0,24.0,
01-01-1910,23.0,11.0,
01-02-1910,20.0,3.0,
01-03-1910,17.0,3.0,
01-04-1910,11.0,6.0,
01-05-1910,19.0,0.0,
01-06-1910,26.0,18.0,
01-07-1910,26.0,18.0,
01-08-1910,29.0,25.0,
01-09-1910,,,
01-10-1910,32.0,15.0,
01-11-1910,35.0,8.0,
01-12-1910,29.0,17.0,
01-13-1910,27.0,17.0,
01-14-1910,35.0,19.0,
01-15-1910,,26.0,
01-16-1910,36.0,22.0,
01-17-1910,35.0,21.0,
01-18-1910,37.0,27.0,
01-19-1910,31.0,18.0,
01-20-1910,34.0,20.0,
01-21-1910,37.0,27.0,
01-22-1910,41.0,36.0,
01-23-1910,44.0,37.0,
01-24-1910,43.0,36.0,
01-25-1910,35.0,30.0,
01-26-1910,36.0,26.0,
01-27-1910,35.0,19.0,
01-28-1910,35.0,23.0,
01-29-1910,31.0,15.0,
01-30-1910,40.0,25.0,
01-31-1910,31.0,27.0,
02-01-1910,,12.0,
02-02-1910,21,2.0,
02-03-1910,,,
02-04-1910,45,16.0,
02-05-1910,35.0,21.0,
02-06-1910,35,21.0,
02-07-1910,33.0,27.0,
02-08-1910,33.0,16.0,
02-09-1910,37,24.0,
02-10-1910,34,2.0,
02-11-1910,35.0,19.0,
02-12-1910,34,26.0,
02-13-1910,39.0,26.0,
02-14-1910,33,23.0,
02-15-1910,35,3.0,
02-16-1910,,4.0,
02-17-1910,,,
02-18-1910,,,
02-19-1910,35.0,15.0,
02-20-1910,30,-1.0,
02-21-1910,42.0,-4.0,
02-22-1910,66,-15.0,
02-23-1910,33,7.0,
02-24-1910,30.0,50.0,
02-25-1910,25.0,46.0,
02-26-1910,26,43.0,
02-27-1910,,46.0,
02-28-1910,,46.0,
03-01-1910,54.0,,
03-02-1910,54.0,,
03-03-1910,52.0,38.0,
03-04-1910,54.0,37.0,
03-05-1910,52.0,,
03-06-1910,48.0,26.0,
03-07-1910,52.0,,
03-08-1910,68.0,33.0,
03-09-1910,62.0,27.0,
03-10-1910,56.0,38.0,
03-11-1910,60.0,38.0,
03-12-1910,62.0,37.0,
03-13-1910,67.0,38.0,
03-14-1910,68.0,37.0,
03-15-1910,67.0,38.0,
03-16-1910,62.0,38.0,
03-17-1910,64.0,42.0,
03-18-1910,62.0,,
03-19-1910,64.0,44.0,
03-20-1910,34.0,45.0,
03-21-1910,56.0,42.0,
03-22-1910,61.0,43.0,
03-23-1910,34.0,32.0,
03-24-1910,44.0,31.0,
03-25-1910,41.0,28.0,
03-26-1910,51.0,28.0,
03-27-1910,52.0,36.0,
03-28-1910,52.0,34.0,
03-29-1910,50.0,29.0,
03-30-1910,56.0,30.0,
03-31-1910,56.0,48.0,
04-01-1910,40.0,29.0,
04-02-1910,40.0,32.0,0.75
04-03-1910,48.0,29.0,0.1
04-04-1910,52.0,36.0,0.15
04-05-1910,56.0,40.0,
04-06-1910,60.0,36.0,
04-07-1910,48.0,36.0,0.15
04-08-1910,56.0,38.0,0.31
04-09-1910,57.0,44.0,0.3
04-10-1910,39.0,44.0,0.53
04-11-1910,67.0,46.0,
04-12-1910,57.0,46.0,
04-13-1910,36.0,47.0,
04-14-1910,50.0,30.0,
04-15-1910,60.0,31.0,
04-16-1910,65.0,38.0,
04-17-1910,78.0,41.0,
04-18-1910,85.0,52.0,
04-19-1910,51.0,51.0,
04-20-1910,71.0,46.0,0.1
04-21-1910,56.0,38.0,
04-22-1910,78.0,48.0,
04-23-1910,83.0,52.0,
04-24-1910,86.0,52.0,
04-25-1910,88.0,56.0,
04-26-1910,75.0,47.0,
04-27-1910,65.0,35.0,
04-28-1910,66.0,44.0,
04-29-1910,68.0,38.0,
04-30-1910,71.0,45.0,
05-01-1910,62.0,39.0,
05-02-1910,65.0,35.0,
05-03-1910,62.0,42.0,
05-04-1910,65.0,38.0,
05-05-1910,62.0,44.0,0.06
05-06-1910,65.0,45.0,
05-07-1910,75.0,48.0,
05-08-1910,75.0,48.0,
05-09-1910,79.0,50.0,
05-10-1910,62.0,37.0,0.06
05-11-1910,76.0,40.0,
05-12-1910,65.0,43.0,
05-13-1910,65.0,37.0,
05-14-1910,70.0,39.0,
05-15-1910,64.0,42.0,
05-16-1910,65.0,37.0,
05-17-1910,75.0,43.0,
05-18-1910,75.0,45.0,
05-19-1910,76.0,47.0,
05-20-1910,74.0,37.0,
05-21-1910,75.0,40.0,
05-22-1910,80.0,29.0,
05-23-1910,86.0,65.0,
05-24-1910,86.0,60.0,
05-25-1910,70.0,37.0,0.4
05-26-1910,65.0,41.0,
05-27-1910,67.0,39.0,
05-28-1910,68.0,42.0,
05-29-1910,59.0,45.0,
05-30-1910,86.0,45.0,
05-31-1910,90.0,51.0,
06-01-1910,81.0,57.0,
06-02-1910,71.0,43.0,
06-03-1910,67.0,39.0,
06-04-1910,66.0,39.0,
06-05-1910,66.0,39.0,
06-06-1910,74.0,39.0,
06-07-1910,76.0,44.0,
06-08-1910,79.0,44.0,
06-09-1910,93.0,46.0,
06-10-1910,90.0,36.0,
06-11-1910,49.0,56.0,
06-12-1910,74.0,41.0,
06-13-1910,28.0,37.0,
06-14-1910,78.0,41.0,0.25
06-15-1910,76.0,42.0,
06-16-1910,76.0,42.0,
06-17-1910,70.0,33.0,
06-18-1910,70.0,35.0,
06-19-1910,67.0,40.0,
06-20-1910,62.0,46.0,
06-21-1910,65.0,40.0,
06-22-1910,68.0,42.0,
06-23-1910,81.0,48.0,
06-24-1910,87.0,49.0,
06-25-1910,82.0,50.0,
06-26-1910,80.0,51.0,
06-27-1910,80.0,53.0,
06-28-1910,72.0,49.0,
06-29-1910,76.0,42.0,
06-30-1910,,55.0,
07-01-1910,74.0,47.0,
07-02-1910,75.0,49.0,
07-03-1910,75.0,52.0,
07-04-1910,76.0,49.0,
07-05-1910,81.0,49.0,
07-06-1910,82.0,52.0,
07-07-1910,81.0,65.0,
07-08-1910,82.0,58.0,
07-09-1910,85.0,62.0,
07-10-1910,90.0,49.0,
07-11-1910,93.0,57.0,
07-12-1910,92.0,69.0,
07-13-1910,89.0,61.0,
07-14-1910,99.0,60.0,0.1
07-15-1910,92.0,59.0,
07-16-1910,93.0,58.0,
07-17-1910,83.0,60.0,
07-18-1910,68.0,46.0,
07-19-1910,95.0,49.0,
07-20-1910,85.0,49.0,
07-21-1910,92.0,58.0,0.08
07-22-1910,69.0,51.0,
07-23-1910,81.0,46.0,
07-24-1910,81.0,54.0,
07-25-1910,80.0,48.0,
07-26-1910,77.0,53.0,
07-27-1910,83.0,43.0,
07-28-1910,87.0,49.0,
07-29-1910,86.0,49.0,
07-30-1910,88.0,46.0,
07-31-1910,84.0,47.0,
08-01-1910,76.0,57.0,
08-02-1910,78.0,51.0,
08-03-1910,87.0,46.0,
08-04-1910,86.0,58.0,
08-05-1910,79.0,55.0,
08-06-1910,80.0,49.0,
08-07-1910,82.0,49.0,
08-08-1910,89.0,58.0,
08-09-1910,15.0,49.0,
08-10-1910,87.0,63.0,
08-11-1910,85.0,50.0,
08-12-1910,81.0,57.0,
08-13-1910,,48.0,
08-14-1910,,,
08-15-1910,64.0,46.0,
08-16-1910,74.0,43.0,
08-17-1910,84.0,44.0,
08-18-1910,95.0,57.0,
08-19-1910,97.0,54.0,
08-20-1910,87.0,57.0,
08-21-1910,78.0,59.0,
08-22-1910,74.0,51.0,
08-23-1910,59.0,48.0,
08-24-1910,62.0,36.0,
08-25-1910,78.0,41.0,
08-26-1910,70.0,41.0,
08-27-1910,63.0,38.0,
08-28-1910,,,
08-29-1910,69.0,33.0,
08-30-1910,76.0,46.0,
08-31-1910,72.0,52.0,
09-01-1910,63.0,49.0,0.9
09-02-1910,72.0,35.0,
09-03-1910,72.0,42.0,
09-04-1910,67.0,47.0,0.16
09-05-1910,70.0,44.0,
09-06-1910,58.0,45.0,
09-07-1910,63.0,35.0,
09-08-1910,71.0,45.0,
09-09-1910,72.0,34.0,
09-10-1910,55.0,48.0,
09-11-1910,65.0,38.0,
09-12-1910,71.0,41.0,
09-13-1910,69.0,48.0,
09-14-1910,85.0,44.0,
09-15-1910,58.0,54.0,
09-16-1910,72.0,54.0,0.09
09-17-1910,35.0,45.0,0.12
09-18-1910,73.0,42.0,0.26
09-19-1910,28.0,48.0,
09-20-1910,28.0,62.0,
09-21-1910,64.0,66.0,.07
09-22-1910,94.0,52.0,
09-23-1910,74.0,43.0,
09-24-1910,94.0,50.0,
09-25-1910,64.0,28.0,
09-26-1910,69.0,36.0,
09-27-1910,74.0,44.0,
09-28-1910,76.0,45.0,
09-29-1910,74.0,42.0,
09-30-1910,73.0,42.0,
10-01-1910,54.0,52.0,43.0
10-02-1910,55.0,38.0,67
10-03-1910,51.0,42.0,75
10-04-1910,51.0,,20
10-05-1910,61.0,45.0,
10-06-1910,69.0,49.0,
10-07-1910,64.0,47.0,
10-08-1910,79.0,50.0,
10-09-1910,79.0,46.0,
10-10-1910,79.0,43.0,
10-11-1910,69.0,42.0,
10-12-1910,62.0,42.0,
10-13-1910,62.0,44.0,
10-14-1910,63.0,40.0,
10-15-1910,69.0,40.0,
10-16-1910,69.0,40.0,
10-17-1910,60.0,49.0,46.0
10-18-1910,59.0,39.0,
10-19-1910,57.0,38.0,
10-20-1910,61.0,38.0,
10-21-1910,63.0,38.0,
10-22-1910,60.0,36.0,
10-23-1910,61.0,34.0,
10-24-1910,57.0,42.0,
10-25-1910,57.0,45.0,02
10-26-1910,46.0,31.0,
10-27-1910,50.0,26.0,
10-28-1910,58.0,36.0,
10-29-1910,66.0,41.0,
10-30-1910,58.0,40.0,
10-31-1910,53.0,42.0,80.0
11-01-1910,51.0,,
11-02-1910,58.0,,
11-03-1910,58.0,,
11-04-1910,58.0,,
11-05-1910,45.0,,
11-06-1910,51.0,,
11-07-1910,51.0,,
11-08-1910,,,
11-09-1910,52.0,,
11-10-1910,52.0,,
11-11-1910,52.0,,
11-12-1910,44.0,,
11-13-1910,41.0,,
11-14-1910,41.0,,
11-15-1910,36.0,,
11-16-1910,36.0,,
11-17-1910,,,
11-18-1910,,,
11-19-1910,43.0,,
11-20-1910,48.0,,
11-21-1910,48.0,,
11-22-1910,44.0,,
11-23-1910,,,
11-24-1910,,,
11-25-1910,46.0,,
11-26-1910,,,
11-27-1910,,,
11-28-1910,35.0,,
11-29-1910,39.0,,
11-30-1910,45.0,,
12-01-1910,46.0,33.0,
12-02-1910,51.0,32.0,
12-03-1910,44.0,38.0,
12-04-1910,41.0,32.0,
12-05-1910,40.0,32.0,
12-06-1910,38.0,32.0,
12-07-1910,44.0,33.0,
12-08-1910,40.0,34.0,
12-09-1910,40.0,23.0,
12-10-1910,37.0,26.0,
12-11-1910,38.0,32.0,
12-12-1910,41.0,32.0,
12-13-1910,41.0,33.0,
12-14-1910,39.0,29.0,
12-15-1910,32.0,27.0,
12-16-1910,36.0,27.0,
12-17-1910,31.0,27.0,
12-18-1910,31.0,27.0,
12-19-1910,31.0,26.0,
12-20-1910,28.0,24.0,
12-21-1910,34.0,24.0,
12-22-1910,32.0,25.0,
12-23-1910,37.0,29.0,
12-24-1910,41.0,31.0,
12-25-1910,36.0,28.0,
12-26-1910,36.0,30.0,
12-27-1910,35.0,27.0,
12-28-1910,39.0,30.0,
12-29-1910,35.0,26.0,
12-30-1910,,,
12-31-1910,32.0,24.0,
01-01-1911,25.0,12.0,
01-02-1911,18.0,2.0,
01-03-1911,33.0,8.0,
01-04-1911,37.0,28.0,
01-05-1911,38.0,34.0,
01-06-1911,43.0,32.0,
01-07-1911,43.0,,
01-08-1911,39.0,30.0,
01-09-1911,44.0,,
01-10-1911,43.0,,
01-11-1911,33.0,25.0,
01-12-1911,33.0,21.0,
01-13-1911,30.0,12.0,
01-14-1911,30.0,11.0,
01-15-1911,20.0,13.0,
01-16-1911,33.0,14.0,
01-17-1911,35.0,26.0,10
01-18-1911,43.0,28.0,
01-19-1911,45.0,32.0,73
01-20-1911,33.0,27.0,.25
01-21-1911,30.0,25.0,
01-22-1911,32.0,25.0,
01-23-1911,33.0,18.0,
01-24-1911,34.0,26.0,
01-25-1911,40.0,28.0,"5.0
28-"
01-26-1911,34.0,26.0,
01-27-1911,42.0,23.0,
01-28-1911,40.0,32.0,
01-29-1911,,,
01-30-1911,42.0,32.0,.09
01-31-1911,25.0,33.0,20
02-01-1911,40.0,32.0,
02-02-1911,33,31.0,
02-03-1911,27.0,15.0,
02-04-1911,33,20.0,
02-05-1911,35.0,27.0,
02-06-1911,30,31.0,
02-07-1911,33.0,24.0,
02-08-1911,34.0,26.0,
02-09-1911,33,24.0,
02-10-1911,37,28.0,
02-11-1911,39.0,30.0,
02-12-1911,33,19.0,
02-13-1911,35.0,26.0,
02-14-1911,29,25.0,
02-15-1911,32,24.0,
02-16-1911,30.0,15.0,
02-17-1911,31.0,19.0,
02-18-1911,31.0,27.0,
02-19-1911,33.0,23.0,
02-20-1911,32,12.0,
02-21-1911,35.0,19.0,
02-22-1911,34,22.0,
02-23-1911,34,20.0,
02-24-1911,28.0,20.0,
02-25-1911,,,
02-26-1911,32,21.0,
02-27-1911,30.0,12.0,
02-28-1911,30.0,12.0,
03-01-1911,36.0,11.0,
03-02-1911,41.0,20.0,
03-03-1911,42.0,25.0,
03-04-1911,41.0,32.0,
03-05-1911,41.0,31.0,
03-06-1911,48.0,34.0,
03-07-1911,42.0,33.0,
03-08-1911,45.0,32.0,
03-09-1911,47.0,34.0,
03-10-1911,40.0,32.0,
03-11-1911,42.0,31.0,
03-12-1911,50.0,28.0,
03-13-1911,53.0,38.0,
03-14-1911,55.0,34.0,
03-15-1911,44.0,35.0,
03-16-1911,56.0,34.0,
03-17-1911,63.0,23.0,
03-18-1911,58.0,35.0,
03-19-1911,66.0,36.0,
03-20-1911,59.0,39.0,
03-21-1911,56.0,35.0,
03-22-1911,61.0,40.0,
03-23-1911,50.0,45.0,
03-24-1911,47.0,35.0,
03-25-1911,40.0,29.0,
03-26-1911,39.0,28.0,
03-27-1911,49.0,28.0,
03-28-1911,55.0,30.0,
03-29-1911,49.0,39.0,
03-30-1911,53.0,38.0,
03-31-1911,50.0,42.0,
04-01-1911,60.0,43.0,
04-02-1911,45.0,32.0,
04-03-1911,40.0,35.0,
04-04-1911,41.0,32.0,0.12
04-05-1911,43.0,33.0,
04-06-1911,35.0,28.0,
04-07-1911,55.0,30.0,
04-08-1911,61.0,36.0,
04-09-1911,52.0,41.0,
04-10-1911,33.0,39.0,
04-11-1911,57.0,29.0,0.13
04-12-1911,40.0,25.0,
04-13-1911,45.0,21.0,
04-14-1911,52.0,25.0,
04-15-1911,60.0,34.0,
04-16-1911,52.0,46.0,
04-17-1911,55.0,30.0,
04-18-1911,45.0,34.0,0.02
04-19-1911,54.0,32.0,
04-20-1911,67.0,30.0,
04-21-1911,63.0,45.0,
04-22-1911,61.0,43.0,
04-23-1911,70.0,47.0,
04-24-1911,73.0,47.0,
04-25-1911,65.0,42.0,
04-26-1911,59.0,28.0,
04-27-1911,58.0,42.0,
04-28-1911,60.0,38.0,
04-29-1911,59.0,35.0,
04-30-1911,65.0,30.0,
05-01-1911,70.0,40.0,
05-02-1911,50.0,43.0,0.19
05-03-1911,58.0,43.0,0.13
05-04-1911,67.0,48.0,0.04
05-05-1911,60.0,55.0,0.12
05-06-1911,40.0,34.0,0.04
05-07-1911,32.0,36.0,
05-08-1911,45.0,40.0,0.16
05-09-1911,47.0,32.0,
05-10-1911,53.0,35.0,
05-11-1911,64.0,36.0,
05-12-1911,50.0,46.0,0.1
05-13-1911,,35.0,
05-14-1911,58.0,38.0,
05-15-1911,54.0,39.0,
05-16-1911,54.0,44.0,0.82
05-17-1911,53.0,38.0,0.8
05-18-1911,53.0,40.0,0.32
05-19-1911,53.0,38.0,0.06
05-20-1911,64.0,34.0,
05-21-1911,67.0,34.0,
05-22-1911,58.0,40.0,
05-23-1911,54.0,34.0,
05-24-1911,50.0,35.0,0.56
05-25-1911,52.0,34.0,0.05
05-26-1911,56.0,34.0,
05-27-1911,61.0,34.0,0.23
05-28-1911,62.0,25.0,
05-29-1911,70.0,37.0,
05-30-1911,78.0,46.0,
05-31-1911,83.0,48.0,
06-01-1911,79.0,56.0,
06-02-1911,68.0,52.0,
06-03-1911,59.0,44.0,
06-04-1911,5.8,41.0,
06-05-1911,71.0,42.0,
06-06-1911,72.0,41.0,
06-07-1911,63.0,41.0,
06-08-1911,62.0,47.0,71.0
06-09-1911,72.0,43.0,
06-10-1911,82.0,54.0,
06-11-1911,91.0,58.0,
06-12-1911,90.0,61.0,
06-13-1911,58.0,60.0,
06-14-1911,84.0,60.0,
06-15-1911,81.0,56.0,
06-16-1911,78.0,48.0,
06-17-1911,76.0,52.0,
06-18-1911,76.0,51.0,
06-19-1911,76.0,48.0,
06-20-1911,76.0,50.0,0.11
06-21-1911,83.0,59.0,0.5
06-22-1911,72.0,52.0,
06-23-1911,57.0,50.0,0.27
06-24-1911,63.0,43.0,0.14
06-25-1911,78.0,44.0,
06-26-1911,77.0,50.0,
06-27-1911,68.0,54.0,0.38
06-28-1911,64.0,46.0,
06-29-1911,65.0,48.0,
06-30-1911,62.0,49.0,
07-01-1911,76.0,48.0,
07-02-1911,76.0,51.0,
07-03-1911,74.0,53.0,0.03
07-04-1911,77.0,58.0,
07-05-1911,85.0,52.0,
07-06-1911,85.0,63.0,
07-07-1911,64.0,46.0,
07-08-1911,70.0,46.0,
07-09-1911,73.0,44.0,
07-10-1911,74.0,48.0,
07-11-1911,82.0,45.0,
07-12-1911,88.0,46.0,
07-13-1911,95.0,57.0,
07-14-1911,91.0,63.0,
07-15-1911,98.0,62.0,
07-16-1911,99.0,66.0,
07-17-1911,94.0,62.0,
07-18-1911,92.0,64.0,
07-19-1911,92.0,54.0,
07-20-1911,90.0,52.0,
07-21-1911,85.0,52.0,
07-22-1911,76.0,60.0,
07-23-1911,89.0,52.0,
07-24-1911,96.0,63.0,
07-25-1911,95.0,60.0,
07-26-1911,82.0,64.0,
07-27-1911,84.0,49.0,
07-28-1911,92.0,52.0,
07-29-1911,89.0,66.0,
07-30-1911,82.0,60.0,
07-31-1911,85.0,53.0,
08-01-1911,70.0,57.0,
08-02-1911,78.0,52.0,0.08
08-03-1911,78.0,54.0,0.18
08-04-1911,80.0,48.0,0.1
08-05-1911,79.0,48.0,
08-06-1911,75.0,,0.5
08-07-1911,73.0,52.0,
08-08-1911,80.0,46.0,
08-09-1911,77.0,44.0,
08-10-1911,84.0,48.0,
08-11-1911,84.0,48.0,
08-12-1911,82.0,52.0,
08-13-1911,83.0,56.0,
08-14-1911,84.0,60.0,
08-15-1911,77.0,49.0,
08-16-1911,90.0,51.0,
08-17-1911,97.0,51.0,
08-18-1911,88.0,58.0,
08-19-1911,78.0,53.0,
08-20-1911,63.0,49.0,0.02
08-21-1911,80.0,44.0,
08-22-1911,79.0,48.0,
08-23-1911,78.0,48.0,
08-24-1911,83.0,46.0,
08-25-1911,83.0,48.0,
08-26-1911,80.0,46.0,
08-27-1911,84.0,52.0,
08-28-1911,85.0,49.0,
08-29-1911,81.0,55.0,
08-30-1911,86.0,53.0,
08-31-1911,92.0,57.0,
09-01-1911,90.0,56.0,
09-02-1911,92.0,57.0,
09-03-1911,81.0,54.0,
09-04-1911,82.0,51.0,
09-05-1911,76.0,59.0,
09-06-1911,39.0,44.0,0.5
09-07-1911,68.0,46.0,0.16
09-08-1911,67.0,44.0,
09-09-1911,71.0,46.0,
09-10-1911,76.0,50.0,
09-11-1911,74.0,48.0,
09-12-1911,72.0,42.0,
09-13-1911,62.0,42.0,
09-14-1911,74.0,45.0,
09-15-1911,61.0,47.0,0.14
09-16-1911,54.0,40.0,0.1
09-17-1911,7.0,40.0,
09-18-1911,37.0,39.0,
09-19-1911,68.0,43.0,
09-20-1911,48.0,46.0,
09-21-1911,66.0,46.0,
09-22-1911,58.0,44.0,
09-23-1911,63.0,32.0,
09-24-1911,64.0,29.0,
09-25-1911,74.0,34.0,
09-26-1911,70.0,46.0,0.02
09-27-1911,62.0,37.0,
09-28-1911,64.0,39.0,
09-29-1911,64.0,41.0,
09-30-1911,69.0,39.0,
10-01-1911,56.0,44.0,
10-01-1911,65.0,44.0,
10-02-1911,56.0,42.0,
10-02-1911,51.0,42.0,
10-03-1911,58.0,34.0,
10-03-1911,49.0,34.0,
10-04-1911,49.0,42.0,
10-04-1911,54.0,42.0,
10-05-1911,50.0,40.0,
10-05-1911,55.0,40.0,
10-06-1911,57.0,31.0,
10-06-1911,67.0,31.0,
10-07-1911,51.0,40.0,
10-07-1911,76.0,40.0,
10-08-1911,80.0,50.0,
10-08-1911,56.0,50.0,
10-09-1911,60.0,46.0,
10-09-1911,49.0,46.0,
10-10-1911,50.0,40.0,
10-10-1911,49.0,40.0,
10-11-1911,57.0,42.0,
10-11-1911,50.0,42.0,
10-12-1911,62.0,41.0,
10-12-1911,49.0,41.0,
10-13-1911,66.0,46.0,
10-13-1911,59.0,46.0,
10-14-1911,15.0,41.0,
10-14-1911,77.0,41.0,
10-15-1911,62.0,36.0,
10-15-1911,76.0,36.0,
10-16-1911,77.0,40.0,
10-16-1911,67.0,40.0,
10-17-1911,54.0,40.0,
10-17-1911,61.0,40.0,
10-18-1911,50.0,30.0,
10-18-1911,52.0,30.0,
10-19-1911,54.0,26.0,
10-19-1911,50.0,26.0,
10-20-1911,50.0,,
10-20-1911,56.0,,
10-21-1911,58.0,28.0,
10-21-1911,47.0,28.0,
10-22-1911,55.0,28.0,
10-22-1911,61.0,28.0,
10-23-1911,56.0,31.0,
10-23-1911,58.0,31.0,
10-24-1911,63.0,31.0,
10-24-1911,53.0,31.0,
10-25-1911,56.0,35.0,
10-25-1911,64.0,35.0,
10-26-1911,59.0,34.0,
10-26-1911,63.0,34.0,
10-27-1911,65.0,21.0,
10-27-1911,53.0,21.0,
10-28-1911,65.0,25.0,
10-28-1911,55.0,25.0,
10-29-1911,54.0,24.0,
10-29-1911,65.0,24.0,
10-30-1911,54.0,24.0,
10-30-1911,57.0,24.0,
10-31-1911,55.0,26.0,
10-31-1911,51.0,26.0,
11-01-1911,52.0,,
11-02-1911,53.0,,
11-03-1911,52.0,,
11-04-1911,50.0,,
11-05-1911,45.0,,
11-06-1911,47.0,,
11-07-1911,50.0,,
11-08-1911,50.0,,
11-09-1911,32.0,,
11-10-1911,21.0,,
11-11-1911,16.0,,
11-12-1911,23.0,,
11-13-1911,40.0,,
11-14-1911,47.0,,
11-15-1911,45.0,,
11-16-1911,42.0,,
11-17-1911,45.0,,
11-18-1911,50.0,,
11-19-1911,51.0,,
11-20-1911,56.0,,
11-21-1911,53.0,,
11-22-1911,42.0,,
11-23-1911,39.0,,
11-24-1911,45.0,,
11-25-1911,42.0,,
11-26-1911,47.0,,
11-27-1911,34.0,,
11-28-1911,35.0,,
11-29-1911,38.0,,
11-30-1911,42.0,,
12-01-1911,47.0,31.0,
12-01-1911,47.0,15.0,
12-02-1911,45.0,29.0,
12-02-1911,45.0,31.0,
12-03-1911,46.0,32.0,
12-03-1911,46.0,26.0,
12-04-1911,45.0,23.0,
12-04-1911,45.0,22.0,
12-05-1911,40.0,28.0,
12-05-1911,40.0,25.0,
12-06-1911,39.0,30.0,
12-06-1911,39.0,25.0,
12-07-1911,37.0,25.0,
12-07-1911,37.0,24.0,
12-08-1911,40.0,31.0,
12-08-1911,40.0,28.0,
12-09-1911,44.0,30.0,
12-09-1911,44.0,25.0,
12-10-1911,40.0,30.0,
12-10-1911,40.0,15.0,
12-11-1911,50.0,29.0,
12-11-1911,50.0,13.0,
12-12-1911,51.0,30.0,
12-12-1911,51.0,25.0,
12-13-1911,50.0,24.0,
12-13-1911,50.0,14.0,
12-14-1911,48.0,29.0,
12-14-1911,48.0,28.0,
12-15-1911,36.0,29.0,
12-15-1911,36.0,25.0,
12-16-1911,39.0,26.0,
12-16-1911,39.0,30.0,
12-17-1911,35.0,26.0,
12-17-1911,35.0,24.0,
12-18-1911,33.0,30.0,
12-18-1911,33.0,55.0,
12-19-1911,32.0,26.0,
12-19-1911,32.0,5.0,
12-20-1911,31.0,9.0,
12-20-1911,31.0,25.0,
12-21-1911,34.0,28.0,
12-21-1911,34.0,14.0,
12-22-1911,38.0,26.0,
12-22-1911,38.0,18.0,
12-23-1911,39.0,39.0,
12-23-1911,39.0,27.0,
12-24-1911,40.0,38.0,
12-24-1911,40.0,23.0,
12-25-1911,28.0,12.0,
12-25-1911,28.0,25.0,
12-26-1911,25.0,8.0,
12-26-1911,25.0,25.0,
12-27-1911,34.0,22.0,
12-27-1911,34.0,22.0,
12-28-1911,34.0,39.0,
12-28-1911,34.0,25.0,
12-29-1911,30.0,20.0,
12-29-1911,30.0,22.0,
12-30-1911,28.0,14.0,
12-30-1911,28.0,22.0,
12-31-1911,27.0,32.0,
12-31-1911,27.0,17.0,
01-01-1912,22.0,11.0,
01-02-1912,21.0,7.0,
01-03-1912,20.0,-1.0,
01-04-1912,22.0,-5.0,
01-05-1912,24.0,1.0,
01-06-1912,22.0,4.0,
01-07-1912,8.0,-1.0,
01-08-1912,17.0,-13.0,
01-09-1912,34.0,16.0,
01-10-1912,38.0,3.0,
01-11-1912,33.0,24.0,
01-12-1912,44.0,30.0,
01-13-1912,49.0,36.0,
01-14-1912,50.0,37.0,
01-15-1912,48.0,38.0,
01-16-1912,43.0,35.0,
01-17-1912,38.0,28.0,
01-18-1912,39.0,27.0,
01-19-1912,35.0,27.0,
01-20-1912,38.0,32.0,
01-21-1912,42.0,29.0,
01-22-1912,44.0,2.7,
01-23-1912,46.0,28.0,
01-24-1912,44.0,35.0,
01-25-1912,46.0,38.0,
01-26-1912,44.0,37.0,
01-27-1912,43.0,33.0,
01-28-1912,40.0,32.0,
01-29-1912,44.0,34.0,
01-30-1912,46.0,36.0,
01-31-1912,42.0,34.0,
02-01-1912,42.0,29.0,
02-02-1912,46,22.0,
02-03-1912,32.0,24.0,
02-04-1912,34,20.0,
02-05-1912,42.0,32.0,
02-06-1912,45,35.0,
02-07-1912,45.0,30.0,
02-08-1912,43.0,34.0,
02-09-1912,43,32.0,
02-10-1912,49,31.0,
02-11-1912,46.0,39.0,
02-12-1912,45,30.0,
02-13-1912,44.0,34.0,
02-14-1912,45,31.0,
02-15-1912,47,32.0,
02-16-1912,47.0,24.0,
02-17-1912,44.0,27.0,
02-18-1912,40.0,20.0,
02-19-1912,42.0,29.0,
02-20-1912,39,28.0,
02-21-1912,34.0,28.0,
02-22-1912,34,30.0,
02-23-1912,36,29.0,
02-24-1912,35.0,14.0,
02-25-1912,32.0,12.0,
02-26-1912,38,27.0,
02-27-1912,36.0,12.0,
02-28-1912,32.0,10.0,
02-29-1912,33.0,18.0,
03-01-1912,32.0,15.0,
03-02-1912,28.0,19.0,
03-03-1912,26.0,10.0,
03-04-1912,36.0,15.0,
03-05-1912,42.0,25.0,
03-06-1912,38.0,32.0,
03-07-1912,36.0,29.0,
03-08-1912,35.0,24.0,
03-09-1912,37.0,20.0,
03-10-1912,40.0,18.0,
03-11-1912,39.0,26.0,
03-12-1912,47.0,29.0,
03-13-1912,39.0,26.0,
03-14-1912,38.0,22.0,
03-15-1912,40.0,32.0,
03-16-1912,41.0,29.0,
03-17-1912,39.0,21.0,
03-18-1912,39.0,30.0,
03-19-1912,39.0,20.0,
03-20-1912,41.0,22.0,
03-21-1912,43.0,22.0,
03-22-1912,50.0,28.0,
03-23-1912,49.0,32.0,
03-24-1912,47.0,36.0,
03-25-1912,54.0,35.0,
03-26-1912,55.0,33.0,
03-27-1912,58.0,35.0,
03-28-1912,48.0,38.0,
03-29-1912,43.0,33.0,
03-30-1912,53.0,29.0,
03-31-1912,55.0,32.0,
04-01-1912,64.0,36.0,
04-02-1912,69.0,36.0,
04-03-1912,54.0,39.0,0.13
04-04-1912,46.0,41.0,0.02
04-05-1912,47.0,32.0,
04-06-1912,60.0,30.0,
04-07-1912,62.0,41.0,
04-08-1912,65.0,35.0,
04-09-1912,74.0,39.0,
04-10-1912,55.0,39.0,0.16
04-11-1912,57.0,33.0,
04-12-1912,44.0,38.0,
04-13-1912,42.0,32.0,0.02
04-14-1912,45.0,31.0,
04-15-1912,52.0,33.0,
04-16-1912,40.0,35.0,
04-17-1912,57.0,37.0,
04-18-1912,48.0,33.0,
04-19-1912,37.0,31.0,0.09
04-20-1912,45.0,35.0,
04-21-1912,47.0,34.0,
04-22-1912,52.0,38.0,
04-23-1912,54.0,38.0,
04-24-1912,46.0,41.0,0.48
04-25-1912,51.0,36.0,
04-26-1912,57.0,33.0,
04-27-1912,56.0,40.0,0.1
04-28-1912,52.0,41.0,0.53
04-29-1912,55.0,36.0,0.27
04-30-1912,50.0,41.0,
05-01-1912,42.0,33.0,0.67
05-02-1912,53.0,38.0,0.08
05-03-1912,53.0,30.0,
05-04-1912,55.0,38.0,
05-05-1912,57.0,38.0,
05-06-1912,64.0,41.0,
05-07-1912,72.0,45.0,
05-08-1912,77.0,47.0,
05-09-1912,68.0,48.0,
05-10-1912,65.0,45.0,
05-11-1912,71.0,45.0,
05-12-1912,76.0,42.0,
05-13-1912,78.0,47.0,
05-14-1912,79.0,52.0,
05-15-1912,68.0,53.0,
05-16-1912,63.0,46.0,
05-17-1912,73.0,41.0,
05-18-1912,75.0,51.0,
05-19-1912,80.0,48.0,
05-20-1912,65.0,46.0,0.98
05-21-1912,49.0,41.0,0.08
05-22-1912,49.0,40.0,
05-23-1912,58.0,41.0,0.26
05-24-1912,68.0,43.0,0.03
05-25-1912,64.0,50.0,0.41
05-26-1912,55.0,50.0,
05-27-1912,60.0,46.0,
05-28-1912,59.0,45.0,
05-29-1912,51.0,40.0,0.34
05-30-1912,58.0,41.0,
05-31-1912,99.0,47.0,
06-01-1912,73.0,46.0,
06-02-1912,63.0,45.0,
06-03-1912,66.0,43.0,
06-04-1912,74.0,43.0,
06-05-1912,78.0,49.0,
06-06-1912,82.0,52.0,
06-07-1912,85.0,55.0,
06-08-1912,74.0,58.0,
06-09-1912,73.0,51.0,
06-10-1912,81.0,46.0,
06-11-1912,84.0,53.0,
06-12-1912,65.0,56.0,0.47
06-13-1912,61.0,49.0,
06-14-1912,54.0,41.0,0.11
06-15-1912,57.0,40.0,
06-16-1912,65.0,40.0,
06-17-1912,77.0,46.0,
06-18-1912,84.0,52.0,
06-19-1912,88.0,59.0,
06-20-1912,91.0,47.0,
06-21-1912,63.0,46.0,
06-22-1912,73.0,42.0,
06-23-1912,89.0,54.0,
06-24-1912,95.0,60.0,
06-25-1912,94.0,65.0,
06-26-1912,92.0,57.0,
06-27-1912,65.0,51.0,0.14
06-28-1912,62.0,44.0,0.19
06-29-1912,67.0,40.0,0.09
06-30-1912,51.0,45.0,0.09
07-01-1912,53.0,42.0,0.05
07-02-1912,68.0,41.0,0.7
07-03-1912,69.0,49.0,
07-04-1912,74.0,46.0,
07-05-1912,67.0,52.0,
07-06-1912,70.0,47.0,
07-07-1912,59.0,49.0,0.03
07-08-1912,68.0,49.0,
07-09-1912,77.0,47.0,
07-10-1912,85.0,54.0,
07-11-1912,78.0,57.0,
07-12-1912,84.0,48.0,
07-13-1912,68.0,55.0,0.1
07-14-1912,79.0,47.0,
07-15-1912,87.0,52.0,
07-16-1912,93.0,61.0,
07-17-1912,92.0,60.0,
07-18-1912,88.0,57.0,
07-19-1912,85.0,63.0,
07-20-1912,87.0,64.0,
07-21-1912,83.0,61.0,
07-22-1912,62.0,53.0,0.03
07-23-1912,72.0,50.0,0.1
07-24-1912,28.0,58.0,
07-25-1912,80.0,58.0,
07-26-1912,74.0,54.0,
07-27-1912,88.0,46.0,
07-28-1912,92.0,54.0,
07-29-1912,98.0,54.0,
07-30-1912,99.0,58.0,
07-31-1912,89.0,68.0,
08-01-1912,77.0,68.0,0.1
08-02-1912,86.0,53.0,
08-03-1912,68.0,56.0,0.03
08-04-1912,77.0,48.0,
08-05-1912,81.0,52.0,
08-06-1912,73.0,56.0,
08-07-1912,81.0,58.0,
08-08-1912,93.0,57.0,
08-09-1912,74.0,54.0,
08-10-1912,77.0,54.0,
08-11-1912,74.0,54.0,
08-12-1912,79.0,47.0,
08-13-1912,87.0,48.0,
08-14-1912,86.0,52.0,
08-15-1912,68.0,45.0,0.07
08-16-1912,55.0,42.0,
08-17-1912,61.0,46.0,0.12
08-18-1912,57.0,48.0,0.07
08-19-1912,71.0,40.0,
08-20-1912,80.0,48.0,
08-21-1912,88.0,51.0,
08-22-1912,90.0,52.0,
08-23-1912,93.0,56.0,
08-24-1912,88.0,57.0,
08-25-1912,79.0,57.0,
08-26-1912,84.0,52.0,
08-27-1912,72.0,50.0,0.91
08-28-1912,57.0,45.0,0.03
08-29-1912,59.0,43.0,0.03
08-30-1912,52.0,37.0,39.0
08-31-1912,74.0,48.0,0.23
09-01-1912,61.0,45.0,
09-02-1912,64.0,45.0,0.21
09-03-1912,58.0,43.0,0.03
09-04-1912,53.0,41.0,
09-05-1912,60.0,41.0,
09-06-1912,65.0,50.0,0.56
09-07-1912,57.0,45.0,0.04
09-08-1912,51.0,46.0,
09-09-1912,70.0,41.0,
09-10-1912,76.0,44.0,
09-11-1912,76.0,47.0,
09-12-1912,76.0,47.0,
09-13-1912,78.0,49.0,
09-14-1912,63.0,45.0,
09-15-1912,72.0,42.0,
09-16-1912,75.0,43.0,0.16
09-17-1912,72.0,45.0,
09-18-1912,72.0,44.0,
09-19-1912,66.0,44.0,
09-20-1912,69.0,40.0,
09-21-1912,71.0,38.0,
09-22-1912,62.0,46.0,
09-23-1912,55.0,45.0,
09-24-1912,58.0,38.0,
09-25-1912,64.0,34.0,
09-26-1912,69.0,38.0,
09-27-1912,71.0,39.0,
09-28-1912,70.0,45.0,
09-29-1912,73.0,46.0,
09-30-1912,71.0,47.0,
10-01-1912,56.0,44.0,
10-02-1912,68.0,36.0,
10-03-1912,59.0,42.0,
10-04-1912,47.0,36.0,
10-05-1912,53.0,38.0,
10-06-1912,56.0,32.0,
10-07-1912,65.0,29.0,
10-08-1912,43.0,34.0,
10-09-1912,54.0,31.0,
10-10-1912,52.0,31.0,
10-11-1912,61.0,38.0,
10-12-1912,62.0,36.0,
10-13-1912,67.0,41.0,
10-14-1912,6.9,45.0,
10-15-1912,69.0,47.0,
10-16-1912,61.0,43.0,
10-17-1912,55.0,36.0,
10-18-1912,44.0,29.0,
10-19-1912,46.0,37.0,
10-20-1912,44.0,30.0,
10-21-1912,40.0,27.0,
10-22-1912,46.0,36.0,
10-23-1912,43.0,33.0,
10-24-1912,46.0,32.0,
10-25-1912,55.0,41.0,
10-26-1912,53.0,36.0,
10-27-1912,39.0,29.0,
10-28-1912,46.0,29.0,
10-29-1912,38.0,31.0,
10-30-1912,38.0,31.0,
10-31-1912,44.0,28.0,
11-01-1912,46.0,32.0,
11-02-1912,43.0,35.0,
11-03-1912,43.0,31,
11-04-1912,41.0,31.0,
11-05-1912,,36,
11-06-1912,47.0,,
11-07-1912,44.0,45,
11-08-1912,44.0,40,
11-09-1912,,,
11-10-1912,46.0,34,
11-11-1912,38.0,33.,
11-12-1912,43.0,37,
11-13-1912,49.0,42,
11-14-1912,39.0,37,
11-15-1912,39.0,35,
11-16-1912,40.0,34.0,
11-17-1912,45.0,37,
11-18-1912,47.0,37.0,
11-19-1912,45.0,37,
11-20-1912,39.0,32.0,
11-21-1912,48.0,38,
11-22-1912,43.0,37,
11-23-1912,40.0,34,
11-24-1912,41.0,34,
11-25-1912,31.0,29.0,
11-26-1912,29.0,21.0,
11-27-1912,34.0,21,
11-28-1912,32.0,21,
11-29-1912,35.0,27,
11-30-1912,31.0,30,
12-01-1912,33.0,27.0,
12-02-1912,40.0,28.0,
12-03-1912,48.0,26.0,
12-04-1912,32.0,29.0,
12-05-1912,32.0,20.0,
12-06-1912,32.0,24.0,
12-07-1912,52.0,22.0,
12-08-1912,51.0,21.0,
12-09-1912,,,
12-10-1912,,,
12-11-1912,,,
12-12-1912,36.0,26.0,
12-13-1912,40.0,26.0,
12-14-1912,42.0,30.0,
12-15-1912,50.0,29.0,
12-16-1912,36.0,24.0,
12-17-1912,50.0,30.0,
12-18-1912,50.0,30.0,
12-19-1912,32.0,24.0,
12-20-1912,50.0,30.0,
12-21-1912,30.0,10.0,
12-22-1912,30.0,19.0,
12-23-1912,34.0,26.0,
12-24-1912,46.0,26.0,
12-25-1912,34.0,22.0,
12-26-1912,34.0,22.0,
12-27-1912,34.0,24.0,
12-28-1912,46.0,26.0,
12-29-1912,34.0,26.0,
12-30-1912,40.0,20.0,
12-31-1912,30.0,20.0,
01-01-1913,46.0,20,
01-02-1913,60.0,22,
01-03-1913,34.0,28,
01-04-1913,18.0,10,
01-05-1913,10.0,8,
01-06-1913,14.0,-8,
01-07-1913,32.0,0,
01-08-1913,32.0,12,
01-09-1913,24.0,12,
01-10-1913,25.0,12,
01-11-1913,25.0,18,
01-12-1913,32.0,14,
01-13-1913,32.0,10,
01-14-1913,36.0,10,
01-15-1913,40.0,26,
01-16-1913,32.0,16,
01-17-1913,32.0,20,
01-18-1913,24.0,20,
01-19-1913,8.0,8,
01-20-1913,34.0,-2,
01-21-1913,31.0,14,
01-22-1913,24.0,19.0,
01-23-1913,36.0,12,
01-24-1913,54.0,12,
01-25-1913,48.0,32,
01-26-1913,34.0,32,
01-27-1913,34.0,22,
01-28-1913,35.0,22,
01-29-1913,33.0,22,
01-30-1913,32.0,27,
01-31-1913,32.0,26,
02-01-1913,26,16.0,
02-02-1913,29,16.0,
02-03-1913,26,20.0,
02-04-1913,22,18.0,
02-05-1913,19,10.0,
02-06-1913,20,1.0,
02-07-1913,24,-6.0,
02-08-1913,20,-6.0,
02-09-1913,22,-4.0,
02-10-1913,22,-2.0,
02-11-1913,22,6.0,
02-12-1913,34,10.0,
02-13-1913,36,18.0,
02-14-1913,38,25.0,
02-15-1913,40,34.0,
02-16-1913,52,34.0,
02-17-1913,33,32.0,
02-18-1913,30,26.0,
02-19-1913,36,16.0,
02-20-1913,31.0,20.0,
02-21-1913,18,14.0,
02-22-1913,,12.0,
02-23-1913,×,,
02-24-1913,28.0,,
02-25-1913,28.0,8.0,
02-26-1913,28,12.0,
02-27-1913,24,7.0,
02-28-1913,24,19.0,
03-01-1913,35.0,19.0,
03-02-1913,35.0,31.0,
03-03-1913,38.0,34.0,
03-04-1913,40.0,34.0,
03-05-1913,35.0,34.0,
03-06-1913,44.0,34.0,
03-07-1913,45.0,30.0,
03-08-1913,50.0,36.0,
03-09-1913,45.0,29.0,
03-10-1913,43.0,34.0,
03-11-1913,42.0,29.0,
03-12-1913,38.0,29.0,
03-13-1913,28.0,24.0,
03-14-1913,28.0,12.0,
03-15-1913,33.0,22.0,
03-16-1913,40.0,30.0,
03-17-1913,42.0,38.0,
03-18-1913,40.0,36.0,
03-19-1913,30.0,24.0,
03-20-1913,28.0,10.0,
03-21-1913,32.0,13.0,
03-22-1913,44.0,26.0,
03-23-1913,37.0,26.0,
03-24-1913,29.0,21.0,
03-25-1913,24.0,7.0,
03-26-1913,32.0,13.0,
03-27-1913,42.0,27.0,
03-28-1913,43.0,32.0,
03-29-1913,45.0,37.0,
03-30-1913,42.0,35.0,
03-31-1913,48.0,33.0,
04-01-1913,44.0,31.0,
04-02-1913,46.0,29.0,
04-03-1913,47.0,30.0,
04-04-1913,47.0,31.0,0.37
04-05-1913,48.0,35.0,0.04
04-06-1913,44.0,31.0,
04-07-1913,49.0,30.0,
04-08-1913,51.0,35.0,
04-09-1913,58.0,32.0,
04-10-1913,66.0,41.0,
04-11-1913,74.0,43.0,
04-12-1913,69.0,50.0,
04-13-1913,64.0,39.0,
04-14-1913,63.0,38.0,
04-15-1913,46.0,33.0,0.34
04-16-1913,57.0,38.0,
04-17-1913,67.0,49.0,
04-18-1913,74.0,45.0,
04-19-1913,51.0,39.0,0.01
04-20-1913,65.0,37.0,
04-21-1913,52.0,48.0,0.03
04-22-1913,44.0,30.0,
04-23-1913,47.0,29.0,
04-24-1913,56.0,37.0,
04-25-1913,69.0,43.0,
04-26-1913,56.0,40.0,0.26
04-27-1913,46.0,32.0,0.45
04-28-1913,42.0,30.0,
04-29-1913,45.0,29.0,
04-30-1913,51.0,32.0,
05-01-1913,47.0,31.0,
05-02-1913,52.0,32.0,
05-03-1913,52.0,38.0,
05-04-1913,51.0,37.0,
05-05-1913,64.0,38.0,
05-06-1913,73.0,41.0,
05-07-1913,75.0,44.0,
05-08-1913,75.0,54.0,0.08
05-09-1913,55.0,46.0,0.55
05-10-1913,59.0,42.0,0.18
05-11-1913,57.0,40.0,
05-12-1913,52.0,40.0,0.09
05-13-1913,52.0,37.0,
05-14-1913,48.0,33.0,
05-15-1913,57.0,40.0,0.05
05-16-1913,55.0,35.0,
05-17-1913,52.0,37.0,0.15
05-18-1913,52.0,40.0,0.23
05-19-1913,54.0,41.0,
05-20-1913,60.0,42.0,
05-21-1913,89.0,42.0,
05-22-1913,76.0,47.0,
05-23-1913,71.0,52.0,
05-24-1913,78.0,48.0,
05-25-1913,72.0,53.0,
05-26-1913,80.0,50.0,0.07
05-27-1913,,53.0,0.13
05-28-1913,,,0.07
05-29-1913,,,
05-30-1913,75.0,43.0,
05-31-1913,82.0,52.0,
06-01-1913,88.0,52.0,
06-02-1913,87.0,54.0,
06-03-1913,82.0,56.0,
06-04-1913,75.0,55.0,
06-05-1913,74.0,45.0,
06-06-1913,83.0,49.0,
06-07-1913,87.0,60.0,0.53
06-08-1913,74.0,57.0,
06-09-1913,62.0,52.0,0.11
06-10-1913,68.0,55.0,0.03
06-11-1913,75.0,55.0,
06-12-1913,78.0,54.0,
06-13-1913,62.0,54.0,0.71
06-14-1913,63.0,49.0,0.01
06-15-1913,71.0,47.0,
06-16-1913,70.0,52.0,
06-17-1913,81.0,50.0,
06-18-1913,85.0,58.0,0.2
06-19-1913,70.0,57.0,0.22
06-20-1913,72.0,52.0,
06-21-1913,75.0,54.0,0.06
06-22-1913,68.0,59.0,0.43
06-23-1913,66.0,56.0,0.11
06-24-1913,69.0,54.0,0.12
06-25-1913,99.0,52.0,0.2
06-26-1913,73.0,52.0,
06-27-1913,69.0,55.0,
06-28-1913,71.0,55.0,0.02
06-29-1913,74.0,53.0,
06-30-1913,72.0,58.0,0.06
07-01-1913,65.0,58.0,
07-02-1913,70.0,50.0,
07-03-1913,65.0,55.0,0.04
07-04-1913,75.0,51.0,
07-05-1913,83.0,61.0,
07-06-1913,92.0,66.0,
07-07-1913,79.0,55.0,
07-08-1913,91.0,54.0,
07-09-1913,78.0,63.0,
07-10-1913,75.0,61.0,0.02
07-11-1913,75.0,50.0,
07-12-1913,74.0,51.0,
07-13-1913,70.0,50.0,
07-14-1913,75.0,43.0,
07-15-1913,75.0,50.0,0.01
07-16-1913,83.0,53,
07-17-1913,87.0,52.0,
07-18-1913,92.0,53.0,
07-19-1913,96.0,60.0,
07-20-1913,100.0,66.0,
07-21-1913,87.0,71.0,
07-22-1913,95.0,65.0,
07-23-1913,96.0,72.0,
07-24-1913,97.0,64.0,
07-25-1913,85.0,68.0,
07-26-1913,81.0,59.0,
07-27-1913,,,
07-28-1913,83.0,,
07-29-1913,82.0,55.0,
07-30-1913,80.0,,
07-31-1913,91.0,57.0,
08-01-1913,97.0,63.0,
08-02-1913,95.0,66.0,
08-03-1913,95.0,62.0,0.05
08-04-1913,95.0,61.0,
08-05-1913,90.0,69.0,
08-06-1913,81.0,65.0,
08-07-1913,18.0,60.0,
08-08-1913,77.0,64.0,
08-09-1913,79.0,47.0,
08-10-1913,88.0,55.0,
08-11-1913,94.0,58.0,0.12
08-12-1913,78.0,61.0,
08-13-1913,70.0,55.0,0.05
08-14-1913,68.0,49.0,
08-15-1913,74.0,44.0,
08-16-1913,80.0,48.0,
08-17-1913,72.0,58.0,
08-18-1913,71.0,50.0,
08-19-1913,83.0,47.0,
08-20-1913,88.0,49.0,
08-21-1913,98.0,58.0,
08-22-1913,94.0,65.0,
08-23-1913,97.0,66.0,
08-24-1913,92.0,66.0,
08-25-1913,89.0,63.0,0.04
08-26-1913,85.0,62.0,
08-27-1913,87.0,55.0,
08-28-1913,94.0,56.0,
08-29-1913,90.0,68.0,
08-30-1913,90.0,61.0,
08-31-1913,73.0,60.0,
09-01-1913,70,45.0,
09-01-1913,70,45.0,
09-02-1913,89,52.0,
09-02-1913,89,52.0,
09-03-1913,72,55.0,0.13
09-03-1913,12.0,55.0,0.13
09-04-1913,83,65.0,
09-04-1913,83,65.0,
09-05-1913,70,53.0,
09-05-1913,70,53.0,
09-06-1913,75,40.0,
09-06-1913,75,40.0,
09-07-1913,88,46.0,0.04
09-07-1913,88,46.0,0.04
09-08-1913,08,58.0,
09-08-1913,08,58.0,
09-09-1913,64,42.0,
09-09-1913,64,42.0,
09-10-1913,76,37.0,
09-10-1913,76,37.0,
09-11-1913,82,43.0,
09-11-1913,82,43.0,
09-12-1913,92,55.0,
09-12-1913,92,55.0,
09-13-1913,75,56.0,
09-13-1913,75,56.0,
09-14-1913,68,44.0,
09-14-1913,68,44.0,
09-15-1913,74,44.0,
09-15-1913,74,44.0,
09-16-1913,80.0,47.0,
09-16-1913,80,47.0,
09-17-1913,89,52.0,
09-17-1913,89,52.0,
09-18-1913,72,55.0,
09-18-1913,72,55.0,
09-19-1913,,38.0,
09-19-1913,,38.0,
09-20-1913,85,60.0,
09-20-1913,85,60.0,
09-21-1913,"P
63",45.0,0.3
09-21-1913,"P
63",45.0,0.3
09-22-1913,62,42.0,0.09
09-22-1913,62,42.0,0.09
09-23-1913,68,38.0,
09-23-1913,68,38.0,
09-24-1913,89,36.0,
09-24-1913,68,36.0,
09-25-1913,DZ,39.0,
09-25-1913,,39.0,
09-26-1913,75,45.0,
09-26-1913,75,45.0,
09-27-1913,77,45.0,
09-27-1913,77,45.0,
09-28-1913,08,53.0,0.12
09-28-1913,80,53.0,0.12
09-29-1913,,49.0,0.3
09-29-1913,,49.0,0.3
09-30-1913,64,39.0,
09-30-1913,64,39.0,
10-01-1913,72.0,41.0,
10-02-1913,71.0,47.0,
10-03-1913,56.0,39.0,
10-04-1913,40.0,36.0,70°
10-05-1913,50.0,32.0,
10-06-1913,46.0,32.0,"97"""
10-07-1913,41.0,35.0,24.0
10-08-1913,46.0,36.0,22.0
10-09-1913,46.0,36.0,12.0
10-10-1913,51.0,34.0,24.0
10-11-1913,63.0,50.0,
10-12-1913,70.0,45.0,
10-13-1913,50.0,43.0,14.0
10-14-1913,48.0,37.0,
10-15-1913,38.0,31.0,
10-16-1913,48.0,33.0,
10-17-1913,42.0,30.0,
10-18-1913,48.0,37.0,
10-19-1913,63.0,36.0,
10-20-1913,62.0,41.0,
10-21-1913,34.0,43.0,
10-22-1913,61.0,36.0,
10-23-1913,66.0,39.0,
10-24-1913,52.0,40.0,70.0
10-25-1913,47.0,29.0,
10-26-1913,45.0,35.0,
10-27-1913,45.0,28.0,
10-28-1913,46.0,27.0,
10-29-1913,54.0,30.0,
10-30-1913,50.0,33.0,
10-31-1913,45.0,31.0,07
11-01-1913,42.0,38,
11-02-1913,43.0,35,
11-03-1913,47.0,26.0,
11-04-1913,46.0,36,
11-05-1913,46.0,38,
11-06-1913,45.0,36.0,
11-07-1913,46.0,30,
11-08-1913,49.0,40.0,
11-09-1913,48.0,34.0,
11-10-1913,40.0,38,
11-11-1913,37.0,28,
11-12-1913,36.0,25.0,
11-13-1913,28.0,"✓
23",
11-14-1913,27.0,24,
11-15-1913,42.0,24.0,
11-16-1913,48.0,35,
11-17-1913,48.0,35,
11-18-1913,36.0,25,
11-19-1913,33.0,"25
25",
11-20-1913,31.0,24,
11-21-1913,26.0,20,
11-22-1913,30.0,19,
11-23-1913,38.0,"L
29",
11-24-1913,41.0,31,
11-25-1913,48.0,37,
11-26-1913,45.0,,
11-27-1913,44.0,32,
11-28-1913,39.0,31.0,
11-29-1913,45.0,34.0,
11-30-1913,39.0,32,
12-01-1913,33.0,20.0,
12-02-1913,33.0,24.0,
12-03-1913,26.0,17.0,
12-04-1913,25.0,23.0,
12-05-1913,27.0,25.0,
12-06-1913,40.0,22.0,
12-07-1913,41.0,25.0,
12-08-1913,39.0,30.0,
12-09-1913,40.0,27.0,
12-10-1913,41.0,28.0,
12-11-1913,48.0,33.0,
12-12-1913,44.0,33.0,
12-13-1913,41.0,35.0,
12-14-1913,43.0,31.0,
12-15-1913,45.0,28.0,
12-16-1913,40.0,26.0,
12-17-1913,41.0,32.0,
12-18-1913,32.0,18.0,
12-19-1913,29.0,19.0,
12-20-1913,26.0,16.0,
12-21-1913,29.0,,
12-22-1913,33.0,15.0,
12-23-1913,27.0,22.0,
12-24-1913,31.0,17.0,
12-25-1913,32.0,23.0,
12-26-1913,32.0,25.0,
12-27-1913,32.0,22.0,
12-28-1913,34.0,29.0,
12-29-1913,32.0,18.0,
12-30-1913,37.0,25.0,
12-31-1913,41.0,29.0,
01-01-1914,40.0,23,5.0
01-02-1914,41.0,30,
01-03-1914,42.0,26,21.0
01-04-1914,41.0,33,09
01-05-1914,49.0,40,.03
01-06-1914,51.0,40,
01-07-1914,47.0,42,
01-08-1914,38.0,31,
01-09-1914,35.0,27,
01-10-1914,38.0,25,
01-11-1914,40.0,27,
01-12-1914,42.0,30,
01-13-1914,44.0,32,4.0
01-14-1914,40.0,31,20
01-15-1914,38.0,30,
01-16-1914,42.0,33,
01-17-1914,52.0,33,ho
01-18-1914,31.0,31,
01-19-1914,39.0,30,
01-20-1914,36.0,28,41
01-21-1914,45.0,30,"2
36"
01-22-1914,43.0,31.0,
01-23-1914,33.0,28,.63
01-24-1914,35.0,29,.64
01-25-1914,42.0,24,LL
01-26-1914,38.0,28,
01-27-1914,32.0,26,
01-28-1914,36.0,15,
01-29-1914,40.0,21,
01-30-1914,37.0,30,
01-31-1914,40.0,30,
02-01-1914,32,30.0,
02-02-1914,31,16.0,
02-03-1914,33,8.0,
02-04-1914,34,19.0,
02-05-1914,10,-6.0,
02-06-1914,21,-9.0,
02-07-1914,33,7.0,
02-08-1914,34,20.0,
02-09-1914,34,17.0,
02-10-1914,36,26.0,
02-11-1914,34,31.0,
02-12-1914,31,29.0,
02-13-1914,34,29.0,
02-14-1914,31,25.0,
02-15-1914,39,25.0,
02-16-1914,35,21.0,
02-17-1914,33,23.0,
02-18-1914,३१,26.0,
02-19-1914,44,32.0,
02-20-1914,45.0,34.0,
02-21-1914,48,39.0,
02-22-1914,45.0,31.0,
02-23-1914,47,34.0,
02-24-1914,41.0,36.0,
02-25-1914,42.0,31.0,
02-26-1914,47,30.0,
02-27-1914,49,31.0,
02-28-1914,50,33.0,
03-01-1914,45.0,36.0,
03-02-1914,44.0,32.0,
03-03-1914,46.0,30.0,
03-04-1914,48.0,35.0,
03-05-1914,19.0,31.0,
03-06-1914,55.0,36.0,
03-07-1914,60.0,35.0,
03-08-1914,57.0,40.0,
03-09-1914,50.0,33.0,
03-10-1914,55.0,35.0,
03-11-1914,60.0,34.0,
03-12-1914,62.0,39.0,
03-13-1914,56.0,42.0,
03-14-1914,52.0,31.0,
03-15-1914,48.0,37.0,
03-16-1914,55.0,38.0,
03-17-1914,58.0,36.0,
03-18-1914,59.0,38.0,
03-19-1914,59.0,33.0,
03-20-1914,55.0,38.0,
03-21-1914,56.0,30.0,
03-22-1914,55.0,30.0,
03-23-1914,43.0,31.0,
03-24-1914,46.0,34.0,
03-25-1914,41.0,38.0,
03-26-1914,45.0,44.0,
03-27-1914,48.0,30.0,
03-28-1914,54.0,32.0,
03-29-1914,56.0,40.0,
03-30-1914,51.0,34.0,
03-31-1914,52.0,33.0,
04-01-1914,57.0,34.0,
04-02-1914,55.0,44.0,
04-03-1914,62.0,43.0,
04-04-1914,61.0,48.0,0.58
04-05-1914,47.0,40.0,0.02
04-06-1914,55.0,39.0,
04-07-1914,60.0,41.0,
04-08-1914,60.0,31.0,
04-09-1914,65.0,31.0,
04-10-1914,55.0,40.0,
04-11-1914,54.0,39.0,0.16
04-12-1914,55.0,41.0,0.13
04-13-1914,51.0,45.0,
04-14-1914,64.0,38.0,0.23
04-15-1914,51.0,44.0,
04-16-1914,46.0,31.0,
04-17-1914,46.0,31.0,
04-18-1914,57.0,34.0,0.05
04-19-1914,58.0,49.0,
04-20-1914,48.0,42.0,
04-21-1914,60.0,28.0,
04-22-1914,63.0,41.0,0.12
04-23-1914,52.0,45.0,
04-24-1914,53.0,35.0,
04-25-1914,56.0,33.0,
04-26-1914,62.0,36.0,
04-27-1914,53.0,53.0,
04-28-1914,53.0,53.0,
04-29-1914,62.0,62.0,
04-30-1914,70.0,38.0,
05-01-1914,72.0,40.0,
05-02-1914,70.0,51.0,
05-03-1914,56.0,48.0,0.12
05-04-1914,52.0,35.0,
05-05-1914,61.0,34.0,
05-06-1914,64.0,33.0,
05-07-1914,78.0,48.0,
05-08-1914,89.0,47.0,0.35
05-09-1914,63.0,43.0,
05-10-1914,63.0,42.0,0.04
05-11-1914,65.0,45.0,
05-12-1914,12.0,45.0,
05-13-1914,78.0,51.0,
05-14-1914,80.0,52.0,0.03
05-15-1914,68.0,53.0,0.02
05-16-1914,99.0,45.0,
05-17-1914,71.0,40.0,
05-18-1914,69.0,50.0,
05-19-1914,72.0,42.0,
05-20-1914,75.0,43.0,
05-21-1914,79.0,52.0,
05-22-1914,80.0,57.0,0.17
05-23-1914,63.0,51.0,
05-24-1914,61.0,49.0,0.02
05-25-1914,60.0,45.0,
05-26-1914,63.0,43.0,0.26
05-27-1914,55.0,43.0,
05-28-1914,60.0,36.0,
05-29-1914,74.0,37.0,
05-30-1914,83.0,42.0,
05-31-1914,87.0,53.0,
06-01-1914,76.0,63.0,
06-02-1914,82.0,58.0,
06-03-1914,63.0,50.0,0.97
06-04-1914,48.0,40.0,
06-05-1914,52.0,36.0,0.04
06-06-1914,56.0,35.0,
06-07-1914,56.0,42.0,0.02
06-08-1914,59.0,41.0,
06-09-1914,60.0,40.0,
06-10-1914,69.0,38.0,
06-11-1914,78.0,44.0,
06-12-1914,66.0,56.0,
06-13-1914,64.0,52.0,0.07
06-14-1914,78.0,49.0,
06-15-1914,98.0,55.0,
06-16-1914,90.0,54.0,
06-17-1914,81.0,60.0,
06-18-1914,81.0,60.0,
06-19-1914,77.0,49.0,
06-20-1914,67.0,49.0,
06-21-1914,61.0,47.0,
06-22-1914,68.0,43.0,
06-23-1914,72.0,48.0,
06-24-1914,61.0,54.0,0.16
06-25-1914,58.0,18.0,0.38
06-26-1914,10.0,47.0,0.03
06-27-1914,69.0,5.0,0.1
06-28-1914,79.0,45.0,
06-29-1914,85.0,51.0,
06-30-1914,86.0,57.0,
07-01-1914,89.0,53.0,
07-02-1914,92.0,57.0,
07-03-1914,94.0,60.0,
07-04-1914,77.0,58.0,0.01
07-05-1914,81.0,53.0,0.01
07-06-1914,89.0,53.0,
07-07-1914,90.0,63.0,
07-08-1914,88.0,58.0,
07-09-1914,90.0,60.0,
07-10-1914,85.0,60.0,
07-11-1914,95.0,63.0,
07-12-1914,95.0,64.0,
07-13-1914,18.0,61.0,0.09
07-14-1914,78.0,53.0,
07-15-1914,78.0,60.0,0.02
07-16-1914,84.0,50,
07-17-1914,90.0,54.0,
07-18-1914,94.0,60.0,
07-19-1914,96.0,65.0,
07-20-1914,,60.0,
07-21-1914,,,
07-22-1914,78.0,,
07-23-1914,85.0,50.0,
07-24-1914,87.0,54.0,
07-25-1914,81.0,61.0,
07-26-1914,83.0,55.0,
07-27-1914,98.0,59.0,
07-28-1914,81.0,58.0,
07-29-1914,97.0,55.0,
07-30-1914,103.0,59.0,
07-31-1914,99.0,67.0,
08-01-1914,98.0,53.0,
08-02-1914,101.0,63.0,
08-03-1914,94.0,66.0,
08-04-1914,68.0,63.0,
08-05-1914,95.0,55.0,
08-06-1914,85.0,68.0,
08-07-1914,12.0,51.0,
08-08-1914,73.0,51.0,
08-09-1914,80.0,43.0,
08-10-1914,82.0,45.0,
08-11-1914,88.0,52.0,
08-12-1914,90.0,56.0,
08-13-1914,95.0,58.0,
08-14-1914,95.0,61.0,
08-15-1914,89.0,61.0,
08-16-1914,75.0,60.0,
08-17-1914,63.0,48.0,
08-18-1914,74.0,46.0,
08-19-1914,,50.0,
08-20-1914,98.0,,
08-21-1914,80.0,55.0,
08-22-1914,80.0,52.0,
08-23-1914,75.0,47.0,
08-24-1914,82.0,44.0,
08-25-1914,83.0,,
08-26-1914,86.0,46.0,
08-27-1914,84.0,51.0,
08-28-1914,76.0,54.0,
08-29-1914,82.0,48.0,
08-30-1914,77.0,52.0,
08-31-1914,72.0,48.0,
09-01-1914,T&,41.0,
09-02-1914,90,50.0,
09-03-1914,80.0,55.0,0.02
09-04-1914,89,50.0,
09-05-1914,69,60.0,
09-06-1914,,41.0,0.06
09-07-1914,55,53.0,0.08
09-08-1914,55,42.0,0.03
09-09-1914,,45.0,
09-10-1914,15,42.0,
09-11-1914,55,51.0,0.04
09-12-1914,53,38.0,
09-13-1914,55,40.0,0.1
09-14-1914,48,40.0,0.17
09-15-1914,49,39.0,0.01
09-16-1914,5.0,38.0,0.24
09-17-1914,13,44.0,0.14
09-18-1914,74,56.0,0.5
09-19-1914,62.0,45.0,
09-20-1914,58,41.0,
09-21-1914,48,39.0,
09-22-1914,49,39.0,
09-23-1914,5,40.0,
09-24-1914,72,56.0,
09-25-1914,73,45.0,
09-26-1914,19,48.0,
09-27-1914,58,41.0,
09-28-1914,70,48.0,
09-29-1914,18,44.0,
09-30-1914,69,43.0,
10-01-1914,,45.0,
10-02-1914,,41.0,
10-03-1914,,44.0,
10-04-1914,,40.0,
10-05-1914,,39.0,
10-06-1914,,36.0,
10-07-1914,,33.0,
10-08-1914,,35.0,
10-09-1914,,42.0,
10-10-1914,,41.0,
10-11-1914,,40.0,
10-12-1914,,42.0,
10-13-1914,,45.0,
10-14-1914,,51.0,
10-15-1914,,46.0,
10-16-1914,,46.0,
10-17-1914,,13.0,
10-18-1914,,41.0,
10-19-1914,,42.0,
10-20-1914,,34.0,
10-21-1914,,31.0,
10-22-1914,,31.0,
10-23-1914,,31.0,
10-24-1914,,40.0,
10-25-1914,,44.0,
10-26-1914,,31.0,
10-27-1914,,40.0,
10-28-1914,,42.0,
10-29-1914,,44.0,
10-30-1914,,47.0,
10-31-1914,,46.0,
11-01-1914,53.0,415,
11-02-1914,53.0,44,
11-03-1914,50.0,43.0,
11-04-1914,54.0,GIT,
11-05-1914,50.0,,
11-06-1914,46.0,31.0,
11-07-1914,50.0,31,
11-08-1914,51.0,3.4,
11-09-1914,50.0,42.0,
11-10-1914,49.0,35,
11-11-1914,51.0,L,
11-12-1914,43.0,36.0,
11-13-1914,48.0,45,
11-14-1914,35.0,30,
11-15-1914,35.0,25.0,
11-16-1914,29.0,25,
11-17-1914,42.0,28,
11-18-1914,42.0,25,
11-19-1914,43.0,23,
11-20-1914,49.0,31,
11-21-1914,41.0,2.4,
11-22-1914,31.0,26,
11-23-1914,45.0,31,
11-24-1914,50.0,36,
11-25-1914,51.0,20,
11-26-1914,53.0,31,
11-27-1914,52.0,38,
11-28-1914,44.0,35.0,
11-29-1914,31.0,30.0,
11-30-1914,36.0,23,
12-01-1914,31.0,,
12-02-1914,39.0,,
12-03-1914,37.0,,
12-04-1914,36.0,,
12-05-1914,36.0,,
12-06-1914,35.0,,
12-07-1914,36.0,,
12-08-1914,38.0,,
12-09-1914,37.0,,
12-10-1914,35.0,,
12-11-1914,28.0,,
12-12-1914,17.0,,
12-13-1914,20.0,,
12-14-1914,12.0,,
12-15-1914,28.0,,
12-16-1914,15.0,,
12-17-1914,20.0,,
12-18-1914,13.0,,
12-19-1914,20.0,,
12-20-1914,13.0,,
12-21-1914,28.0,,
12-22-1914,30.0,,
12-23-1914,38.0,,
12-24-1914,37.0,,
12-25-1914,31.0,,
12-26-1914,31.0,,
12-27-1914,12.0,,
12-28-1914,31.0,,
12-29-1914,31.0,,
12-30-1914,,,
12-31-1914,37.0,,
01-01-1915,38.0,31,
01-02-1915,35.0,34,
01-03-1915,39.0,34,
01-04-1915,33.0,25,
01-05-1915,29.0,17,
01-06-1915,32.0,26,
01-07-1915,35.0,32,
01-08-1915,38.0,31,16
01-09-1915,34.0,22,
01-10-1915,31.0,22,
01-11-1915,40.0,32,
01-12-1915,35.0,24,5.0
01-13-1915,35.0,25,32.0
01-14-1915,35.0,29,"27
.09"
01-15-1915,30.0,14,
01-16-1915,23.0,13,
01-17-1915,24.0,15,
01-18-1915,31.0,19,
01-19-1915,2.0,8,
01-20-1915,20.0,7,
01-21-1915,20.0,18,
01-22-1915,19.0,10.0,
01-23-1915,26.0,10,
01-24-1915,16.0,9,
01-25-1915,15.0,9,
01-26-1915,23.0,10,
01-27-1915,29.0,10,
01-28-1915,34.0,25,
01-29-1915,40.0,25,3.0
01-30-1915,35.0,25,5.0
01-31-1915,37.0,30,25.0
02-01-1915,38,38.0,
02-02-1915,39,38.0,
02-03-1915,36,31.0,
02-04-1915,35,28.0,
02-05-1915,37,26.0,
02-06-1915,40,36.0,
02-07-1915,45,36.0,
02-08-1915,48,38.0,
02-09-1915,48,40.0,
02-10-1915,45,33.0,
02-11-1915,42,27.0,
02-12-1915,40,30.0,
02-13-1915,37,33.0,
02-14-1915,37,23.0,
02-15-1915,41,30.0,
02-16-1915,43,33.0,
02-17-1915,41,38.0,
02-18-1915,45,35.0,
02-19-1915,45,33.0,
02-20-1915,52.0,35.0,
02-21-1915,43,35.0,
02-22-1915,,,
02-23-1915,,,
02-24-1915,,,
02-25-1915,,,
02-26-1915,40,32.0,
02-27-1915,47,30.0,
02-28-1915,44,33.0,
03-01-1915,42.0,33.0,
03-02-1915,42.0,35.0,
03-03-1915,51.0,32.0,
03-04-1915,38.0,33.0,
03-05-1915,47.0,31.0,
03-06-1915,47.0,30.0,
03-07-1915,46.0,30.0,
03-08-1915,51.0,42.0,
03-09-1915,55.0,32.0,
03-10-1915,50.0,34.0,
03-11-1915,51.0,34.0,
03-12-1915,52.0,34.0,
03-13-1915,49.0,35.0,
03-14-1915,53.0,41.0,
03-15-1915,50.0,42.0,
03-16-1915,55.0,33.0,
03-17-1915,60.0,39.0,
03-18-1915,49.0,36.0,
03-19-1915,55.0,32.0,
03-20-1915,63.0,35.0,
03-21-1915,68.0,39.0,
03-22-1915,67.0,38.0,
03-23-1915,59.0,46.0,
03-24-1915,44.0,38.0,
03-25-1915,46.0,34.0,
03-26-1915,55.0,29.0,
03-27-1915,63.0,42.0,
03-28-1915,60.0,47.0,
03-29-1915,45.0,40.0,
03-30-1915,42.0,30.0,
03-31-1915,55.0,38.0,
04-01-1915,50.0,41.0,0.03
04-02-1915,57.0,47.0,0.13
04-03-1915,51.0,43.0,
04-04-1915,53.0,35.0,
04-05-1915,58.0,34.0,
04-06-1915,60.0,41.0,0.04
04-07-1915,51.0,45.0,
04-08-1915,50.0,38.0,
04-09-1915,60.0,30.0,
04-10-1915,29.0,40.0,
04-11-1915,70.0,47.0,0.18
04-12-1915,59.0,47.0,0.25
04-13-1915,46.0,39.0,0.05
04-14-1915,58.0,34.0,0.2
04-15-1915,58.0,40.0,
04-16-1915,66.0,45.0,
04-17-1915,71.0,45.0,
04-18-1915,75.0,45.0,
04-19-1915,71.0,47.0,
04-20-1915,55.0,47.0,
04-21-1915,55.0,30.0,
04-22-1915,63.0,36.0,0.1
04-23-1915,58.0,42.0,
04-24-1915,64.0,37.0,
04-25-1915,60.0,45.0,
04-26-1915,66.0,44.0,
04-27-1915,66.0,44.0,
04-28-1915,78.0,42.0,0.34
04-29-1915,60.0,33.0,0.27
04-30-1915,35.0,31.0,
05-01-1915,42.0,34.0,
05-02-1915,51.0,39.0,
05-03-1915,62.0,40.0,
05-04-1915,69.0,42.0,
05-05-1915,69.0,47.0,
05-06-1915,73.0,44.0,
05-07-1915,76.0,45.0,
05-08-1915,76.0,45.0,0.29
05-09-1915,60.0,50.0,0.22
05-10-1915,55.0,42.0,0.1
05-11-1915,62.0,44.0,0.07
05-12-1915,29.0,41.0,0.08
05-13-1915,57.0,42.0,0.02
05-14-1915,57.0,45.0,
05-15-1915,60.0,38.0,
05-16-1915,69.0,47.0,0.19
05-17-1915,59.0,52.0,0.83
05-18-1915,51.0,47.0,0.4
05-19-1915,51.0,43.0,
05-20-1915,55.0,45.0,
05-21-1915,62.0,46.0,0.08
05-22-1915,55.0,45.0,
05-23-1915,63.0,41.0,0.08
05-24-1915,60.0,48.0,0.12
05-25-1915,60.0,45.0,6.0
05-26-1915,60.0,46.0,0.03
05-27-1915,70.0,52.0,0.2
05-28-1915,62.0,52.0,
05-29-1915,61.0,42.0,
05-30-1915,72.0,38.0,
05-31-1915,72.0,53.0,
06-01-1915,65.0,47.0,
06-02-1915,45.0,44.0,
06-03-1915,70.0,45.0,
06-04-1915,76.0,50.0,
06-05-1915,76.0,55.0,
06-06-1915,74.0,50.0,
06-07-1915,73.0,56.0,
06-08-1915,62.0,49.0,
06-09-1915,62.0,44.0,
06-10-1915,56.0,43.0,0.34
06-11-1915,54.0,42.0,0.2
06-12-1915,66.0,43.0,
06-13-1915,70.0,48.0,
06-14-1915,75.0,47.0,
06-15-1915,76.0,49.0,
06-16-1915,75.0,48.0,
06-17-1915,71.0,55.0,
06-18-1915,59.0,43.0,
06-19-1915,67.0,40.0,
06-20-1915,72.0,48.0,
06-21-1915,78.0,48.0,
06-22-1915,90.0,50.0,
06-23-1915,90.0,55.0,
06-24-1915,75.0,55.0,0.17
06-25-1915,72.0,42.0,
06-26-1915,62.0,46.0,
06-27-1915,72.0,45.0,
06-28-1915,80.0,45.0,
06-29-1915,77.0,41.0,
06-30-1915,81.0,46.0,
07-01-1915,98.0,55.0,
07-01-1915,98.0,50.0,
07-02-1915,86.0,59.0,0.02
07-02-1915,86.0,51.0,0.02
07-03-1915,86.0,63.0,0.03
07-03-1915,86.0,45.0,0.03
07-04-1915,86.0,58.0,
07-04-1915,86.0,41.0,
07-05-1915,80.0,52.0,
07-05-1915,80.0,45.0,
07-06-1915,75.0,57.0,0.02
07-06-1915,75.0,49.0,0.02
07-07-1915,71.0,53.0,0.14
07-07-1915,71.0,55.0,0.14
07-08-1915,65.0,65.0,0.09
07-08-1915,65.0,55.0,0.09
07-09-1915,70.0,60.0,
07-09-1915,70.0,54.0,
07-10-1915,70.0,50.0,
07-10-1915,70.0,50.0,
07-11-1915,75.0,52.0,
07-11-1915,75.0,48.0,
07-12-1915,75.0,62.0,
07-12-1915,75.0,55.0,
07-13-1915,66.0,55.0,0.02
07-13-1915,66.0,49.0,0.02
07-14-1915,64.0,52.0,0.15
07-14-1915,64.0,42.0,0.15
07-15-1915,70.0,47.0,0.11
07-15-1915,70.0,56.0,0.11
07-16-1915,70.0,56,0.11
07-16-1915,70.0,57,0.11
07-17-1915,62.0,50.0,
07-17-1915,62.0,50.0,
07-18-1915,79.0,47.0,
07-18-1915,79.0,48.0,
07-19-1915,86.0,53.0,
07-19-1915,86.0,48.0,
07-20-1915,93.0,56.0,
07-20-1915,93.0,53.0,
07-21-1915,99.0,66.0,
07-21-1915,99.0,57.0,
07-22-1915,91.0,67.0,
07-22-1915,91.0,53.0,
07-23-1915,91.0,54.0,
07-23-1915,91.0,50.0,
07-24-1915,95.0,54.0,
07-24-1915,95.0,55.0,
07-25-1915,87.0,52.0,
07-25-1915,87.0,58.0,
07-26-1915,98.0,53.0,
07-26-1915,98.0,42.0,
07-27-1915,80.0,53.0,
07-27-1915,80.0,52.0,
07-28-1915,79.0,54.0,0.6
07-28-1915,79.0,47.0,0.6
07-29-1915,61.0,49.0,0.02
07-29-1915,61.0,51.0,0.02
07-30-1915,80.0,50.0,
07-30-1915,80.0,54.0,
07-31-1915,84.0,53.0,
07-31-1915,84.0,61.0,
08-01-1915,90.0,58.0,
08-02-1915,95.0,65.0,
08-03-1915,80.0,60.0,
08-04-1915,90.0,49.0,
08-05-1915,97.0,55.0,
08-06-1915,88.0,53.0,
08-07-1915,85.0,57.0,
08-08-1915,86.0,55.0,
08-09-1915,96.0,54.0,
08-10-1915,99.0,56.0,
08-11-1915,82.0,65.0,
08-12-1915,85.0,56.0,
08-13-1915,91.0,53.0,
08-14-1915,91.0,61.0,
08-15-1915,94.0,60.0,
08-16-1915,95.0,64.0,
08-17-1915,84.0,58.0,
08-18-1915,88.0,53.0,
08-19-1915,87.0,54.0,
08-20-1915,91.0,56.0,
08-21-1915,88.0,60.0,
08-22-1915,96.0,62.0,
08-23-1915,95.0,65.0,
08-24-1915,95.0,59.0,
08-25-1915,96.0,62.0,
08-26-1915,95.0,68.0,
08-27-1915,95.0,68.0,
08-28-1915,95.0,58.0,
08-29-1915,100.0,62.0,
08-30-1915,79.0,69.0,
08-31-1915,74.0,54.0,
09-01-1915,73,48.0,0.03
09-01-1915,73,48.0,0.03
09-02-1915,76,52.0,0.01
09-02-1915,76,52.0,0.01
09-03-1915,83,48.0,
09-03-1915,83.0,48.0,
09-04-1915,87,52.0,
09-04-1915,87,52.0,
09-05-1915,85,54.0,
09-05-1915,85,54.0,
09-06-1915,J,49.0,
09-06-1915,,49.0,
09-07-1915,99,45.0,
09-07-1915,99,45.0,
09-08-1915,68,51.0,
09-08-1915,68,51.0,
09-09-1915,62,47.0,
09-09-1915,62,47.0,
09-10-1915,73,42.0,
09-10-1915,73,42.0,
09-11-1915,29,47.0,0.47
09-11-1915,29,47.0,0.47
09-12-1915,48,42.0,0.03
09-12-1915,48,42.0,0.03
09-13-1915,56,33.0,
09-13-1915,56,33.0,
09-14-1915,,49.0,
09-14-1915,,49.0,
09-15-1915,69,47.0,
09-15-1915,69,47.0,
09-16-1915,4.0,47.0,
09-16-1915,74,47.0,
09-17-1915,81,48.0,
09-17-1915,81,48.0,
09-18-1915,84,50.0,
09-18-1915,+8,50.0,
09-19-1915,76.0,56.0,
09-19-1915,76.0,56.0,
09-20-1915,79,47.0,
09-20-1915,,47.0,
09-21-1915,76,54.0,
09-21-1915,76,54.0,
09-22-1915,,46.0,0.09
09-22-1915,7/,46.0,0.09
09-23-1915,62,49.0,
09-23-1915,62,49.0,
09-24-1915,69,40.0,
09-24-1915,"69
2",40.0,
09-25-1915,75,51.0,
09-25-1915,75,51.0,
09-26-1915,63,52.0,
09-26-1915,63,52.0,
09-27-1915,60,46.0,
09-27-1915,60,46.0,
09-28-1915,68,35.0,
09-28-1915,68,35.0,
09-29-1915,72,39.0,
09-29-1915,72,39.0,
09-30-1915,75,46.0,
09-30-1915,75,46.0,
10-01-1915,67.0,58.0,16.0
10-02-1915,58.0,45.0,69
10-03-1915,52.0,45.0,
10-04-1915,58.0,40.0,
10-05-1915,61.0,39.0,
10-06-1915,61.0,32.0,
10-07-1915,67.0,39.0,
10-08-1915,74.0,43.0,
10-09-1915,25.0,37.0,
10-10-1915,55.0,43.0,
10-11-1915,56.0,33.0,
10-12-1915,55.0,46.0,
10-13-1915,58.0,45.0,27.0
10-14-1915,55.0,38.0,
10-15-1915,59.0,35.0,
10-16-1915,67.0,40.0,
10-17-1915,55.0,42.0,
10-18-1915,67.0,45.0,
10-19-1915,60.0,45.0,
10-20-1915,70.0,45.0,
10-21-1915,76.0,50.0,
10-22-1915,73.0,39.0,
10-23-1915,55.0,39.0,
10-24-1915,50.0,35.0,
10-25-1915,59.0,43.0,
10-26-1915,61.0,43.0,
10-27-1915,62.0,48.0,
10-28-1915,62.0,45.0,
10-29-1915,65.0,44.0,
10-30-1915,65.0,42.0,
10-31-1915,59.0,39.0,
11-01-1915,56.0,,
11-02-1915,50.0,,
11-03-1915,59.0,,
11-04-1915,48.0,,
11-05-1915,48.0,,
11-06-1915,42.0,,
11-07-1915,38.0,,
11-08-1915,42.0,,
11-09-1915,35.0,,
11-10-1915,32.0,,
11-11-1915,29.0,,
11-12-1915,28.0,,
11-13-1915,25.0,,
11-14-1915,31.0,,
11-15-1915,35.0,,
11-16-1915,44.0,,
11-17-1915,,,
11-18-1915,,,
11-19-1915,44.0,,
11-20-1915,35.0,,
11-21-1915,44.0,,
11-22-1915,45.0,,
11-23-1915,40.0,,
11-24-1915,34.0,,
11-25-1915,38.0,,
11-26-1915,35.0,,
11-27-1915,33.0,,
11-28-1915,35.0,,
11-29-1915,37.0,,
11-30-1915,38.0,,
12-01-1915,36.0,32.0,
12-01-1915,36.0,28.0,
12-02-1915,40.0,32.0,
12-02-1915,40.0,39.0,
12-03-1915,49.0,38.0,
12-03-1915,49.0,37.0,
12-04-1915,45.0,33.0,
12-04-1915,45.0,41.0,
12-05-1915,42.0,33.0,
12-05-1915,42.0,38.0,
12-06-1915,43.0,36.0,
12-06-1915,43.0,38.0,
12-07-1915,46.0,37.0,
12-07-1915,46.0,30.0,
12-08-1915,53.0,39.0,
12-08-1915,53.0,43.0,
12-09-1915,47.0,3.0,
12-09-1915,47.0,30.0,
12-10-1915,32.0,22.0,
12-10-1915,32.0,26.0,
12-11-1915,3.7,30.0,
12-11-1915,3.7,2.0,
12-12-1915,32.0,27.0,
12-12-1915,32.0,27.0,
12-13-1915,37.0,3.0,
12-13-1915,37.0,33.0,
12-14-1915,30.0,28.0,
12-14-1915,30.0,33.0,
12-15-1915,30.0,36.0,
12-15-1915,30.0,28.0,
12-16-1915,30.0,28.0,
12-16-1915,30.0,28.0,
12-17-1915,31.0,8.0,
12-17-1915,31.0,26.0,
12-18-1915,27.0,22.0,
12-18-1915,27.0,17.0,
12-19-1915,32.0,25.0,
12-19-1915,32.0,28.0,
12-20-1915,40.0,31.0,
12-20-1915,40.0,30.0,
12-21-1915,51.0,36.0,
12-21-1915,51.0,28.0,
12-22-1915,43.0,36.0,
12-22-1915,43.0,10.0,
12-23-1915,56.0,17.0,
12-23-1915,56.0,2.0,
12-24-1915,36.0,18.0,
12-24-1915,36.0,25.0,
12-25-1915,36.0,26.0,
12-25-1915,36.0,19.0,
12-26-1915,29.0,14.0,
12-26-1915,29.0,18.0,
12-27-1915,33.0,20.0,
12-27-1915,33.0,17.0,
12-28-1915,37.0,27.0,
12-28-1915,37.0,11.0,
12-29-1915,19.0,23.0,
12-29-1915,19.0,9.0,
12-30-1915,11.0,12.0,
12-30-1915,11.0,1.0,
12-31-1915,21.0,-1.0,
12-31-1915,21.0,9.0,
01-01-1916,17.0,8,
01-02-1916,27.0,8,
01-03-1916,24.0,20,
01-04-1916,15.0,10,
01-05-1916,25.0,2,
01-06-1916,29.0,20,
01-07-1916,34.0,2,
01-08-1916,31.0,26,
01-09-1916,29.0,2,Z
01-10-1916,,19,
01-11-1916,2.0,-9,
01-12-1916,15.0,8,
01-13-1916,9.0,2,
01-14-1916,8.0,-6,
01-15-1916,11.0,-2,
01-16-1916,11.0,4,
01-17-1916,17.0,0,
01-18-1916,18.0,21,
01-19-1916,18.0,-10,
01-20-1916,28.0,17,
01-21-1916,37.0,25,
01-22-1916,39.0,30.0,37
01-23-1916,41.0,36,ZZ
01-24-1916,46.0,24,
01-25-1916,22.0,18,
01-26-1916,21.0,9,
01-27-1916,23.0,10,
01-28-1916,23.0,2,
01-29-1916,6.0,-1,
01-30-1916,12.0,0,
01-31-1916,10.0,-8,
02-01-1916,15,6.0,
02-02-1916,13,5.0,
02-03-1916,14,5.0,
02-04-1916,18,7.0,
02-05-1916,21,-1.0,
02-06-1916,21,15.0,
02-07-1916,47,26.0,
02-08-1916,39,35.0,
02-09-1916,40,37.0,
02-10-1916,47,36.0,
02-11-1916,36,32.0,
02-12-1916,36,24.0,
02-13-1916,35,29.0,
02-14-1916,46,35.0,
02-15-1916,45,37.0,
02-16-1916,47,38.0,
02-17-1916,50,32.0,
02-18-1916,46,26.0,
02-19-1916,48,25.0,
02-20-1916,44.0,26.0,
02-21-1916,42,27.0,
02-22-1916,35.0,28.0,
02-23-1916,+39,30.0,
02-24-1916,39.0,28.0,
02-25-1916,45.0,2.7,
02-26-1916,34,30.0,
02-27-1916,40,28.0,
02-28-1916,34,28.0,
02-29-1916,33.0,27.0,
03-01-1916,32.0,25.0,
03-02-1916,34.0,23.0,
03-03-1916,39.0,35.0,
03-04-1916,38.0,29.0,
03-05-1916,30.0,26.0,
03-06-1916,34.0,29.0,
03-07-1916,47.0,32.0,
03-08-1916,41.0,36.0,
03-09-1916,56.0,40.0,
03-10-1916,61.0,40.0,
03-11-1916,79.0,41.0,
03-12-1916,51.0,41.0,
03-13-1916,40.0,30.0,
03-14-1916,45.0,27.0,
03-15-1916,52.0,33.0,
03-16-1916,5.4,38.0,
03-17-1916,50.0,40.0,
03-18-1916,58.0,37.0,
03-19-1916,58.0,40.0,
03-20-1916,58.0,42.0,
03-21-1916,44.0,33.0,
03-22-1916,42.0,33.0,
03-23-1916,41.0,29.0,
03-24-1916,40.0,28.0,
03-25-1916,43.0,32.0,
03-26-1916,86.0,41.0,
03-27-1916,50.0,34.0,
03-28-1916,42.0,32.0,
03-29-1916,49.0,30.0,
03-30-1916,55.0,32.0,
03-31-1916,57.0,40.0,
04-01-1916,53.0,40.0,
04-02-1916,55.0,39.0,
04-03-1916,56.0,39.0,
04-04-1916,46.0,22.0,0.04
04-05-1916,52.0,40.0,
04-06-1916,56.0,36.0,
04-07-1916,63.0,36.0,
04-08-1916,62.0,42.0,
04-09-1916,54.0,43.0,
04-10-1916,47.0,43.0,0.21
04-11-1916,46.0,37.0,0.23
04-12-1916,48.0,31.0,
04-13-1916,57.0,32.0,
04-14-1916,56.0,38.0,
04-15-1916,48.0,33.0,
04-16-1916,55.0,33.0,
04-17-1916,47.0,38.0,0.18
04-18-1916,40.0,32.0,0.21
04-19-1916,46.0,39.0,
04-20-1916,57.0,36.0,0.03
04-21-1916,47.0,32.0,0.17
04-22-1916,50.0,32.0,
04-23-1916,58.0,31.0,
04-24-1916,64.0,27.0,
04-25-1916,69.0,48.0,
04-26-1916,71.0,43.0,
04-27-1916,50.0,45.0,0.04
04-28-1916,51.0,37.0,
04-29-1916,52.0,37.0,
04-30-1916,61.0,37.0,
05-01-1916,65.0,39.0,
05-02-1916,66.0,43.0,
05-03-1916,60.0,50.0,
05-04-1916,,,
05-05-1916,,,0.11
05-06-1916,67.0,35.0,0.15
05-07-1916,45.0,32.0,0.64
05-08-1916,46.0,39.0,0.3
05-09-1916,42.0,33.0,
05-10-1916,42.0,33.0,
05-11-1916,49.0,32.0,
05-12-1916,58.0,31.0,
05-13-1916,55.0,31.0,
05-14-1916,62.0,31.0,
05-15-1916,65.0,38.0,
05-16-1916,70.0,43.0,
05-17-1916,72.0,44.0,0.21
05-18-1916,55.0,42.0,0.69
05-19-1916,55.0,43.0,
05-20-1916,50.0,39.0,0.04
05-21-1916,45.0,36.0,
05-22-1916,49.0,39.0,
05-23-1916,56.0,37.0,
05-24-1916,55.0,41.0,
05-25-1916,54.0,43.0,0.02
05-26-1916,63.0,44.0,
05-27-1916,64.0,43.0,
05-28-1916,56.0,45.0,
05-29-1916,52.0,39.0,
05-30-1916,55.0,46.0,
05-31-1916,62.0,39.0,
06-01-1916,60.0,42.0,
06-02-1916,65.0,40.0,
06-03-1916,70.0,44.0,
06-04-1916,63.0,52.0,
06-05-1916,52.0,40.0,
06-06-1916,63.0,41.0,
06-07-1916,72.0,41.0,
06-08-1916,74.0,46.0,
06-09-1916,58.0,47.0,
06-10-1916,59.0,39.0,
06-11-1916,66.0,36.0,
06-12-1916,71.0,43.0,
06-13-1916,78.0,45.0,
06-14-1916,81.0,50.0,
06-15-1916,86.0,53.0,
06-16-1916,90.0,56.0,
06-17-1916,94.0,59.0,
06-18-1916,99.0,56.0,0.07
06-19-1916,51.0,44.0,0.42
06-20-1916,52.0,39.0,0.4
06-21-1916,48.0,37.0,
06-22-1916,65.0,43.0,
06-23-1916,75.0,47.0,0.06
06-24-1916,67.0,53.0,
06-25-1916,75.0,25.0,0.19
06-26-1916,29.0,55.0,0.92
06-27-1916,68.0,50.0,0.3
06-28-1916,58.0,43.0,0.17
06-29-1916,57.0,43.0,0.05
06-30-1916,64.0,46.0,
07-01-1916,64.0,,0.14
07-02-1916,55.0,,0.05
07-03-1916,58.0,,
07-04-1916,70.0,,
07-05-1916,69.0,,
07-06-1916,76.0,,
07-07-1916,83.0,,0.02
07-08-1916,81.0,,
07-09-1916,74.0,,
07-10-1916,73.0,,
07-11-1916,85.0,,
07-12-1916,87.0,,0.02
07-13-1916,71.0,,
07-14-1916,76.0,,
07-15-1916,86.0,,
07-16-1916,82.0,,0.05
07-17-1916,54.0,,0.17
07-18-1916,61.0,,
07-19-1916,77.0,,
07-20-1916,77.0,,
07-21-1916,76.0,,
07-22-1916,78.0,,
07-23-1916,78.0,,
07-24-1916,77.0,,
07-25-1916,68.0,,
07-26-1916,68.0,,
07-27-1916,70.0,,
07-28-1916,76.0,,
07-29-1916,79.0,,
07-30-1916,68.0,,
07-31-1916,82.0,,
08-01-1916,79.0,49.0,
08-02-1916,79.0,47.0,
08-03-1916,72.0,55.0,
08-04-1916,79.0,43.0,
08-05-1916,79.0,46.0,
08-06-1916,83.0,51.0,
08-07-1916,83.0,51.0,
08-08-1916,65.0,55.0,0.27
08-09-1916,70.0,55.0,0.18
08-10-1916,79.0,53.0,
08-11-1916,84.0,51.0,
08-12-1916,85.0,55.0,
08-13-1916,78.0,59.0,0.22
08-14-1916,84.0,58.0,
08-15-1916,81.0,57.0,
08-16-1916,72.0,57.0,0.04
08-17-1916,53.0,46.0,0.46
08-18-1916,58.0,43.0,0.07
08-19-1916,67.0,39.0,
08-20-1916,73.0,45.0,
08-21-1916,76.0,45.0,
08-22-1916,84.0,52.0,
08-23-1916,90.0,55.0,
08-24-1916,91.0,55.0,
08-25-1916,90.0,56.0,
08-26-1916,89.0,56.0,
08-27-1916,91.0,55.0,
08-28-1916,93.0,59.0,
08-29-1916,94.0,61.0,
08-30-1916,91.0,60.0,
08-31-1916,89.0,62.0,
09-01-1916,82,58.0,
09-01-1916,8.,58.0,
09-02-1916,76,56.0,
09-02-1916,76,56.0,
09-03-1916,,51.0,0.15
09-03-1916,59,51.0,0.15
09-04-1916,,46.0,0.31
09-04-1916,,46.0,0.31
09-05-1916,G,52.0,
09-05-1916,,52.0,
09-06-1916,74,48.0,
09-06-1916,24,48.0,
09-07-1916,83,53.0,
09-07-1916,83,53.0,
09-08-1916,29,52.0,
09-08-1916,29,52.0,
09-09-1916,59,44.0,0.07
09-09-1916,59,44.0,0.07
09-10-1916,,40.0,
09-10-1916,,40.0,
09-11-1916,72,41.0,
09-11-1916,72,41.0,
09-12-1916,74,49.0,
09-12-1916,74,49.0,
09-13-1916,20,45.0,
09-13-1916,20,45.0,
09-14-1916,,43.0,
09-14-1916,74,43.0,
09-15-1916,,44.0,
09-15-1916,,44.0,
09-16-1916,79,45.0,
09-16-1916,79.0,45.0,
09-17-1916,76,52.0,
09-17-1916,76,52.0,
09-18-1916,82,46.0,
09-18-1916,82,46.0,
09-19-1916,77.0,32.0,
09-19-1916,77.0,32.0,
09-20-1916,83,51.0,
09-20-1916,28,51.0,
09-21-1916,85,51.0,
09-21-1916,85,51.0,
09-22-1916,68,42.0,0.03
09-22-1916,68,42.0,0.03
09-23-1916,,41.0,0.12
09-23-1916,,41.0,0.12
09-24-1916,"L
59",46.0,
09-24-1916,59,46.0,
09-25-1916,2,38.0,
09-25-1916,,38.0,
09-26-1916,G,34.0,
09-26-1916,64,34.0,
09-27-1916,62,35.0,
09-27-1916,62,35.0,
09-28-1916,65,36.0,
09-28-1916,65,36.0,
09-29-1916,76.,45.0,
09-29-1916,76,45.0,
09-30-1916,,33.0,
09-30-1916,,33.0,
10-01-1916,57.0,35.0,
10-02-1916,48.0,38.0,
10-03-1916,49.0,32.0,
10-04-1916,52.0,26.0,
10-05-1916,56.0,28.0,
10-06-1916,66.0,33.0,
10-07-1916,52.0,38.0,
10-08-1916,59.0,26.0,
10-09-1916,62.0,38.0,
10-10-1916,62.0,36.0,
10-11-1916,65.0,30.0,
10-12-1916,69.0,32.0,
10-13-1916,75.0,45.0,
10-14-1916,67.0,45.0,
10-15-1916,68.0,41.0,
10-16-1916,75.0,46.0,
10-17-1916,61.0,54.0,
10-18-1916,55.0,35.0,
10-19-1916,53.0,29.0,
10-20-1916,63.0,37.0,
10-21-1916,54.0,35.0,
10-22-1916,56.0,31.0,
10-23-1916,57.0,26.0,
10-24-1916,60.0,34.0,
10-25-1916,62.0,41.0,
10-26-1916,65.0,44.0,
10-27-1916,51.0,40.0,
10-28-1916,45.0,35.0,
10-29-1916,43.0,32.0,
10-30-1916,48.0,38.0,
10-31-1916,49.0,40.0,
11-01-1916,51.0,,
11-02-1916,55.0,,
11-03-1916,59.0,,
11-04-1916,47.0,,
11-05-1916,38.0,,
11-06-1916,34.0,,
11-07-1916,40.0,,
11-08-1916,47.0,,
11-09-1916,49.0,,
11-10-1916,35.0,,
11-11-1916,27.0,,
11-12-1916,21.0,,
11-13-1916,25.0,,
11-14-1916,35.0,,
11-15-1916,42.0,,
11-16-1916,41.0,,
11-17-1916,47.0,,
11-18-1916,38.0,,
11-19-1916,28.0,,
11-20-1916,32.0,,
11-21-1916,34.0,,
11-22-1916,35.0,,
11-23-1916,32.0,,
11-24-1916,40.0,,
11-25-1916,38.0,,
11-26-1916,36.0,,
11-27-1916,40.0,,
11-28-1916,37.0,,
11-29-1916,39.0,,
11-30-1916,41.0,,
12-01-1916,38.0,32.0,
12-02-1916,41.0,34.0,
12-03-1916,41.0,33.0,
12-04-1916,37.0,33.0,
12-05-1916,35.0,25.0,
12-06-1916,26.0,19.0,
12-07-1916,25.0,17.0,
12-08-1916,28.0,19.0,
12-09-1916,28.0,21.0,
12-10-1916,21.0,15.0,
12-11-1916,34.0,17.0,
12-12-1916,34.0,31.0,
12-13-1916,32.0,12.0,
12-14-1916,25.0,21.0,
12-15-1916,29.0,20.0,
12-16-1916,35.0,27.0,
12-17-1916,30.0,15.0,
12-18-1916,37.0,3.0,
12-19-1916,34.0,24.0,
12-20-1916,28.0,21.0,
12-21-1916,31.0,25.0,
12-22-1916,29.0,25.0,
12-23-1916,28.0,21.0,
12-24-1916,28.0,18.0,
12-25-1916,16.0,8.0,
12-26-1916,7.0,2.0,
12-27-1916,15.0,7.0,
12-28-1916,15.0,6.0,
12-29-1916,14.0,6.0,
12-30-1916,20.0,10.0,
12-31-1916,23.0,15.0,
01-01-1917,30.0,26,6.0
01-02-1917,30.0,21,6.0
01-03-1917,34.0,30,18.0
01-04-1917,40.0,30,
01-05-1917,40.0,34,
01-06-1917,35.0,32,21
01-07-1917,33.0,29,
01-08-1917,41.0,34,
01-09-1917,42.0,37,
01-10-1917,33.0,20,
01-11-1917,30.0,20,
01-12-1917,30.0,12,
01-13-1917,28.0,9,
01-14-1917,25.0,7,
01-15-1917,21.0,4,
01-16-1917,20.0,4,
01-17-1917,18.0,5,
01-18-1917,22.0,12,
01-19-1917,23.0,13,
01-20-1917,22.0,18,
01-21-1917,22.0,4,
01-22-1917,30.0,15.0,2.0
01-23-1917,31.0,21,
01-24-1917,33.0,23,"2,0"
01-25-1917,42.0,32,
01-26-1917,36.0,30,56
01-27-1917,34.0,31,87
01-28-1917,30.0,28,
01-29-1917,29.0,15,
01-30-1917,17.0,11,
01-31-1917,14.0,-1,
02-01-1917,24,12.0,
02-02-1917,26,2.0,
02-03-1917,44,26.0,
02-04-1917,40,33.0,
02-05-1917,44,35.0,
02-06-1917,43,28.0,
02-07-1917,41,32.0,
02-08-1917,43,28.0,
02-09-1917,35,25.0,
02-10-1917,36,25.0,
02-11-1917,33,30.0,
02-12-1917,31,30.0,
02-13-1917,31,29.0,
02-14-1917,32,28.0,
02-15-1917,34,28.0,
02-16-1917,36,28.0,
02-17-1917,34,27.0,
02-18-1917,27,34.0,
02-19-1917,34,25.0,
02-20-1917,32.0,26.0,
02-21-1917,31,24.0,
02-22-1917,35.0,17.0,
02-23-1917,30,17.0,
02-24-1917,29.0,22.0,
02-25-1917,25.0,12.0,
02-26-1917,24,17.0,
02-27-1917,25,18.0,
02-28-1917,23,15.0,
03-01-1917,25.0,8.0,
03-02-1917,25.0,15.0,
03-03-1917,29.0,9.0,
03-04-1917,33.0,25.0,
03-05-1917,33.0,27.0,
03-06-1917,35.0,21.0,
03-07-1917,33.0,22.0,
03-08-1917,35.0,28.0,
03-09-1917,33.0,23.0,
03-10-1917,37.0,25.0,
03-11-1917,35.0,15.0,
03-12-1917,37.0,17.0,
03-13-1917,36.0,26.0,
03-14-1917,3.0,28.0,
03-15-1917,39.0,23.0,
03-16-1917,39.0,19.0,
03-17-1917,40.0,28.0,
03-18-1917,35.0,25.0,
03-19-1917,36.0,31.0,
03-20-1917,37.0,27.0,
03-21-1917,33.0,29.0,
03-22-1917,37.0,29.0,
03-23-1917,44.0,33.0,
03-24-1917,45.0,33.0,
03-25-1917,34.0,24.0,
03-26-1917,34.0,12.0,
03-27-1917,50.0,32.0,
03-28-1917,43.0,30.0,
03-29-1917,45.0,32.0,
03-30-1917,35.0,26.0,
03-31-1917,36.0,27.0,
04-01-1917,36.0,28.0,0.15
04-02-1917,41.0,30.0,
04-03-1917,46.0,32.0,
04-04-1917,54.0,37.0,0.18
04-05-1917,47.0,41.0,
04-06-1917,51.0,33.0,0.09
04-07-1917,49.0,41.0,0.9
04-08-1917,35.0,34.0,
04-09-1917,51.0,35.0,
04-10-1917,55.0,32.0,0.51
04-11-1917,49.0,31.0,0.14
04-12-1917,48.0,35.0,
04-13-1917,52.0,32.0,0.15
04-14-1917,35.0,32.0,0.09
04-15-1917,35.0,30.0,0.19
04-16-1917,34.0,30.0,
04-17-1917,43.0,32.0,0.03
04-18-1917,46.0,31.0,
04-19-1917,49.0,34.0,0.1
04-20-1917,51.0,37.0,0.3
04-21-1917,52.0,38.0,
04-22-1917,57.0,34.0,0.54
04-23-1917,52.0,42.0,
04-24-1917,55.0,33.0,
04-25-1917,42.0,41.0,0.25
04-26-1917,52.0,41.0,0.08
04-27-1917,54.0,37.0,
04-28-1917,57.0,33.0,
04-29-1917,52.0,31.0,0.05
04-30-1917,53.0,36.0,0.46
05-01-1917,51.0,33.0,
05-02-1917,56.0,33.0,
05-03-1917,56.0,40.0,
05-04-1917,55.0,34.0,
05-05-1917,60.0,36.0,
05-06-1917,58.0,42.0,
05-07-1917,67.0,41.0,
05-08-1917,69.0,46.0,
05-09-1917,71.0,41.0,
05-10-1917,76.0,45.0,
05-11-1917,70.0,41.0,0.27
05-12-1917,69.0,49.0,0.1
05-13-1917,62.0,48.0,
05-14-1917,71.0,47.0,0.08
05-15-1917,49.0,42.0,
05-16-1917,49.0,34.0,
05-17-1917,63.0,32.0,
05-18-1917,56.0,44.0,0.35
05-19-1917,60.0,44.0,
05-20-1917,60.0,40.0,0.06
05-21-1917,55.0,44.0,
05-22-1917,59.0,44.0,0.14
05-23-1917,55.0,46.0,0.66
05-24-1917,46.0,43.0,0.31
05-25-1917,87.0,40.0,
05-26-1917,64.0,41.0,0.12
05-27-1917,68.0,49.0,0.03
05-28-1917,68.0,49.0,0.13
05-29-1917,58.0,50.0,
05-30-1917,62.0,37.0,
05-31-1917,69.0,44.0,
06-01-1917,55.0,44.0,
06-02-1917,52.0,38.0,0.13
06-03-1917,54.0,38.0,0.2
06-04-1917,55.0,35.0,
06-05-1917,68.0,34.0,
06-06-1917,70.0,46.0,
06-07-1917,70.0,50.0,
06-08-1917,74.0,50.0,0.2
06-09-1917,55.0,41.0,0.03
06-10-1917,55.0,39.0,
06-11-1917,58.0,39.0,
06-12-1917,67.0,58.0,
06-13-1917,76.0,47.0,
06-14-1917,86.0,55.0,
06-15-1917,96.0,60.0,
06-16-1917,89.0,59.0,
06-17-1917,73.0,52.0,
06-18-1917,78.0,42.0,
06-19-1917,73.0,48.0,
06-20-1917,79.0,41.0,0.06
06-21-1917,66.0,52.0,
06-22-1917,69.0,42.0,
06-23-1917,76.0,42.0,0.12
06-24-1917,73.0,49.0,
06-25-1917,73.0,42.0,
06-26-1917,77.0,49.0,
06-27-1917,82.0,49.0,
06-28-1917,71.0,60.0,
06-29-1917,67.0,45.0,
06-30-1917,74.0,46.0,
07-01-1917,83.0,49.0,
07-02-1917,85.0,55.0,
07-03-1917,80.0,55.0,
07-04-1917,75.0,57.0,
07-05-1917,82.0,54.0,
07-06-1917,79.0,54.0,
07-07-1917,86.0,56.0,
07-08-1917,90.0,57.0,
07-09-1917,88.0,64.0,
07-10-1917,85.0,54.0,
07-11-1917,95.0,56.0,
07-12-1917,89.0,63.0,
07-13-1917,89.0,62.0,
07-14-1917,91.0,55.0,
07-15-1917,93.0,59.0,
07-16-1917,99.0,59,
07-17-1917,84.0,65.0,
07-18-1917,95.0,62.0,
07-19-1917,95.0,66.0,
07-20-1917,90.0,68.0,
07-21-1917,88.0,62.0,
07-22-1917,85.0,59.0,
07-23-1917,80.0,64.0,
07-24-1917,86.0,48.0,
07-25-1917,89.0,54.0,
07-26-1917,95.0,60.0,
07-27-1917,73.0,58.0,
07-28-1917,76.0,53.0,
07-29-1917,72.0,39.0,
07-30-1917,73.0,47.0,
07-31-1917,78.0,49.0,
08-01-1917,86.0,49.0,
08-02-1917,93.0,55.0,
08-03-1917,81.0,64.0,
08-04-1917,82.0,53.0,
08-05-1917,86.0,49.0,
08-06-1917,76.0,57.0,
08-07-1917,45.0,52.0,
08-08-1917,85.0,50.0,
08-09-1917,87.0,58.0,
08-10-1917,76.0,56.0,
08-11-1917,84.0,46.0,
08-12-1917,90.0,50.0,
08-13-1917,91.0,55.0,
08-14-1917,88.0,56.0,
08-15-1917,95.0,55.0,
08-16-1917,98.0,60.0,
08-17-1917,93.0,61.0,
08-18-1917,87.0,66.0,
08-19-1917,88.0,58.0,
08-20-1917,98.0,64.0,
08-21-1917,76.0,59.0,
08-22-1917,86.0,47.0,
08-23-1917,91.0,57.0,
08-24-1917,95.0,55.0,
08-25-1917,87.0,57.0,
08-26-1917,85.0,60.0,
08-27-1917,84.0,50.0,
08-28-1917,87.0,51.0,
08-29-1917,84.0,52.0,
08-30-1917,81.0,52.0,
08-31-1917,76.0,51.0,
09-01-1917,80,52.0,
09-01-1917,80,52.0,
09-02-1917,77,48.0,
09-02-1917,77,48.0,
09-03-1917,83,49.0,
09-03-1917,83.0,49.0,
09-04-1917,79,48.0,
09-04-1917,79,48.0,
09-05-1917,8,53.0,
09-05-1917,78,53.0,
09-06-1917,76,51.0,
09-06-1917,76,51.0,
09-07-1917,24,53.0,
09-07-1917,25,53.0,
09-08-1917,69,53.0,
09-08-1917,69,53.0,
09-09-1917,85,50.0,
09-09-1917,85,50.0,
09-10-1917,28.,57.0,
09-10-1917,84,57.0,
09-11-1917,65,51.0,
09-11-1917,,51.0,
09-12-1917,38,50.0,0.23
09-12-1917,28,50.0,0.23
09-13-1917,,48.0,
09-13-1917,,48.0,
09-14-1917,67,39.0,
09-14-1917,67,39.0,
09-15-1917,,43.0,
09-15-1917,,43.0,
09-16-1917,84,50.0,
09-16-1917,84.0,50.0,
09-17-1917,86,55.0,
09-17-1917,86,55.0,
09-18-1917,89,55.0,
09-18-1917,89,55.0,
09-19-1917,95.0,63.0,
09-19-1917,,63.0,
09-20-1917,86,53.0,
09-20-1917,86,53.0,
09-21-1917,83,57.0,
09-21-1917,83,57.0,
09-22-1917,"L
67",54.0,
09-22-1917,G,54.0,
09-23-1917,D,47.0,0.22
09-23-1917,,47.0,0.22
09-24-1917,,42.0,0.35
09-24-1917,,42.0,0.35
09-25-1917,68,45.0,0.04
09-25-1917,19,45.0,0.04
09-26-1917,67,50.0,
09-26-1917,69,50.0,
09-27-1917,65,50.0,
09-27-1917,65,50.0,
09-28-1917,,56.0,
09-28-1917,,56.0,
09-29-1917,76,45.0,
09-29-1917,"76
-6.",45.0,
09-30-1917,23,45.0,
09-30-1917,23,45.0,
10-01-1917,69.0,50.0,
10-02-1917,71.0,53.0,
10-03-1917,75.0,48.0,
10-04-1917,81.0,50.0,
10-05-1917,76.0,52.0,
10-06-1917,78.0,51.0,
10-07-1917,77.0,45.0,
10-08-1917,71.0,47.0,
10-09-1917,77.0,44.0,
10-10-1917,77.0,47.0,
10-11-1917,76.0,44.0,
10-12-1917,68.0,43.0,
10-13-1917,68.0,41.0,
10-14-1917,72.0,45.0,
10-15-1917,66.0,44.0,
10-16-1917,47.0,42.0,
10-17-1917,50.0,2.0,
10-18-1917,52.0,26.0,
10-19-1917,59.0,35.0,
10-20-1917,54.0,28.0,
10-21-1917,60.0,42.0,
10-22-1917,61.0,32.0,
10-23-1917,57.0,34.0,
10-24-1917,51.0,40.0,
10-25-1917,47.0,34.0,
10-26-1917,47.0,28.0,
10-27-1917,45.0,39.0,
10-28-1917,40.0,18.0,
10-29-1917,38.0,25.0,
10-30-1917,50.0,26.0,
10-31-1917,58.0,30.0,
11-01-1917,62.0,48,
11-02-1917,65.0,42,
11-03-1917,55.0,,
11-04-1917,54.0,,
11-05-1917,52.0,45,
11-06-1917,46.0,39.0,
11-07-1917,44.0,,
11-08-1917,50.0,40.0,
11-09-1917,59.0,40.0,
11-10-1917,59.0,"2,7",
11-11-1917,61.0,43,
11-12-1917,25.0,,
11-13-1917,50.0,36,
11-14-1917,42.0,35,
11-15-1917,39.0,,
11-16-1917,48.0,37,
11-17-1917,51.0,34,
11-18-1917,53.0,34,
11-19-1917,53.0,35,
11-20-1917,59.0,,
11-21-1917,62.0,4x,
11-22-1917,60.0,,
11-23-1917,55.0,37,
11-24-1917,40.0,32,
11-25-1917,40.0,33,
11-26-1917,45.0,"L
2J",
11-27-1917,48.0,37,
11-28-1917,42.0,40.0,
11-29-1917,36.0,34.0,
11-30-1917,44.0,33,
12-01-1917,41.0,35.0,
12-02-1917,38.0,34.0,
12-03-1917,38.0,34.0,
12-04-1917,40.0,34.0,
12-05-1917,34.0,27.0,
12-06-1917,34.0,19.0,
12-07-1917,30.0,15.0,
12-08-1917,37.0,30.0,
12-09-1917,39.0,32.0,
12-10-1917,37.0,2.0,
12-11-1917,44.0,34.0,
12-12-1917,33.0,28.0,
12-13-1917,51.0,44.0,
12-14-1917,49.0,45.0,
12-15-1917,50.0,22.0,
12-16-1917,25.0,45.0,
12-17-1917,51.0,3.0,
12-18-1917,59.0,51.0,
12-19-1917,42.0,38.0,
12-20-1917,37.0,32.0,
12-21-1917,37.0,33.0,
12-22-1917,52.0,40.0,
12-23-1917,37.0,33.0,
12-24-1917,29.0,21.0,
12-25-1917,33.0,20.0,
12-26-1917,46.0,30.0,
12-27-1917,54.0,44.0,
12-28-1917,58.0,8.0,
12-29-1917,29.0,51.0,
12-30-1917,54.0,50.0,
12-31-1917,48.0,45.0,
01-01-1918,59.0,43,
01-02-1918,53.0,41,
01-03-1918,47.0,3,97.0
01-04-1918,45.0,42,17
01-05-1918,42.0,35,36.
01-06-1918,42.0,3,
01-07-1918,42.0,35,
01-08-1918,41.0,33,
01-09-1918,33.0,17,
01-10-1918,21.0,15,
01-11-1918,28.0,17,5.0
01-12-1918,33.0,26,4.0
01-13-1918,33.0,2,
01-14-1918,35.0,28,4.0
01-15-1918,39.0,34,
01-16-1918,36.0,34,
01-17-1918,41.0,35,
01-18-1918,41.0,33,
01-19-1918,35.0,23,
01-20-1918,29.0,20,
01-21-1918,29.0,26,
01-22-1918,40.0,26.0,
01-23-1918,41.0,34,
01-24-1918,41.0,37,
01-25-1918,35.0,28,
01-26-1918,33.0,27,"2,0"
01-27-1918,36.0,27,
01-28-1918,44.0,30,"09
T"
01-29-1918,35.0,30,
01-30-1918,15.0,10,20.0
01-31-1918,20.0,-3,
02-01-1918,26,28.0,
02-01-1918,26,6.5,
02-02-1918,30,16.0,
02-02-1918,30,33.0,
02-03-1918,38,20.0,
02-03-1918,38,36.0,
02-04-1918,45,38.0,
02-04-1918,45,35.0,
02-05-1918,47,35.0,
02-05-1918,47,34.0,
02-06-1918,50,36.0,
02-06-1918,50,32.0,
02-07-1918,40,37.0,
02-07-1918,40,30.0,
02-08-1918,40,3.0,
02-08-1918,40,28.0,
02-09-1918,49,36.0,
02-09-1918,49,27.0,
02-10-1918,49,31.0,
02-10-1918,49,38.0,
02-11-1918,38,29.0,
02-11-1918,38,32.0,
02-12-1918,30,25.0,
02-12-1918,30,21.0,
02-13-1918,38,24.0,
02-13-1918,38,22.0,
02-14-1918,30,21.0,
02-14-1918,30,19.0,
02-15-1918,30,15.0,
02-15-1918,30,2.0,
02-16-1918,39,27.0,
02-16-1918,39,21.0,
02-17-1918,34,2.0,
02-17-1918,34,29.0,
02-18-1918,25,23.0,
02-18-1918,25,28.0,
02-19-1918,29,29.0,
02-19-1918,29,15.0,
02-20-1918,25.0,30.0,
02-20-1918,25.0,10.0,
02-21-1918,32,11.0,
02-21-1918,32,31.0,
02-22-1918,39.0,24.0,
02-22-1918,39.0,22.0,
02-23-1918,42,17.0,
02-23-1918,42,23.0,
02-24-1918,29.0,23.0,
02-24-1918,29.0,17.0,
02-25-1918,35.0,28.0,
02-25-1918,35.0,2.0,
02-26-1918,34,22.0,
02-26-1918,34,28.0,
02-27-1918,29,11.0,
02-27-1918,29,30.0,
02-28-1918,36,20.0,
02-28-1918,36,28.0,
03-01-1918,40.0,32.0,
03-02-1918,43.0,32.0,
03-03-1918,42.0,27.0,
03-04-1918,32.0,25.0,
03-05-1918,32.0,27.0,
03-06-1918,31.0,15.0,
03-07-1918,41.0,26.0,
03-08-1918,34.0,26.0,
03-09-1918,38.0,21.0,
03-10-1918,40.0,30.0,
03-11-1918,45.0,33.0,
03-12-1918,48.0,37.0,
03-13-1918,3.8,29.0,
03-14-1918,46.0,28.0,
03-15-1918,52.0,32.0,
03-16-1918,55.0,37.0,
03-17-1918,50.0,45.0,
03-18-1918,47.0,40.0,
03-19-1918,48.0,32.0,
03-20-1918,48.0,37.0,
03-21-1918,65.0,34.0,
03-22-1918,34.0,41.0,
03-23-1918,54.0,34.0,
03-24-1918,65.0,44.0,
03-25-1918,50.0,26.0,
03-26-1918,47.0,39.0,
03-27-1918,47.0,35.0,
03-28-1918,56.0,39.0,
03-29-1918,64.0,39.0,
03-30-1918,59.0,42.0,
03-31-1918,52.0,36.0,
04-01-1918,43.0,31.0,
04-02-1918,41.0,24.0,
04-03-1918,45.0,23.0,
04-04-1918,52.0,30.0,
04-05-1918,56.0,33.0,
04-06-1918,61.0,42.0,
04-07-1918,65.0,42.0,
04-08-1918,70.0,45.0,
04-09-1918,56.0,46.0,0.07
04-10-1918,62.0,36.0,
04-11-1918,61.0,40.0,
04-12-1918,56.0,38.0,0.22
04-13-1918,41.0,30.0,
04-14-1918,37.0,29.0,0.1
04-15-1918,44.0,29.0,
04-16-1918,48.0,33.0,0.07
04-17-1918,52.0,35.0,
04-18-1918,58.0,31.0,
04-19-1918,69.0,36.0,
04-20-1918,71.0,42.0,
04-21-1918,68.0,50.0,
04-22-1918,43.0,42.0,
04-23-1918,48.0,33.0,
04-24-1918,52.0,35.0,
04-25-1918,57.0,31.0,
04-26-1918,68.0,36.0,
04-27-1918,71.0,42.0,
04-28-1918,68.0,50.0,
04-29-1918,70.0,42.0,
04-30-1918,69.0,39.0,
05-01-1918,74.0,39.0,
05-02-1918,76.0,51.0,
05-03-1918,83.0,49.0,
05-04-1918,63.0,51.0,
05-05-1918,60.0,,
05-06-1918,61.0,39.0,
05-07-1918,52.0,41.0,0.27
05-08-1918,39.0,33.0,0.05
05-09-1918,54.0,37.0,
05-10-1918,61.0,34.0,
05-11-1918,68.0,44.0,
05-12-1918,70.0,48.0,
05-13-1918,72.0,47.0,
05-14-1918,65.0,41.0,0.7
05-15-1918,52.0,36.0,0.19
05-16-1918,51.0,40.0,
05-17-1918,48.0,40.0,
05-18-1918,45.0,38.0,0.6
05-19-1918,47.0,36.0,0.7
05-20-1918,48.0,38.0,0.04
05-21-1918,50.0,36.0,
05-22-1918,50.0,35.0,
05-23-1918,50.0,35.0,
05-24-1918,51.0,35.0,
05-25-1918,58.0,35.0,
05-26-1918,65.0,35.0,
05-27-1918,79.0,32.0,
05-28-1918,71.0,42.0,
05-29-1918,41.0,38.0,
05-30-1918,63.0,51.0,
05-31-1918,50.0,37.0,
06-01-1918,51.0,39.0,
06-02-1918,59.0,38.0,
06-03-1918,69.0,36.0,
06-04-1918,76.0,39.0,
06-05-1918,78.0,49.0,
06-06-1918,84.0,51.0,
06-07-1918,87.0,51.0,
06-08-1918,79.0,61.0,
06-09-1918,88.0,59.0,
06-10-1918,79.0,64.0,
06-11-1918,87.0,53.0,
06-12-1918,87.0,61.0,0.08
06-13-1918,88.0,55.0,
06-14-1918,65.0,49.0,
06-15-1918,79.0,39.0,
06-16-1918,85.0,49.0,0.04
06-17-1918,81.0,61.0,
06-18-1918,80.0,50.0,
06-19-1918,86.0,50.0,
06-20-1918,94.0,55.0,
06-21-1918,83.0,61.0,
06-22-1918,91.0,60.0,0.21
06-23-1918,76.0,61.0,0.24
06-24-1918,73.0,53.0,
06-25-1918,71.0,54.0,
06-26-1918,44.0,51.0,
06-27-1918,71.0,15.0,
06-28-1918,67.0,49.0,
06-29-1918,74.0,40.0,
06-30-1918,83.0,49.0,
07-01-1918,85.0,54.0,
07-02-1918,75.0,61.0,
07-03-1918,70.0,58.0,
07-04-1918,80.0,46.0,
07-05-1918,80.0,57.0,
07-06-1918,80.0,55.0,
07-07-1918,91.0,52.0,
07-08-1918,94.0,66.0,
07-09-1918,80.0,55.0,0.24
07-10-1918,73.0,44.0,0.06
07-11-1918,84.0,49.0,
07-12-1918,77.0,54.0,
07-13-1918,20.0,51.0,
07-14-1918,89.0,69.0,
07-15-1918,89.0,67.0,
07-16-1918,91.0,65,
07-17-1918,100.0,63.0,
07-18-1918,103.0,73.0,
07-19-1918,81.0,59.0,
07-20-1918,74.0,55.0,
07-21-1918,77.0,52.0,
07-22-1918,82.0,55.0,
07-23-1918,72.0,57.0,
07-24-1918,75.0,50.0,0.12
07-25-1918,74.0,48.0,0.38
07-26-1918,65.0,53.0,0.05
07-27-1918,72.0,49.0,
07-28-1918,84.0,51.0,
07-29-1918,95.0,57.0,
07-30-1918,93.0,62.0,
07-31-1918,93.0,67.0,
08-01-1918,92.0,71.0,0.11
08-02-1918,82.0,60.0,
08-03-1918,80.0,55.0,
08-04-1918,83.0,50.0,
08-05-1918,94.0,56.0,
08-06-1918,84.0,56.0,
08-07-1918,90.0,60.0,
08-08-1918,66.0,52.0,0.13
08-09-1918,68.0,51.0,0.05
08-10-1918,68.0,55.0,
08-11-1918,70.0,51.0,
08-12-1918,78.0,48.0,
08-13-1918,85.0,51.0,
08-14-1918,84.0,65.0,
08-15-1918,73.0,55.0,
08-16-1918,62.0,55.0,
08-17-1918,71.0,49.0,
08-18-1918,62.0,49.0,0.2
08-19-1918,50.0,48.0,0.15
08-20-1918,59.0,47.0,
08-21-1918,62.0,44.0,0.04
08-22-1918,69.0,52.0,
08-23-1918,81.0,55.0,
08-24-1918,91.0,58.0,
08-25-1918,86.0,61.0,
08-26-1918,86.0,70.0,
08-27-1918,75.0,55.0,
08-28-1918,79.0,45.0,
08-29-1918,85.0,49.0,
08-30-1918,83.0,49.0,
08-31-1918,90.0,55.0,
09-01-1918,82,56.0,
09-01-1918,82,56.0,
09-02-1918,76,45.0,
09-02-1918,76,45.0,
09-03-1918,,47.0,
09-03-1918,76,47.0,
09-04-1918,,48.0,
09-04-1918,,48.0,
09-05-1918,85,53.0,
09-05-1918,85,53.0,
09-06-1918,88,52.0,
09-06-1918,88,52.0,
09-07-1918,95,53.0,
09-07-1918,,53.0,
09-08-1918,82,59.0,
09-08-1918,82,59.0,
09-09-1918,,56.0,
09-09-1918,76,56.0,
09-10-1918,82,50.0,
09-10-1918,82,50.0,
09-11-1918,85,52.0,
09-11-1918,85,52.0,
09-12-1918,79,61.0,
09-12-1918,79,61.0,
09-13-1918,,59.0,0.28
09-13-1918,,59.0,0.28
09-14-1918,72,59.0,
09-14-1918,72,59.0,
09-15-1918,80,52.0,
09-15-1918,80,52.0,
09-16-1918,83,50.0,
09-16-1918,83.0,50.0,
09-17-1918,,51.0,
09-17-1918,,51.0,
09-18-1918,85,54.0,
09-18-1918,85,54.0,
09-19-1918,89.0,57.0,
09-19-1918,89.0,57.0,
09-20-1918,88,57.0,
09-20-1918,88,57.0,
09-21-1918,80,53.0,
09-21-1918,80,53.0,
09-22-1918,59,47.0,0.36
09-22-1918,59,47.0,0.36
09-23-1918,54,45.0,
09-23-1918,54,45.0,
09-24-1918,68,45.0,
09-24-1918,,45.0,
09-25-1918,,,
09-25-1918,,,
09-26-1918,,,
09-26-1918,,,
09-27-1918,,,
09-27-1918,,,
09-28-1918,90,,
09-28-1918,90,,
09-29-1918,74,60.0,
09-29-1918,74,60.0,
09-30-1918,71,56.0,0.09
09-30-1918,71,56.0,0.09
10-01-1918,86.0,56.0,
10-02-1918,82.0,55.0,
10-03-1918,67.0,55.0,15.0
10-04-1918,70.0,48.0,
10-05-1918,57.0,55.0,40.0
10-06-1918,55.0,44.0,15
10-07-1918,60.0,40.0,2.0
10-08-1918,66.0,42.0,
10-09-1918,69.0,42.0,30.0
10-10-1918,69.0,49.0,
10-11-1918,80.0,56.0,
10-12-1918,77.0,57.0,
10-13-1918,74.0,53.0,24.0
10-14-1918,69.0,54.0,
10-15-1918,51.0,50.0,13.0
10-16-1918,54.0,48.0,2.0
10-17-1918,49.0,43.0,
10-18-1918,55.0,39.0,
10-19-1918,64.0,40.0,
10-20-1918,66.0,44.0,
10-21-1918,53.0,47.0,
10-22-1918,49.0,31.0,
10-23-1918,48.0,38.0,
10-24-1918,45.0,40.0,0.09
10-25-1918,49.0,36.0,4.0
10-26-1918,50.0,36.0,
10-27-1918,49.0,44.0,50.0
10-28-1918,,34.0,05
10-29-1918,,,
10-30-1918,53.0,44.0,
10-31-1918,54.0,37.0,
11-01-1918,52.0,37,
11-02-1918,51.0,36,
11-03-1918,50.0,46.0,
11-04-1918,44.0,40,
11-05-1918,42.0,37,
11-06-1918,42.0,36.0,
11-07-1918,42.0,37,
11-08-1918,48.0,35.0,
11-09-1918,48.0,40.0,
11-10-1918,49.0,43,
11-11-1918,49.0,38,
11-12-1918,52.0,35.0,
11-13-1918,52.0,35,
11-14-1918,44.0,40,
11-15-1918,44.0,37.0,
11-16-1918,42.0,37,
11-17-1918,47.0,33,
11-18-1918,49.0,39,
11-19-1918,45.0,31,
11-20-1918,42.0,31,
11-21-1918,36.0,33,
11-22-1918,38.0,26,
11-23-1918,40.0,27,
11-24-1918,38.0,22,
11-25-1918,35.0,38,
11-26-1918,34.0,21,
11-27-1918,32.0,19,
11-28-1918,37.0,27.0,
11-29-1918,38.0,27.0,
11-30-1918,44.0,37,
12-01-1918,41.0,,
12-02-1918,49.0,,
12-03-1918,53.0,,
12-04-1918,53.0,,
12-05-1918,28.0,,
12-06-1918,44.0,,
12-07-1918,43.0,,
12-08-1918,37.0,,
12-09-1918,35.0,,
12-10-1918,37.0,,
12-11-1918,37.0,,
12-12-1918,39.0,,
12-13-1918,50.0,,
12-14-1918,50.0,,
12-15-1918,44.0,,
12-16-1918,39.0,,
12-17-1918,33.0,,
12-18-1918,31.0,,
12-19-1918,33.0,,
12-20-1918,35.0,,
12-21-1918,31.0,,
12-22-1918,24.0,,
12-23-1918,23.0,,
12-24-1918,23.0,,
12-25-1918,23.0,,
12-26-1918,22.0,,
12-27-1918,34.0,,
12-28-1918,34.0,,
12-29-1918,35.0,,
12-30-1918,19.0,,
12-31-1918,15.0,,
01-01-1919,15.0,-2,
01-02-1919,25.0,0,
01-03-1919,30.0,13,
01-04-1919,32.0,17,
01-05-1919,34.0,19,
01-06-1919,36.0,19,
01-07-1919,34.0,19,
01-08-1919,35.0,24,
01-09-1919,36.0,23,
01-10-1919,40.0,29,
01-11-1919,38.0,28,
01-12-1919,36.0,27,
01-13-1919,38.0,31,
01-14-1919,37.0,28,
01-15-1919,41.0,32,
01-16-1919,42.0,27,5.0
01-17-1919,49.0,40,60
01-18-1919,49.0,42,
01-19-1919,53.0,૩૪,-26.0
01-20-1919,35.0,29,"1.5
30"
01-21-1919,38.0,30,
01-22-1919,51.0,35.0,64
01-23-1919,51.0,35,
01-24-1919,38.0,31,
01-25-1919,40.0,29,
01-26-1919,38.0,36,14
01-27-1919,41.0,32,
01-28-1919,46.0,35,
01-29-1919,45.0,33,
01-30-1919,40.0,29,
01-31-1919,41.0,28,
02-01-1919,34,26.0,
02-02-1919,33,27.0,
02-03-1919,31,29.0,
02-04-1919,35,27.0,
02-05-1919,32,2.0,
02-06-1919,32,21.0,
02-07-1919,32,25.0,
02-08-1919,43,25.0,
02-09-1919,45,36.0,
02-10-1919,41,35.0,
02-11-1919,38,32.0,
02-12-1919,36,29.0,
02-13-1919,37,29.0,
02-14-1919,38,28.0,
02-15-1919,45,35.0,
02-16-1919,40,3.0,
02-17-1919,35,32.0,
02-18-1919,38,27.0,
02-19-1919,35,27.0,
02-20-1919,33.0,28.0,
02-21-1919,35,24.0,
02-22-1919,32.0,26.0,
02-23-1919,30,10.0,
02-24-1919,28.0,-2.0,
02-25-1919,35.0,25.0,
02-26-1919,35,31.0,
02-27-1919,34,29.0,
02-28-1919,40,29.0,
03-01-1919,42.0,30.0,
03-02-1919,41.0,38.0,
03-03-1919,42.0,34.0,
03-04-1919,37.0,32.0,
03-05-1919,37.0,30.0,
03-06-1919,37.0,23.0,
03-07-1919,35.0,29.0,
03-08-1919,35.0,22.0,
03-09-1919,38.0,28.0,
03-10-1919,42.0,28.0,
03-11-1919,43.0,35.0,
03-12-1919,49.0,30.0,
03-13-1919,7.0,38.0,
03-14-1919,46.0,31.0,
03-15-1919,38.0,29.0,
03-16-1919,41.0,33.0,
03-17-1919,45.0,36.0,
03-18-1919,41.0,37.0,
03-19-1919,48.0,33.0,
03-20-1919,52.0,37.0,
03-21-1919,52.0,32.0,
03-22-1919,38.0,33.0,
03-23-1919,53.0,34.0,
03-24-1919,46.0,30.0,
03-25-1919,48.0,28.0,
03-26-1919,57.0,32.0,
03-27-1919,62.0,35.0,
03-28-1919,55.0,39.0,
03-29-1919,49.0,39.0,
03-30-1919,56.0,48.0,
03-31-1919,56.0,39.0,
04-01-1919,62.0,36.0,
04-02-1919,64.0,39.0,
04-03-1919,63.0,35.0,
04-04-1919,52.0,38.0,0.19
04-05-1919,38.0,31.0,0.08
04-06-1919,42.0,34.0,0.08
04-07-1919,49.0,35.0,
04-08-1919,53.0,31.0,
04-09-1919,53.0,32.0,
04-10-1919,50.0,36.0,0.49
04-11-1919,44.0,32.0,
04-12-1919,59.0,30.0,
04-13-1919,45.0,25.0,0.48
04-14-1919,46.0,31.0,
04-15-1919,54.0,31.0,
04-16-1919,66.0,39.0,
04-17-1919,57.0,45.0,
04-18-1919,59.0,42.0,0.38
04-19-1919,62.0,44.0,0.05
04-20-1919,51.0,36.0,
04-21-1919,61.0,34.0,
04-22-1919,64.0,28.0,
04-23-1919,78.0,45.0,
04-24-1919,65.0,45.0,
04-25-1919,57.0,40.0,0.17
04-26-1919,66.0,41.0,
04-27-1919,70.0,45.0,
04-28-1919,63.0,48.0,
04-29-1919,68.0,43.0,
04-30-1919,63.0,39.0,
05-01-1919,58.0,44.0,
05-02-1919,49.0,38.0,
05-03-1919,53.0,43.0,
05-04-1919,57.0,31.0,0.17
05-05-1919,55.0,36.0,
05-06-1919,63.0,37.0,
05-07-1919,68.0,38.0,
05-08-1919,59.0,43.0,
05-09-1919,56.0,47.0,
05-10-1919,54.0,37.0,
05-11-1919,48.0,36.0,0.15
05-12-1919,45.0,36.0,
05-13-1919,61.0,32.0,
05-14-1919,78.0,45.0,
05-15-1919,57.0,42.0,0.15
05-16-1919,52.0,38.0,0.28
05-17-1919,79.0,34.0,
05-18-1919,83.0,59.0,
05-19-1919,59.0,42.0,
05-20-1919,76.0,44.0,
05-21-1919,80.0,45.0,
05-22-1919,71.0,54.0,
05-23-1919,60.0,40.0,
05-24-1919,70.0,37.0,
05-25-1919,19.0,53.0,0.14
05-26-1919,69.0,42.0,
05-27-1919,72.0,56.0,
05-28-1919,72.0,50.0,0.16
05-29-1919,37.0,36.0,
05-30-1919,49.0,32.0,
05-31-1919,51.0,37.0,
06-01-1919,76.0,31.0,
06-02-1919,73.0,45.0,
06-03-1919,69.0,44.0,
06-04-1919,77.0,42.0,
06-05-1919,98.0,47.0,
06-06-1919,62.0,48.0,
06-07-1919,66.0,35.0,
06-08-1919,71.0,38.0,
06-09-1919,55.0,49.0,
06-10-1919,55.0,41.0,
06-11-1919,62.0,33.0,
06-12-1919,71.0,34.0,
06-13-1919,72.0,37.0,0.13
06-14-1919,69.0,48.0,
06-15-1919,70.0,43.0,
06-16-1919,91.0,45.0,
06-17-1919,74.0,47.0,
06-18-1919,98.0,46.0,
06-19-1919,94.0,59.0,
06-20-1919,84.0,55.0,
06-21-1919,85.0,64.0,
06-22-1919,83.0,33.0,
06-23-1919,76.0,52.0,
06-24-1919,84.0,47.0,
06-25-1919,88.0,51.0,
06-26-1919,84.0,57.0,0.17
06-27-1919,70.0,50.0,
06-28-1919,72.0,50.0,
06-29-1919,71.0,44.0,
06-30-1919,76.0,37.0,
07-01-1919,93.0,52.0,
07-02-1919,83.0,47.0,
07-03-1919,78.0,46.0,
07-04-1919,95.0,55.0,
07-05-1919,80.0,45.0,
07-06-1919,70.0,48.0,
07-07-1919,95.0,48.0,
07-08-1919,94.0,50.0,
07-09-1919,99.0,55.0,
07-10-1919,95.0,68.0,
07-11-1919,83.0,63.0,0.04
07-12-1919,78.0,53.0,
07-13-1919,84.0,50.0,
07-14-1919,94.0,52.0,
07-15-1919,100.0,58.0,
07-16-1919,98.0,64,
07-17-1919,74.0,53.0,
07-18-1919,74.0,43.0,
07-19-1919,85.0,44.0,
07-20-1919,91.0,53.0,
07-21-1919,93.0,56.0,
07-22-1919,92.0,58.0,
07-23-1919,96.0,62.0,
07-24-1919,92.0,61.0,
07-25-1919,75.0,58.0,
07-26-1919,75.0,46.0,
07-27-1919,83.0,44.0,
07-28-1919,92.0,50.0,
07-29-1919,87.0,56.0,
07-30-1919,87.0,56.0,
07-31-1919,83.0,56.0,
08-01-1919,80.0,51.0,
08-02-1919,80.0,50.0,
08-03-1919,66.0,52.0,0.12
08-04-1919,72.0,44.0,
08-05-1919,96.0,46.0,
08-06-1919,86.0,57.0,
08-07-1919,86.0,59.0,
08-08-1919,87.0,54.0,
08-09-1919,83.0,55.0,
08-10-1919,91.0,56.0,
08-11-1919,82.0,50.0,
08-12-1919,87.0,54.0,
08-13-1919,70.0,53.0,
08-14-1919,96.0,44.0,
08-15-1919,79.0,44.0,
08-16-1919,95.0,57.0,
08-17-1919,89.0,58.0,
08-18-1919,91.0,57.0,
08-19-1919,84.0,60.0,
08-20-1919,84.0,54.0,
08-21-1919,84.0,53.0,
08-22-1919,80.0,57.0,
08-23-1919,89.0,50.0,
08-24-1919,87.0,59.0,
08-25-1919,86.0,61.0,
08-26-1919,82.0,53.0,
08-27-1919,73.0,62.0,
08-28-1919,99.0,44.0,
08-29-1919,85.0,47.0,
08-30-1919,75.0,58.0,0.2
08-31-1919,79.0,58.0,
09-01-1919,,45.0,
09-01-1919,,45.0,
09-02-1919,82,42.0,
09-02-1919,82,42.0,
09-03-1919,89.0,58.0,0.02
09-03-1919,89,58.0,0.02
09-04-1919,92,44.0,0.11
09-04-1919,22,44.0,0.11
09-05-1919,64,46.0,0.09
09-05-1919,64,46.0,0.09
09-06-1919,2,48.0,0.03
09-06-1919,2,48.0,0.03
09-07-1919,70,43.0,
09-07-1919,70,43.0,
09-08-1919,62,43.0,
09-08-1919,62,43.0,
09-09-1919,71,38.0,
09-09-1919,71,38.0,
09-10-1919,,42.0,
09-10-1919,,42.0,
09-11-1919,99,48.0,0.26
09-11-1919,99,48.0,0.26
09-12-1919,,44.0,
09-12-1919,,44.0,
09-13-1919,75,47.0,
09-13-1919,75,47.0,
09-14-1919,75,52.0,
09-14-1919,75,52.0,
09-15-1919,83,50.0,
09-15-1919,,50.0,
09-16-1919,85,47.0,
09-16-1919,85.0,47.0,
09-17-1919,71,57.0,
09-17-1919,76,57.0,
09-18-1919,91,43.0,
09-18-1919,91,43.0,
09-19-1919,71.0,44.0,
09-19-1919,71.0,44.0,
09-20-1919,65,45.0,
09-20-1919,65,45.0,
09-21-1919,74,34.0,
09-21-1919,74,34.0,
09-22-1919,74,38.0,
09-22-1919,74,38.0,
09-23-1919,81,45.0,
09-23-1919,81,45.0,
09-24-1919,78,46.0,
09-24-1919,78,46.0,
09-25-1919,,46.0,
09-25-1919,,46.0,
09-26-1919,70,57.0,
09-26-1919,70,57.0,
09-27-1919,58,33.0,
09-27-1919,58,33.0,
09-28-1919,32,34.0,
09-28-1919,,34.0,
09-29-1919,65,30.0,
09-29-1919,63,30.0,
09-30-1919,64,35.0,
09-30-1919,"64
54",35.0,
10-01-1919,51.0,41.0,
10-02-1919,49.0,39.0,
10-03-1919,52.0,35.0,
10-04-1919,60.0,33.0,
10-05-1919,68.0,40.0,
10-06-1919,73.0,41.0,
10-07-1919,73.0,44.0,
10-08-1919,62.0,36.0,
10-09-1919,45.0,27.0,
10-10-1919,49.0,26.0,
10-11-1919,54.0,40.0,
10-12-1919,64.0,42.0,
10-13-1919,59.0,40.0,
10-14-1919,59.0,31.0,
10-15-1919,61.0,31.0,
10-16-1919,65.0,55.0,
10-17-1919,57.0,37.0,
10-18-1919,53.0,29.0,
10-19-1919,53.0,28.0,
10-20-1919,60.0,40.0,
10-21-1919,34.0,46.0,0.05
10-22-1919,45.0,37.0,17.0
10-23-1919,35.0,25.0,
10-24-1919,34.0,23.0,
10-25-1919,32.0,13.0,
10-26-1919,33.0,20.0,
10-27-1919,36.0,23.0,
10-28-1919,36.0,27.0,
10-29-1919,36.0,27.0,07
10-30-1919,37.0,21.0,
10-31-1919,27.0,20.0,
11-01-1919,46.0,27,
11-02-1919,40.0,31,
11-03-1919,38.0,28.0,
11-04-1919,40.0,36,
11-05-1919,35.0,81,
11-06-1919,40.0,29.0,
11-07-1919,39.0,30,
11-08-1919,30.0,25.0,
11-09-1919,41.0,26.0,
11-10-1919,37.0,32,
11-11-1919,25.0,,
11-12-1919,30.0,,
11-13-1919,39.0,,
11-14-1919,46.0,31,
11-15-1919,31.0,98.0,
11-16-1919,34.0,,
11-17-1919,58.0,42,
11-18-1919,54.0,46,
11-19-1919,44.0,40,
11-20-1919,44.0,29,
11-21-1919,44.0,34,
11-22-1919,47.0,46,
11-23-1919,53.0,41,
11-24-1919,40.0,34,
11-25-1919,35.0,27,
11-26-1919,25.0,,
11-27-1919,25.0,7,
11-28-1919,23.0,12.0,
11-29-1919,31.0,24.0,
11-30-1919,28.0,25,
12-01-1919,29.0,19.0,
12-02-1919,18.0,3.0,
12-03-1919,22.0,1.0,
12-04-1919,22.0,2.0,
12-05-1919,11.0,-4.0,
12-06-1919,19.0,1.0,
12-07-1919,19.0,8.0,
12-08-1919,7.0,2.0,
12-09-1919,9.0,-8.0,
12-10-1919,13.0,3.0,
12-11-1919,3.0,0.0,
12-12-1919,-4.0,-16.0,
12-13-1919,5.0,-16.0,
12-14-1919,14.0,7.0,
12-15-1919,26.0,11.0,
12-16-1919,50.0,20.0,
12-17-1919,36.0,29.0,
12-18-1919,38.0,30.0,
12-19-1919,39.0,33.0,
12-20-1919,4.0,34.0,
12-21-1919,44.0,37.0,
12-22-1919,48.0,36.0,
12-23-1919,45.0,37.0,
12-24-1919,49.0,39.0,
12-25-1919,49.0,33.0,
12-26-1919,41.0,33.0,
12-27-1919,43.0,33.0,
12-28-1919,43.0,34.0,
12-29-1919,34.0,32.0,
12-30-1919,37.0,30.0,
12-31-1919,23.0,13.0,
01-01-1920,29.0,16,
01-02-1920,30.0,20,
01-03-1920,32.0,22,
01-04-1920,31.0,15,
01-05-1920,25.0,17,
01-06-1920,21.0,19,
01-07-1920,24.0,10,
01-08-1920,21.0,12,
01-09-1920,20.0,15,
01-10-1920,26.0,13,
01-11-1920,36.0,10,
01-12-1920,38.0,26,
01-13-1920,40.0,29,
01-14-1920,31.0,42,
01-15-1920,36.0,13,
01-16-1920,15.0,39,
01-17-1920,47.0,44,
01-18-1920,49.0,47,
01-19-1920,49.0,41,
01-20-1920,41.0,19,
01-21-1920,28.0,20,
01-22-1920,24.0,20.0,
01-23-1920,18.0,18,
01-24-1920,43.0,22,
01-25-1920,43.0,33,
01-26-1920,33.0,31,
01-27-1920,42.0,33,
01-28-1920,53.0,39,
01-29-1920,50.0,37,
01-30-1920,46.0,37,
01-31-1920,50.0,34,
02-01-1920,32,27.0,
02-02-1920,31,28.0,
02-03-1920,31,29.0,
02-04-1920,32,29.0,
02-05-1920,38,27.0,
02-06-1920,45,32.0,
02-07-1920,35,30.0,
02-08-1920,38,27.0,
02-09-1920,39,25.0,
02-10-1920,28,25.0,
02-11-1920,38,25.0,
02-12-1920,41,26.0,
02-13-1920,39,26.0,
02-14-1920,45,28.0,
02-15-1920,47,28.0,
02-16-1920,40,26.0,
02-17-1920,43,26.0,
02-18-1920,19,2.0,
02-19-1920,37,29.0,
02-20-1920,38.0,26.0,
02-21-1920,31,26.0,
02-22-1920,39.0,23.0,
02-23-1920,36,25.0,
02-24-1920,24.0,26.0,
02-25-1920,42.0,25.0,
02-26-1920,44,29.0,
02-27-1920,42,29.0,
02-28-1920,45,24.0,
02-29-1920,49.0,24.0,
03-01-1920,50.0,26.0,
03-02-1920,35.0,31.0,
03-03-1920,40.0,31.0,
03-04-1920,38.0,32.0,
03-05-1920,38.0,32.0,
03-06-1920,35.0,19.0,
03-07-1920,48.0,28.0,
03-08-1920,48.0,32.0,
03-09-1920,42.0,38.0,
03-10-1920,41.0,31.0,
03-11-1920,15.0,32.0,
03-12-1920,46.0,32.0,
03-13-1920,50.0,43.0,
03-14-1920,35.0,28.0,
03-15-1920,37.0,25.0,
03-16-1920,42.0,24.0,
03-17-1920,39.0,24.0,
03-18-1920,45.0,31.0,
03-19-1920,54.0,32.0,
03-20-1920,88.0,35.0,
03-21-1920,51.0,40.0,
03-22-1920,46.0,36.0,
03-23-1920,49.0,34.0,
03-24-1920,41.0,32.0,
03-25-1920,37.0,30.0,
03-26-1920,32.0,28.0,
03-27-1920,44.0,27.0,
03-28-1920,43.0,30.0,
03-29-1920,48.0,34.0,
03-30-1920,46.0,28.0,
03-31-1920,32.0,21.0,
04-01-1920,34.0,24.0,1.55
04-02-1920,35.0,24.0,3.55
04-03-1920,35.0,25.0,
04-04-1920,42.0,28.0,0.67
04-05-1920,48.0,43.0,
04-06-1920,47.0,30.0,0.04
04-07-1920,54.0,38.0,0.21
04-08-1920,49.0,37.0,0.25
04-09-1920,53.0,39.0,0.23
04-10-1920,48.0,37.0,
04-11-1920,56.0,37.0,
04-12-1920,60.0,37.0,0.41
04-13-1920,45.0,34.0,
04-14-1920,48.0,37.0,0.23
04-15-1920,50.0,32.0,
04-16-1920,42.0,32.0,
04-17-1920,48.0,32.0,
04-18-1920,58.0,34.0,
04-19-1920,50.0,38.0,0.15
04-20-1920,40.0,29.0,
04-21-1920,45.0,29.0,
04-22-1920,48.0,30.0,
04-23-1920,48.0,32.0,
04-24-1920,55.0,32.0,
04-25-1920,61.0,34.0,
04-26-1920,66.0,39.0,
04-27-1920,67.0,52.0,
04-28-1920,56.0,43.0,0.07
04-29-1920,85.0,36.0,
04-30-1920,54.0,39.0,
05-01-1920,45.0,37.0,0.5
05-02-1920,50.0,40.0,
05-03-1920,55.0,36.0,
05-04-1920,62.0,39.0,
05-05-1920,65.0,39.0,
05-06-1920,76.0,40.0,
05-07-1920,75.0,49.0,
05-08-1920,75.0,50.0,
05-09-1920,51.0,48.0,0.27
05-10-1920,54.0,41.0,
05-11-1920,62.0,43.0,
05-12-1920,59.0,42.0,
05-13-1920,66.0,42.0,0.04
05-14-1920,64.0,44.0,
05-15-1920,66.0,38.0,
05-16-1920,20.0,40.0,0.1
05-17-1920,57.0,47.0,
05-18-1920,59.0,36.0,
05-19-1920,89.0,37.0,
05-20-1920,65.0,37.0,
05-21-1920,50.0,38.0,0.02
05-22-1920,57.0,34.0,
05-23-1920,49.0,40.0,
05-24-1920,56.0,34.0,0.02
05-25-1920,25.0,36.0,
05-26-1920,69.0,37.0,
05-27-1920,67.0,47.0,
05-28-1920,57.0,41.0,
05-29-1920,55.0,38.0,
05-30-1920,50.0,36.0,
05-31-1920,56.0,32.0,
06-01-1920,66.0,36.0,
06-02-1920,73.0,42.0,
06-03-1920,77.0,47.0,
06-04-1920,79.0,52.0,
06-05-1920,67.0,56.0,
06-06-1920,67.0,45.0,0.02
06-07-1920,60.0,51.0,0.62
06-08-1920,60.0,46.0,
06-09-1920,68.0,38.0,
06-10-1920,69.0,42.0,0.04
06-11-1920,60.0,47.0,
06-12-1920,50.0,46.0,0.23
06-13-1920,73.0,42.0,0.14
06-14-1920,72.0,50.0,0.2
06-15-1920,57.0,47.0,
06-16-1920,65.0,44.0,
06-17-1920,62.0,46.0,
06-18-1920,63.0,45.0,
06-19-1920,72.0,42.0,
06-20-1920,74.0,56.0,
06-21-1920,85.0,48.0,0.31
06-22-1920,67.0,50.0,
06-23-1920,61.0,47.0,
06-24-1920,57.0,42.0,
06-25-1920,62.0,48.0,
06-26-1920,70.0,36.0,
06-27-1920,74.0,43.0,
06-28-1920,78.0,46.0,
06-29-1920,80.0,46.0,
06-30-1920,78.0,48.0,
07-01-1920,94.0,50.0,
07-02-1920,85.0,55.0,
07-03-1920,83.0,56.0,
07-04-1920,78.0,58.0,
07-05-1920,88.0,54.0,
07-06-1920,84.0,56.0,
07-07-1920,85.0,37.0,
07-08-1920,90.0,55.0,
07-09-1920,89.0,59.0,
07-10-1920,78.0,60.0,
07-11-1920,73.0,50.0,0.02
07-12-1920,63.0,48.0,0.15
07-13-1920,15.0,48.0,0.51
07-14-1920,83.0,51.0,
07-15-1920,93.0,60.0,
07-16-1920,87.0,60,
07-17-1920,90.0,63.0,
07-18-1920,87.0,65.0,
07-19-1920,83.0,60.0,
07-20-1920,81.0,55.0,
07-21-1920,79.0,53.0,0.02
07-22-1920,74.0,52.0,
07-23-1920,90.0,52.0,
07-24-1920,74.0,57.0,
07-25-1920,81.0,44.0,
07-26-1920,85.0,49.0,
07-27-1920,95.0,50.0,
07-28-1920,91.0,60.0,
07-29-1920,85.0,67.0,
07-30-1920,79.0,50.0,
07-31-1920,82.0,48.0,
08-01-1920,89.0,51.0,
08-02-1920,89.0,53.0,
08-03-1920,89.0,58.0,
08-04-1920,89.0,50.0,
08-05-1920,94.0,55.0,
08-06-1920,89.0,60.0,0.16
08-07-1920,90.0,64.0,
08-08-1920,94.0,62.0,0.08
08-09-1920,70.0,63.0,
08-10-1920,81.0,56.0,
08-11-1920,82.0,60.0,
08-12-1920,90.0,59.0,
08-13-1920,95.0,60.0,
08-14-1920,100.0,60.0,
08-15-1920,97.0,61.0,
08-16-1920,98.0,61.0,
08-17-1920,67.0,51.0,
08-18-1920,67.0,48.0,
08-19-1920,86.0,46.0,
08-20-1920,98.0,51.0,
08-21-1920,90.0,52.0,
08-22-1920,95.0,55.0,
08-23-1920,84.0,65.0,
08-24-1920,85.0,56.0,
08-25-1920,55.0,53.0,0.06
08-26-1920,70.0,42.0,
08-27-1920,76.0,45.0,0.23
08-28-1920,62.0,45.0,0.32
08-29-1920,56.0,46.0,0.07
08-30-1920,66.0,46.0,
08-31-1920,76.0,40.0,
09-01-1920,89,54.0,
09-01-1920,84,54.0,
09-02-1920,16,50.0,
09-02-1920,86,50.0,
09-03-1920,88.0,50.0,
09-03-1920,88,50.0,
09-04-1920,88,50.0,
09-04-1920,88,50.0,
09-05-1920,77,53.0,
09-05-1920,77,53.0,
09-06-1920,72,48.0,
09-06-1920,12,48.0,
09-07-1920,80,43.0,
09-07-1920,80,43.0,
09-08-1920,80,45.0,
09-08-1920,80,45.0,
09-09-1920,67,50.0,0.26
09-09-1920,67,50.0,0.26
09-10-1920,56,41.0,0.13
09-10-1920,25,41.0,0.13
09-11-1920,72,50.0,0.58
09-11-1920,72,50.0,0.58
09-12-1920,53,48.0,0.11
09-12-1920,53,48.0,0.11
09-13-1920,58,45.0,0.22
09-13-1920,58,45.0,0.22
09-14-1920,58,44.0,
09-14-1920,58,44.0,
09-15-1920,74,43.0,
09-15-1920,74,43.0,
09-16-1920,83,50.0,
09-16-1920,83.0,50.0,
09-17-1920,85,55.0,
09-17-1920,85,55.0,
09-18-1920,66,50.0,
09-18-1920,66,50.0,
09-19-1920,77.0,37.0,
09-19-1920,77.0,37.0,
09-20-1920,19,54.0,0.03
09-20-1920,19,54.0,0.03
09-21-1920,58,44.0,0.14
09-21-1920,58,44.0,0.14
09-22-1920,57,45.0,0.19
09-22-1920,57,45.0,0.19
09-23-1920,30,41.0,0.1
09-23-1920,30,41.0,0.1
09-24-1920,5),40.0,0.22
09-24-1920,5),40.0,0.22
09-25-1920,52,42.0,
09-25-1920,52,42.0,
09-26-1920,58,44.0,0.02
09-26-1920,38,44.0,0.02
09-27-1920,69,51.0,
09-27-1920,69,51.0,
09-28-1920,73,46.0,
09-28-1920,73,46.0,
09-29-1920,80,49.0,
09-29-1920,80,49.0,
09-30-1920,83,52.0,
09-30-1920,83,52.0,
10-01-1920,54.0,47.0,6.0
10-02-1920,52.0,48.0,"3
28"
10-03-1920,60.0,45.0,
10-04-1920,74.0,47.0,
10-05-1920,76.0,49.0,
10-06-1920,72.0,57.0,15
10-07-1920,75.0,45.0,
10-08-1920,64.0,45.0,
10-09-1920,61.0,40.0,12.0
10-10-1920,51.0,42.0,0.08
10-11-1920,53.0,45.0,23
10-12-1920,46.0,31.0,
10-13-1920,49.0,36.0,
10-14-1920,49.0,40.0,2.0
10-15-1920,42.0,35.0,
10-16-1920,45.0,30.0,
10-17-1920,44.0,30.0,
10-18-1920,44.0,37.0,0.05
10-19-1920,36.0,30.0,
10-20-1920,45.0,31.0,
10-21-1920,39.0,31.0,
10-22-1920,44.0,30.0,
10-23-1920,46.0,29.0,
10-24-1920,52.0,33.0,
10-25-1920,60.0,35.0,
10-26-1920,60.0,35.0,
10-27-1920,58.0,38.0,30.0
10-28-1920,43.0,37.0,fro
10-29-1920,46.0,34.0,
10-30-1920,47.0,31.0,
10-31-1920,44.0,25.0,
11-01-1920,45.0,20,
11-02-1920,43.0,33,
11-03-1920,43.0,33.0,
11-04-1920,32.0,IC,
11-05-1920,46.0,24,
11-06-1920,46.0,27.0,
11-07-1920,43.0,25,
11-08-1920,43.0,25.0,
11-09-1920,34.0,25.0,
11-10-1920,41.0,22,
11-11-1920,36.0,24,
11-12-1920,39.0,24.0,
11-13-1920,43.0,29,
11-14-1920,45.0,21,
11-15-1920,52.0,28.0,
11-16-1920,54.0,41,
11-17-1920,51.0,43,
11-18-1920,53.0,45,
11-19-1920,49.0,40,
11-20-1920,46.0,35,
11-21-1920,43.0,34,
11-22-1920,43.0,39,
11-23-1920,42.0,34,
11-24-1920,45.0,32,
11-25-1920,43.0,34,
11-26-1920,41.0,35,
11-27-1920,39.0,34,
11-28-1920,40.0,31.0,
11-29-1920,56.0,34.0,
11-30-1920,42.0,38,
12-01-1920,46.0,39.0,
12-02-1920,45.0,37.0,
12-03-1920,44.0,36.0,
12-04-1920,42.0,33.0,
12-05-1920,44.0,23.0,
12-06-1920,38.0,27.0,
12-07-1920,33.0,27.0,
12-08-1920,32.0,25.0,
12-09-1920,37.0,24.0,
12-10-1920,40.0,33.0,
12-11-1920,37.0,32.0,
12-12-1920,35.0,31.0,
12-13-1920,40.0,26.0,
12-14-1920,30.0,21.0,
12-15-1920,32.0,21.0,
12-16-1920,35.0,28.0,
12-17-1920,35.0,26.0,
12-18-1920,35.0,31.0,
12-19-1920,40.0,30.0,
12-20-1920,30.0,27.0,
12-21-1920,34.0,25.0,
12-22-1920,27.0,21.0,
12-23-1920,32.0,22.0,
12-24-1920,32.0,36.0,
12-25-1920,32.0,18.0,
12-26-1920,27.0,12.0,
12-27-1920,33.0,27.0,
12-28-1920,43.0,35.0,
12-29-1920,41.0,35.0,
12-30-1920,48.0,36.0,
12-31-1920,35.0,28.0,
01-01-1921,41.0,30,52.0
01-02-1921,44.0,35,68
01-03-1921,38.0,34,
01-04-1921,45.0,31,
01-05-1921,42.0,29,
01-06-1921,31.0,26,
01-07-1921,31.0,24,2m
01-08-1921,33.0,27,2
01-09-1921,29.0,8,
01-10-1921,25.0,8,
01-11-1921,25.0,9,
01-12-1921,32.0,23,
01-13-1921,37.0,30,
01-14-1921,43.0,36,
01-15-1921,46.0,18,
01-16-1921,30.0,20,
01-17-1921,40.0,30,.09
01-18-1921,35.0,29,
01-19-1921,34.0,26,
01-20-1921,30.0,21,
01-21-1921,31.0,24,
01-22-1921,32.0,21.0,
01-23-1921,34.0,22,
01-24-1921,34.0,16,1
01-25-1921,35.0,19,
01-26-1921,40.0,30,
01-27-1921,42.0,31,
01-28-1921,39.0,26,
01-29-1921,36.0,26,2.0
01-30-1921,35.0,26,
01-31-1921,35.0,26,
02-01-1921,41,,
02-02-1921,41,20.0,
02-03-1921,35,31.0,
02-04-1921,34,28.0,
02-05-1921,30,17.0,
02-06-1921,32,18.0,
02-07-1921,30,19.0,
02-08-1921,32,25.0,
02-09-1921,35,21.0,
02-10-1921,50,35.0,
02-11-1921,47,39.0,
02-12-1921,49,37.0,
02-13-1921,51,38.0,
02-14-1921,34,28.0,
02-15-1921,29,22.0,
02-16-1921,24,4.0,
02-17-1921,27,10.0,
02-18-1921,31,13.0,
02-19-1921,34,24.0,
02-20-1921,34.0,24.0,
02-21-1921,37,10.0,
02-22-1921,38.0,22.0,
02-23-1921,42,2.0,
02-24-1921,52.0,35.0,
02-25-1921,53.0,32.0,
02-26-1921,48,32.0,
02-27-1921,57,32.0,
02-28-1921,50,35.0,
03-01-1921,50.0,41.0,
03-02-1921,54.0,34.0,
03-03-1921,60.0,41.0,
03-04-1921,46.0,35.0,
03-05-1921,50.0,28.0,
03-06-1921,47.0,33.0,
03-07-1921,47.0,32.0,
03-08-1921,52.0,30.0,
03-09-1921,52.0,32.0,
03-10-1921,38.0,32.0,
03-11-1921,32.0,25.0,
03-12-1921,34.0,23.0,
03-13-1921,32.0,25.0,
03-14-1921,36.0,24.0,
03-15-1921,38.0,24.0,
03-16-1921,3.0,37.0,
03-17-1921,48.0,41.0,
03-18-1921,44.0,36.0,
03-19-1921,34.0,26.0,
03-20-1921,42.0,25.0,
03-21-1921,52.0,32.0,
03-22-1921,23.0,39.0,
03-23-1921,54.0,36.0,
03-24-1921,46.0,38.0,
03-25-1921,44.0,32.0,
03-26-1921,45.0,27.0,
03-27-1921,51.0,30.0,
03-28-1921,58.0,32.0,
03-29-1921,50.0,55.0,
03-30-1921,57.0,27.0,
03-31-1921,59.0,31.0,
04-01-1921,44.0,32.0,
04-02-1921,46.0,26.0,
04-03-1921,51.0,29.0,
04-04-1921,58.0,31.0,
04-05-1921,50.0,35.0,
04-06-1921,58.0,27.0,
04-07-1921,59.0,31.0,
04-08-1921,62.0,44.0,
04-09-1921,56.0,43.0,
04-10-1921,35.0,28.0,0.05
04-11-1921,48.0,25.0,
04-12-1921,48.0,27.0,0.23
04-13-1921,53.0,29.0,0.1
04-14-1921,49.0,27.0,0.31
04-15-1921,56.0,28.0,
04-16-1921,66.0,33.0,
04-17-1921,71.0,41.0,0.3
04-18-1921,57.0,46.0,0.23
04-19-1921,62.0,35.0,0.11
04-20-1921,,,0.33
04-21-1921,,,0.16
04-22-1921,,,
04-23-1921,63.0,34.0,
04-24-1921,65.0,41.0,0.06
04-25-1921,45.0,42.0,
04-26-1921,52.0,34.0,
04-27-1921,49.0,37.0,0.46
04-28-1921,56.0,39.0,
04-29-1921,47.0,34.0,
04-30-1921,56.0,30.0,
05-01-1921,68.0,45.0,
05-02-1921,52.0,35.0,0.09
05-03-1921,66.0,35.0,
05-04-1921,56.0,42.0,
05-05-1921,66.0,40.0,
05-06-1921,70.0,43.0,
05-07-1921,63.0,46.0,
05-08-1921,67.0,38.0,
05-09-1921,69.0,38.0,
05-10-1921,60.0,47.0,0.08
05-11-1921,60.0,35.0,0.02
05-12-1921,12.0,37.0,
05-13-1921,78.0,45.0,
05-14-1921,80.0,46.0,
05-15-1921,77.0,53.0,
05-16-1921,55.0,38.0,0.85
05-17-1921,69.0,43.0,
05-18-1921,60.0,49.0,
05-19-1921,56.0,42.0,0.23
05-20-1921,61.0,46.0,0.09
05-21-1921,59.0,47.0,0.09
05-22-1921,64.0,45.0,0.41
05-23-1921,70.0,42.0,
05-24-1921,71.0,46.0,
05-25-1921,71.0,50.0,
05-26-1921,59.0,44.0,
05-27-1921,54.0,32.0,
05-28-1921,67.0,39.0,
05-29-1921,71.0,44.0,
05-30-1921,76.0,46.0,
05-31-1921,77.0,49.0,
06-01-1921,75.0,54.0,
06-02-1921,80.0,47.0,0.05
06-03-1921,84.0,57.0,
06-04-1921,72.0,56.0,
06-05-1921,76.0,56.0,
06-06-1921,85.0,55.0,8.0
06-07-1921,68.0,56.0,
06-08-1921,73.0,54.0,
06-09-1921,71.0,54.0,
06-10-1921,73.0,48.0,0.18
06-11-1921,70.0,52.0,
06-12-1921,81.0,45.0,
06-13-1921,75.0,54.0,
06-14-1921,62.0,48.0,
06-15-1921,65.0,43.0,
06-16-1921,52.0,47.0,
06-17-1921,59.0,42.0,
06-18-1921,65.0,42.0,
06-19-1921,73.0,51.0,
06-20-1921,78.0,57.0,0.1
06-21-1921,79.0,59.0,
06-22-1921,84.0,56.0,0.14
06-23-1921,88.0,56.0,
06-24-1921,98.0,59.0,
06-25-1921,76.0,50.0,
06-26-1921,82.0,54.0,
06-27-1921,78.0,56.0,
06-28-1921,82.0,53.0,
06-29-1921,73.0,56.0,0.32
06-30-1921,68.0,51.0,
07-01-1921,62.0,50.0,
07-02-1921,59.0,41.0,
07-03-1921,70.0,46.0,
07-04-1921,76.0,56.0,
07-05-1921,74.0,52.0,
07-06-1921,81.0,54.0,
07-07-1921,96.0,56.0,
07-08-1921,81.0,62.0,
07-09-1921,72.0,48.0,
07-10-1921,82.0,43.0,
07-11-1921,84.0,50.0,
07-12-1921,85.0,47.0,
07-13-1921,88.0,49.0,
07-14-1921,89.0,52.0,
07-15-1921,79.0,55.0,
07-16-1921,78.0,47,
07-17-1921,82.0,43.0,
07-18-1921,95.0,47.0,
07-19-1921,89.0,57.0,
07-20-1921,79.0,59.0,
07-21-1921,82.0,47.0,
07-22-1921,90.0,49.0,
07-23-1921,80.0,54.0,
07-24-1921,86.0,46.0,
07-25-1921,64.0,53.0,0.05
07-26-1921,83.0,50.0,
07-27-1921,85.0,58.0,
07-28-1921,86.0,52.0,
07-29-1921,87.0,57.0,
07-30-1921,92.0,55.0,
07-31-1921,91.0,55.0,
08-01-1921,94.0,57.0,
08-02-1921,98.0,62.0,
08-03-1921,79.0,59.0,
08-04-1921,75.0,53.0,
08-05-1921,83.0,50.0,
08-06-1921,85.0,63.0,
08-07-1921,93.0,59.0,
08-08-1921,92.0,66.0,
08-09-1921,85.0,61.0,
08-10-1921,85.0,49.0,
08-11-1921,91.0,52.0,
08-12-1921,94.0,55.0,
08-13-1921,96.0,61.0,
08-14-1921,91.0,64.0,0.05
08-15-1921,68.0,55.0,
08-16-1921,85.0,50.0,0.08
08-17-1921,70.0,55.0,
08-18-1921,72.0,53.0,
08-19-1921,82.0,50.0,
08-20-1921,93.0,53.0,0.02
08-21-1921,72.0,58.0,
08-22-1921,82.0,46.0,
08-23-1921,78.0,47.0,
08-24-1921,70.0,51.0,
08-25-1921,73.0,40.0,
08-26-1921,83.0,48.0,
08-27-1921,85.0,51.0,
08-28-1921,92.0,51.0,
08-29-1921,91.0,57.0,
08-30-1921,85.0,55.0,
08-31-1921,76.0,56.0,
09-01-1921,70,52.0,
09-02-1921,60,48.0,
09-03-1921,62.0,47.0,
09-04-1921,,46.0,0.08
09-05-1921,,41.0,
09-06-1921,22,42.0,
09-07-1921,70,51.0,
09-08-1921,6,51.0,
09-09-1921,60,44.0,
09-10-1921,65,29.0,
09-11-1921,41,31.0,0.41
09-12-1921,41,34.0,0.32
09-13-1921,56,30.0,
09-14-1921,62,32.0,
09-15-1921,62,35.0,
09-16-1921,72.0,40.0,
09-17-1921,180°,49.0,
09-18-1921,62,50.0,0.03
09-19-1921,,46.0,0.35
09-20-1921,,43.0,
09-21-1921,8,50.0,0.14
09-22-1921,,47.0,0.2
09-23-1921,60,42.0,
09-24-1921,6,45.0,
09-25-1921,6.,47.0,
09-26-1921,64,45.0,
09-27-1921,22,47.0,
09-28-1921,,42.0,
09-29-1921,63,34.0,
09-30-1921,6./,43.0,
10-01-1921,60.0,32.0,
10-02-1921,68.0,37.0,
10-03-1921,76.0,42.0,
10-04-1921,72.0,42.0,
10-05-1921,71.0,42.0,
10-06-1921,70.0,40.0,
10-07-1921,70.0,42.0,
10-08-1921,75.0,46.0,
10-09-1921,70.0,44.0,
10-10-1921,72.0,45.0,
10-11-1921,73.0,46.0,
10-12-1921,68.0,48.0,
10-13-1921,65.0,48.0,
10-14-1921,59.0,46.0,18.0
10-15-1921,61.0,43.0,9.0
10-16-1921,55.0,45.0,13.0
10-17-1921,53.0,46.0,
10-18-1921,60.0,43.0,
10-19-1921,74.0,49.0,
10-20-1921,52.0,40.0,
10-21-1921,48.0,36.0,
10-22-1921,46.0,31.0,
10-23-1921,47.0,29.0,
10-24-1921,48.0,36.0,5.0
10-25-1921,50.0,34.0,
10-26-1921,48.0,38.0,62.0
10-27-1921,44.0,35.0,8.0
10-28-1921,60.0,40.0,
10-29-1921,64.0,43.0,
10-30-1921,62.0,42.0,
10-31-1921,55.0,43.0,
11-01-1921,57.0,36,
11-02-1921,59.0,40,
11-03-1921,61.0,46.0,
11-04-1921,56.0,3,
11-05-1921,58.0,45,
11-06-1921,56.0,45.0,
11-07-1921,49.0,39,
11-08-1921,55.0,36.0,
11-09-1921,53.0,34.0,
11-10-1921,54.0,32,
11-11-1921,52.0,36,
11-12-1921,55.0,35.0,
11-13-1921,48.0,35,
11-14-1921,45.0,36,
11-15-1921,40.0,34.0,
11-16-1921,34.0,29,
11-17-1921,38.0,28,
11-18-1921,29.0,20,
11-19-1921,20.0,15,
11-20-1921,18.0,SI,
11-21-1921,25.0,,
11-22-1921,43.0,30,
11-23-1921,40.0,32,
11-24-1921,44.0,35,
11-25-1921,41.0,38,
11-26-1921,46.0,41,
11-27-1921,46.0,D½,
11-28-1921,40.0,35.0,
11-29-1921,46.0,34.0,
11-30-1921,52.0,,
12-01-1921,50.0,40.0,
12-02-1921,42.0,35.0,
12-03-1921,38.0,29.0,
12-04-1921,40.0,31.0,
12-05-1921,42.0,34.0,
12-06-1921,47.0,35.0,
12-07-1921,46.0,36.0,
12-08-1921,3.0,29.0,
12-09-1921,42.0,33.0,
12-10-1921,55.0,41.0,
12-11-1921,54.0,43.0,
12-12-1921,64.0,52.0,
12-13-1921,46.0,36.0,
12-14-1921,38.0,31.0,
12-15-1921,31.0,17.0,
12-16-1921,26.0,21.0,
12-17-1921,24.0,5.0,
12-18-1921,25.0,15.0,
12-19-1921,15.0,4.0,
12-20-1921,3.0,3.0,
12-21-1921,18.0,10.0,
12-22-1921,30.0,2.0,
12-23-1921,21.0,10.0,
12-24-1921,22.0,12.0,
12-25-1921,34.0,19.0,
12-26-1921,34.0,2.0,
12-27-1921,40.0,22.0,
12-28-1921,40.0,30.0,
12-29-1921,41.0,31.0,
12-30-1921,31.0,23.0,
12-31-1921,30.0,20.0,
01-01-1922,36.0,22,
01-02-1922,27.0,18,
01-03-1922,23.0,13,
01-04-1922,22.0,12,
01-05-1922,29.0,2,
01-06-1922,30.0,-20,
01-07-1922,26.0,15,
01-08-1922,3.4,27,
01-09-1922,37.0,29,
01-10-1922,30.0,15,
01-11-1922,27.0,17,
01-12-1922,29.0,17,
01-13-1922,23.0,13,
01-14-1922,18.0,5,
01-15-1922,24.0,-2,
01-16-1922,22.0,8,
01-17-1922,13.0,8,
01-18-1922,8.0,13,
01-19-1922,15.0,-10,
01-20-1922,25.0,1,
01-21-1922,30.0,17,
01-22-1922,30.0,23.0,
01-23-1922,22.0,16,
01-24-1922,9.0,17,
01-25-1922,32.0,22,
01-26-1922,35.0,30,
01-27-1922,30.0,21,
01-28-1922,30.0,14,
01-29-1922,25.0,13,
01-30-1922,28.0,8,
01-31-1922,15.0,-1,
02-01-1922,15,23.0,
02-01-1922,15,3.0,
02-02-1922,25,9.0,
02-02-1922,25,13.0,
02-03-1922,29,21.0,
02-03-1922,29,15.0,
02-04-1922,30,2.0,
02-04-1922,30,18.0,
02-05-1922,25,25.0,
02-05-1922,25,19.0,
02-06-1922,37,24.0,
02-06-1922,37,14.0,
02-07-1922,37,4.0,
02-07-1922,37,34.0,
02-08-1922,39,30.0,
02-08-1922,39,-4.0,
02-09-1922,34,22.0,
02-09-1922,34,-18.0,
02-10-1922,34,-5.0,
02-10-1922,34,23.0,
02-11-1922,30,22.0,
02-11-1922,30,7.0,
02-12-1922,29,21.0,
02-12-1922,29,9.0,
02-13-1922,30,-15.0,
02-13-1922,30,15.0,
02-14-1922,25,-5.0,
02-14-1922,25,13.0,
02-15-1922,31,23.0,
02-15-1922,31,26.0,
02-16-1922,37,27.0,
02-16-1922,37,26.0,
02-17-1922,38,31.0,
02-17-1922,38,14.0,
02-18-1922,36,29.0,
02-18-1922,36,23.0,
02-19-1922,36,23.0,
02-19-1922,36,27.0,
02-20-1922,28.0,32.0,
02-20-1922,28.0,19.0,
02-21-1922,31,34.0,
02-21-1922,31,23.0,
02-22-1922,21.0,12.0,
02-22-1922,21.0,35.0,
02-23-1922,20,31.0,
02-23-1922,20,32.0,
02-24-1922,29.0,25.0,
02-24-1922,29.0,2.0,
02-25-1922,26.0,27.0,
02-25-1922,26.0,21.0,
02-26-1922,35,16.0,
02-26-1922,35,31.0,
02-27-1922,32,14.0,
02-27-1922,32,26.0,
02-28-1922,28,39.0,
02-28-1922,28,28.0,
03-01-1922,33.0,13.0,
03-02-1922,35.0,23.0,
03-03-1922,37.0,30.0,
03-04-1922,35.0,29.0,
03-05-1922,33.0,27.0,
03-06-1922,34.0,14.0,
03-07-1922,35.0,20.0,
03-08-1922,62.0,27.0,
03-09-1922,,,
03-10-1922,,30.0,
03-11-1922,36.0,29.0,
03-12-1922,39.0,26.0,
03-13-1922,34.0,29.0,
03-14-1922,39.0,23.0,
03-15-1922,43.0,31.0,
03-16-1922,41.0,34.0,
03-17-1922,39.0,27.0,
03-18-1922,39.0,36.0,
03-19-1922,41.0,37.0,
03-20-1922,44.0,29.0,
03-21-1922,41.0,37.0,
03-22-1922,44.0,32.0,
03-23-1922,37.0,30.0,
03-24-1922,34.0,29.0,
03-25-1922,40.0,25.0,
03-26-1922,44.0,27.0,
03-27-1922,46.0,28.0,
03-28-1922,44.0,34.0,
03-29-1922,43.0,32.0,
03-30-1922,51.0,37.0,
03-31-1922,45.0,39.0,
04-01-1922,51.0,39.0,0.05
04-02-1922,51.0,38.0,
04-03-1922,43.0,37.0,0.2
04-04-1922,42.0,26.0,
04-05-1922,53.0,33.0,
04-06-1922,56.0,34.0,
04-07-1922,52.0,33.0,0.12
04-08-1922,35.0,28.0,
04-09-1922,45.0,32.0,
04-10-1922,39.0,33.0,0.6
04-11-1922,40.0,28.0,
04-12-1922,45.0,26.0,
04-13-1922,39.0,25.0,
04-14-1922,38.0,28.0,1.4
04-15-1922,37.0,36.0,0.3
04-16-1922,41.0,30.0,4.7
04-17-1922,44.0,30.0,1.7
04-18-1922,51.0,33.0,
04-19-1922,61.0,35.0,
04-20-1922,60.0,38.0,
04-21-1922,71.0,41.0,0.04
04-22-1922,54.0,36.0,
04-23-1922,51.0,33.0,
04-24-1922,55.0,34.0,
04-25-1922,53.0,35.0,
04-26-1922,64.0,39.0,
04-27-1922,50.0,38.0,
04-28-1922,53.0,31.0,0.0
04-29-1922,60.0,34.0,
04-30-1922,60.0,37.0,
05-01-1922,64.0,42.0,
05-02-1922,48.0,42.0,
05-03-1922,50.0,40.0,
05-04-1922,56.0,48.0,0.03
05-05-1922,49.0,38.0,
05-06-1922,63.0,35.0,
05-07-1922,53.0,41.0,
05-08-1922,45.0,35.0,
05-09-1922,53.0,28.0,
05-10-1922,53.0,29.0,
05-11-1922,60.0,37.0,
05-12-1922,64.0,36.0,
05-13-1922,72.0,41.0,
05-14-1922,72.0,45.0,
05-15-1922,78.0,45.0,
05-16-1922,79.0,51.0,
05-17-1922,77.0,56.0,
05-18-1922,60.0,50.0,0.09
05-19-1922,63.0,42.0,
05-20-1922,57.0,40.0,
05-21-1922,59.0,42.0,
05-22-1922,62.0,37.0,
05-23-1922,77.0,44.0,
05-24-1922,73.0,47.0,
05-25-1922,54.0,41.0,
05-26-1922,56.0,37.0,
05-27-1922,60.0,40.0,0.1
05-28-1922,70.0,42.0,
05-29-1922,76.0,46.0,
05-30-1922,81.0,51.0,
05-31-1922,84.0,51.0,
06-01-1922,86.0,55.0,
06-02-1922,87.0,58.0,
06-03-1922,89.0,56.0,
06-04-1922,87.0,64.0,
06-05-1922,79.0,59.0,
06-06-1922,75.0,53.0,
06-07-1922,72.0,52.0,
06-08-1922,65.0,50.0,
06-09-1922,60.0,59.0,0.06
06-10-1922,69.0,47.0,0.02
06-11-1922,77.0,48.0,
06-12-1922,85.0,52.0,
06-13-1922,88.0,54.0,
06-14-1922,69.0,58.0,
06-15-1922,78.0,47.0,
06-16-1922,84.0,48.0,
06-17-1922,84.0,52.0,
06-18-1922,82.0,54.0,
06-19-1922,71.0,56.0,
06-20-1922,89.0,60.0,
06-21-1922,76.0,56.0,
06-22-1922,69.0,49.0,
06-23-1922,76.0,58.0,
06-24-1922,88.0,52.0,
06-25-1922,94.0,55.0,
06-26-1922,88.0,58.0,
06-27-1922,88.0,61.0,
06-28-1922,85.0,55.0,
06-29-1922,82.0,58.0,
06-30-1922,81.0,58.0,
07-01-1922,84.0,57.0,
07-02-1922,93.0,59.0,
07-03-1922,98.0,62.0,
07-04-1922,87.0,70.0,
07-05-1922,87.0,62.0,
07-06-1922,87.0,60.0,
07-07-1922,80.0,65.0,
07-08-1922,71.0,50.0,
07-09-1922,77.0,57.0,
07-10-1922,71.0,57.0,
07-11-1922,80.0,50.0,
07-12-1922,87.0,58.0,
07-13-1922,26.0,57.0,
07-14-1922,84.0,60.0,
07-15-1922,80.0,55.0,
07-16-1922,85.0,49,
07-17-1922,91.0,54.0,
07-18-1922,95.0,55.0,
07-19-1922,84.0,64.0,
07-20-1922,81.0,63.0,
07-21-1922,82.0,52.0,
07-22-1922,74.0,59.0,
07-23-1922,82.0,50.0,
07-24-1922,87.0,51.0,
07-25-1922,81.0,57.0,
07-26-1922,82.0,53.0,
07-27-1922,84.0,54.0,
07-28-1922,86.0,50.0,
07-29-1922,90.0,54.0,
07-30-1922,94.0,53.0,
07-31-1922,95.0,64.0,
08-01-1922,98.0,70.0,
08-02-1922,94.0,68.0,
08-03-1922,90.0,57.0,
08-04-1922,69.0,63.0,0.1
08-05-1922,89.0,58.0,
08-06-1922,86.0,57.0,
08-07-1922,90.0,56.0,
08-08-1922,97.0,58.0,
08-09-1922,92.0,64.0,
08-10-1922,78.0,64.0,
08-11-1922,64.0,57.0,0.36
08-12-1922,65.0,53.0,0.58
08-13-1922,71.0,48.0,
08-14-1922,71.0,48.0,0.3
08-15-1922,68.0,50.0,
08-16-1922,82.0,57.0,
08-17-1922,95.0,58.0,
08-18-1922,90.0,65.0,0.12
08-19-1922,69.0,56.0,
08-20-1922,74.0,47.0,
08-21-1922,75.0,52.0,
08-22-1922,78.0,50.0,
08-23-1922,83.0,54.0,
08-24-1922,88.0,64.0,
08-25-1922,91.0,54.0,
08-26-1922,96.0,59.0,
08-27-1922,92.0,65.0,
08-28-1922,94.0,61.0,
08-29-1922,70.0,69.0,0.04
08-30-1922,88.0,56.0,0.08
08-31-1922,64.0,53.0,
09-01-1922,,52.0,
09-02-1922,76,50.0,
09-03-1922,86.0,53.0,0.08
09-04-1922,69,50.0,0.03
09-05-1922,59,45.0,
09-06-1922,64,44.0,
09-07-1922,57,43.0,0.39
09-08-1922,65,40.0,
09-09-1922,73,43.0,
09-10-1922,D,51.0,
09-11-1922,86,55.0,
09-12-1922,85,58.0,
09-13-1922,38,59.0,
09-14-1922,28,53.0,
09-15-1922,23,56.0,
09-16-1922,,55.0,
09-17-1922,80,47.0,
09-18-1922,,52.0,
09-19-1922,22.0,59.0,
09-20-1922,,53.0,
09-21-1922,68,50.0,
09-22-1922,69,50.0,
09-23-1922,S,48.0,
09-24-1922,,47.0,
09-25-1922,,49.0,
09-26-1922,,51.0,
09-27-1922,54,43.0,0.12
09-28-1922,,39.0,
09-29-1922,6,38.0,
09-30-1922,76,43.0,
10-01-1922,73.0,49.0,
10-02-1922,68.0,47.0,
10-03-1922,67.0,47.0,12.0
10-04-1922,54.0,43.0,
10-05-1922,54.0,42.0,
10-06-1922,64.0,39.0,
10-07-1922,73.0,47.0,
10-08-1922,77.0,49.0,
10-09-1922,78.0,48.0,
10-10-1922,83.0,45.0,
10-11-1922,69.0,48.0,
10-12-1922,61.0,38.0,
10-13-1922,59.0,38.0,
10-14-1922,63.0,37.0,
10-15-1922,65.0,40.0,
10-16-1922,67.0,41.0,
10-17-1922,68.0,42.0,
10-18-1922,71.0,44.0,
10-19-1922,58.0,39.0,21.0
10-20-1922,53.0,44.0,
10-21-1922,56.0,40.0,
10-22-1922,61.0,38.0,
10-23-1922,65.0,47.0,05
10-24-1922,58.0,48.0,
10-25-1922,59.0,49.0,
10-26-1922,58.0,44.0,
10-27-1922,45.0,39.0,2.0
10-28-1922,44.0,32.0,
10-29-1922,45.0,25.0,
10-30-1922,43.0,28.0,
10-31-1922,44.0,35.0,"91"""
11-01-1922,40.0,,
11-02-1922,38.0,,
11-03-1922,36.0,,
11-04-1922,33.0,,
11-05-1922,43.0,,
11-06-1922,42.0,,
11-07-1922,49.0,,
11-08-1922,63.0,,
11-09-1922,55.0,,
11-10-1922,40.0,,
11-11-1922,42.0,,
11-12-1922,41.0,,
11-13-1922,34.0,,
11-14-1922,39.0,,
11-15-1922,46.0,,
11-16-1922,49.0,,
11-17-1922,46.0,,
11-18-1922,38.0,,
11-19-1922,34.0,,
11-20-1922,33.0,,
11-21-1922,38.0,,
11-22-1922,31.0,,
11-23-1922,29.0,,
11-24-1922,27.0,,
11-25-1922,29.0,,
11-26-1922,30.0,,
11-27-1922,29.0,,
11-28-1922,27.0,,
11-29-1922,26.0,,
11-30-1922,26.0,,
12-01-1922,28.0,24.0,
12-02-1922,35.0,27.0,
12-03-1922,32.0,29.0,
12-04-1922,28.0,26.0,
12-05-1922,32.0,26.0,
12-06-1922,35.0,19.0,
12-07-1922,18.0,13.0,
12-08-1922,30.0,8.0,
12-09-1922,32.0,30.0,
12-10-1922,33.0,11.0,
12-11-1922,11.0,-5.0,
12-12-1922,2.0,-12.0,
12-13-1922,2.0,-9.0,
12-14-1922,10.0,-6.5,
12-15-1922,11.0,5.0,
12-16-1922,12.0,-6.0,
12-17-1922,6.0,-10.0,
12-18-1922,34.0,7.0,
12-19-1922,36.0,33.0,
12-20-1922,10.0,33.0,
12-21-1922,39.0,32.0,
12-22-1922,39.0,33.0,
12-23-1922,40.0,3.0,
12-24-1922,48.0,39.0,
12-25-1922,43.0,38.0,
12-26-1922,42.0,38.0,
12-27-1922,46.0,39.0,
12-28-1922,41.0,32.0,
12-29-1922,39.0,30.0,
12-30-1922,33.0,30.0,
12-31-1922,39.0,32.0,
01-01-1923,37.0,33,
01-02-1923,42.0,32,".5+
41-"
01-03-1923,41.0,34,
01-04-1923,38.0,32,2.25
01-05-1923,44.0,33,
01-06-1923,48.0,34,19.
01-07-1923,48.0,37,
01-08-1923,43.0,35,
01-09-1923,46.0,39,03
01-10-1923,45.0,35,102.0
01-11-1923,39.0,3,25.0
01-12-1923,35.0,26,0.35
01-13-1923,33.0,27,
01-14-1923,38.0,31,4.0
01-15-1923,41.0,37,
01-16-1923,45.0,38,7.0
01-17-1923,18.0,32,
01-18-1923,35.0,31,2.0
01-19-1923,35.0,3,
01-20-1923,34.0,30,
01-21-1923,35.0,26,
01-22-1923,37.0,24.0,
01-23-1923,42.0,31,
01-24-1923,3.0,28,25
01-25-1923,28.0,26,
01-26-1923,28.0,21,
01-27-1923,32.0,20,1.5
01-28-1923,30.0,19,
01-29-1923,30.0,13,
01-30-1923,25.0,15,
01-31-1923,19.0,8,
02-01-1923,21,5.0,
02-02-1923,20,2.0,
02-03-1923,26,15.0,
02-04-1923,32,18.0,
02-05-1923,35,21.0,
02-06-1923,37,22.0,
02-07-1923,37,25.0,
02-08-1923,32,20.0,
02-09-1923,24,12.0,
02-10-1923,24,20.0,
02-11-1923,24,20.0,
02-12-1923,25,5.0,
02-13-1923,7,-2.0,
02-14-1923,8,0.0,
02-15-1923,13,2.0,
02-16-1923,23,3.0,
02-17-1923,37,10.0,
02-18-1923,38,17.0,
02-19-1923,32,29.0,
02-20-1923,34.0,26.0,
02-21-1923,40,26.0,
02-22-1923,41.0,28.0,
02-23-1923,43,28.0,
02-24-1923,32.0,2.0,
02-25-1923,31.0,29.0,
02-26-1923,37,26.0,
02-27-1923,45,30.0,
02-28-1923,51,33.0,
03-01-1923,44.0,31.0,
03-02-1923,30.0,23.0,
03-03-1923,31.0,20.0,
03-04-1923,31.0,21.0,
03-05-1923,36.0,27.0,
03-06-1923,43.0,33.0,
03-07-1923,44.0,29.0,
03-08-1923,34.0,27.0,
03-09-1923,41.0,25.0,
03-10-1923,41.0,36.0,
03-11-1923,39.0,31.0,
03-12-1923,34.0,29.0,
03-13-1923,36.0,27.0,
03-14-1923,3.0,25.0,
03-15-1923,41.0,28.0,
03-16-1923,47.0,31.0,
03-17-1923,48.0,30.0,
03-18-1923,51.0,34.0,
03-19-1923,56.0,33.0,
03-20-1923,2.0,27.0,
03-21-1923,38.0,28.0,
03-22-1923,43.0,29.0,
03-23-1923,49.0,32.0,
03-24-1923,44.0,33.0,
03-25-1923,49.0,30.0,
03-26-1923,60.0,33.0,
03-27-1923,65.0,37.0,
03-28-1923,2.0,38.0,
03-29-1923,70.0,39.0,
03-30-1923,71.0,41.0,
03-31-1923,17.0,46.0,
04-01-1923,49.0,42.0,0.39
04-02-1923,54.0,40.0,0.11
04-03-1923,48.0,40.0,
04-04-1923,56.0,40.0,
04-05-1923,53.0,41.0,0.08
04-06-1923,44.0,37.0,
04-07-1923,48.0,36.0,0.03
04-08-1923,52.0,37.0,
04-09-1923,58.0,35.0,
04-10-1923,79.0,38.0,
04-11-1923,57.0,46.0,
04-12-1923,48.0,38.0,0.13
04-13-1923,53.0,34.0,
04-14-1923,61.0,30.0,
04-15-1923,72.0,43.0,
04-16-1923,78.0,48.0,
04-17-1923,58.0,39.0,0.08
04-18-1923,54.0,37.0,
04-19-1923,45.0,32.0,0.03
04-20-1923,48.0,33.0,0.37
04-21-1923,49.0,32.0,
04-22-1923,60.0,34.0,
04-23-1923,64.0,38.0,
04-24-1923,63.0,37.0,
04-25-1923,68.0,36.0,
04-26-1923,70.0,40.0,
04-27-1923,19.0,42.0,
04-28-1923,58.0,37.0,
04-29-1923,46.0,30.0,
04-30-1923,48.0,33.0,
05-01-1923,48.0,36.0,0.08
05-02-1923,53.0,34.0,
05-03-1923,68.0,36.0,
05-04-1923,71.0,49.0,
05-05-1923,70.0,53.0,
05-06-1923,69.0,49.0,
05-07-1923,77.0,45.0,
05-08-1923,83.0,50.0,0.22
05-09-1923,65.0,53.0,
05-10-1923,57.0,45.0,0.03
05-11-1923,60.0,40.0,
05-12-1923,59.0,44.0,0.14
05-13-1923,61.0,43.0,
05-14-1923,54.0,41.0,0.11
05-15-1923,62.0,40.0,
05-16-1923,61.0,45.0,1.15
05-17-1923,66.0,44.0,
05-18-1923,65.0,46.0,
05-19-1923,57.0,44.0,0.16
05-20-1923,65.0,42.0,
05-21-1923,68.0,50.0,
05-22-1923,64.0,57.0,
05-23-1923,60.0,45.0,0.06
05-24-1923,80.0,43.0,
05-25-1923,65.0,50.0,
05-26-1923,50.0,40.0,
05-27-1923,54.0,38.0,
05-28-1923,66.0,41.0,
05-29-1923,59.0,45.0,0.07
05-30-1923,56.0,36.0,
05-31-1923,59.0,42.0,
06-01-1923,50.0,39.0,0.92
06-02-1923,48.0,39.0,1.2
06-03-1923,89.0,46.0,0.1
06-04-1923,71.0,43.0,
06-05-1923,74.0,51.0,
06-06-1923,72.0,54.0,
06-07-1923,69.0,56.0,0.05
06-08-1923,77.0,55.0,
06-09-1923,83.0,56.0,
06-10-1923,65.0,56.0,
06-11-1923,74.0,55.0,0.23
06-12-1923,54.0,45.0,
06-13-1923,54.0,40.0,0.11
06-14-1923,68.0,39.0,
06-15-1923,99.0,48.0,0.09
06-16-1923,64.0,44.0,
06-17-1923,64.0,45.0,
06-18-1923,99.0,47.0,
06-19-1923,59.0,47.0,0.1
06-20-1923,61.0,50.0,0.01
06-21-1923,61.0,45.0,
06-22-1923,49.0,42.0,3.0
06-23-1923,69.0,39.0,0.12
06-24-1923,52.0,41.0,0.02
06-25-1923,73.0,41.0,
06-26-1923,65.0,47.0,0.03
06-27-1923,79.0,42.0,
06-28-1923,85.0,54.0,
06-29-1923,89.0,55.0,
06-30-1923,87.0,56.0,
07-01-1923,91.0,54.0,
07-02-1923,78.0,61.0,0.06
07-03-1923,72.0,51.0,
07-04-1923,71.0,47.0,
07-05-1923,67.0,53.0,
07-06-1923,74.0,51.0,0.16
07-07-1923,59.0,48.0,
07-08-1923,70.0,49.0,
07-09-1923,80.0,48.0,
07-10-1923,85.0,50.0,
07-11-1923,81.0,57.0,
07-12-1923,86.0,55.0,
07-13-1923,89.0,56.0,
07-14-1923,91.0,55.0,
07-15-1923,88.0,60.0,0.29
07-16-1923,75.0,8_9,
07-17-1923,72.0,50.0,0.18
07-18-1923,81.0,53.0,
07-19-1923,83.0,56.0,
07-20-1923,86.0,55.0,
07-21-1923,86.0,57.0,
07-22-1923,96.0,62.0,
07-23-1923,88.0,67.0,
07-24-1923,86.0,66.0,
07-25-1923,83.0,55.0,
07-26-1923,90.0,50.0,
07-27-1923,78.0,58.0,
07-28-1923,95.0,55.0,
07-29-1923,90.0,65.0,
07-30-1923,80.0,65.0,
07-31-1923,73.0,49.0,
08-01-1923,74.0,46.0,
08-02-1923,78.0,42.0,
08-03-1923,76.0,50.0,
08-04-1923,73.0,49.0,
08-05-1923,71.0,50.0,
08-06-1923,76.0,45.0,
08-07-1923,78.0,47.0,
08-08-1923,76.0,49.0,
08-09-1923,69.0,48.0,0.05
08-10-1923,79.0,48.0,
08-11-1923,88.0,52.0,
08-12-1923,86.0,54.0,
08-13-1923,83.0,58.0,
08-14-1923,83.0,59.0,
08-15-1923,89.0,50.0,
08-16-1923,94.0,64.0,
08-17-1923,96.0,68.0,
08-18-1923,95.0,68.0,
08-19-1923,81.0,64.0,
08-20-1923,67.0,55.0,0.15
08-21-1923,87.0,54.0,
08-22-1923,82.0,60.0,
08-23-1923,82.0,60.0,
08-24-1923,98.0,54.0,
08-25-1923,82.0,56.0,
08-26-1923,85.0,53.0,
08-27-1923,88.0,56.0,
08-28-1923,68.0,55.0,
08-29-1923,91.0,56.0,
08-30-1923,68.0,60.0,
08-31-1923,89.0,58.0,
09-01-1923,,59.0,
09-01-1923,,59.0,
09-02-1923,,57.0,
09-02-1923,,57.0,
09-03-1923,81,65.0,
09-03-1923,81.0,65.0,
09-04-1923,68,53.0,
09-04-1923,68,53.0,
09-05-1923,77,56.0,
09-05-1923,77,56.0,
09-06-1923,,48.0,
09-06-1923,,48.0,
09-07-1923,85,50.0,
09-07-1923,85,50.0,
09-08-1923,85,56.0,
09-08-1923,85,56.0,
09-09-1923,82,54.0,
09-09-1923,,54.0,
09-10-1923,89,57.0,
09-10-1923,68,57.0,
09-11-1923,81,54.0,
09-11-1923,81,54.0,
09-12-1923,83,49.0,
09-12-1923,83,49.0,
09-13-1923,89,49.0,
09-13-1923,68,49.0,
09-14-1923,79,52.0,
09-14-1923,79,52.0,
09-15-1923,70,53.0,
09-15-1923,70,53.0,
09-16-1923,68.0,42.0,
09-16-1923,68,42.0,
09-17-1923,70,43.0,
09-17-1923,,43.0,
09-18-1923,74,43.0,
09-18-1923,74,43.0,
09-19-1923,73.0,50.0,
09-19-1923,73.0,50.0,
09-20-1923,74,48.0,
09-20-1923,74,48.0,
09-21-1923,,47.0,0.02
09-21-1923,,47.0,0.02
09-22-1923,,34.0,
09-22-1923,157,34.0,
09-23-1923,64,34.0,
09-23-1923,67,34.0,
09-24-1923,62,41.0,
09-24-1923,62,41.0,
09-25-1923,59,48.0,0.15
09-25-1923,59,48.0,0.15
09-26-1923,52,45.0,
09-26-1923,52,45.0,
09-27-1923,64,39.0,
09-27-1923,64,39.0,
09-28-1923,68,41.0,
09-28-1923,68,41.0,
09-29-1923,71,42.0,
09-29-1923,,42.0,
09-30-1923,78,47.0,
09-30-1923,78,47.0,
10-01-1923,78.0,56.0,
10-02-1923,80.0,56.0,
10-03-1923,77.0,53.0,
10-04-1923,57.0,44.0,
10-05-1923,66.0,38.0,
10-06-1923,53.0,41.0,.48
10-07-1923,42.0,39.0,12.0
10-08-1923,46.0,40.0,20.0
10-09-1923,58.0,33.0,20.0
10-10-1923,52.0,41.0,
10-11-1923,58.0,38.0,
10-12-1923,62.0,40.0,
10-13-1923,62.0,41.0,
10-14-1923,63.0,42.0,
10-15-1923,50.0,43.0,23.0
10-16-1923,49.0,41.0,0.17
10-17-1923,49.0,38.0,
10-18-1923,51.0,36.0,
10-19-1923,51.0,36.0,
10-20-1923,63.0,40.0,
10-21-1923,59.0,44.0,31.0
10-22-1923,45.0,36.0,
10-23-1923,50.0,30.0,
10-24-1923,28.0,35.0,
10-25-1923,55.0,33.0,
10-26-1923,52.0,30.0,
10-27-1923,45.0,29.0,
10-28-1923,44.0,30.0,
10-29-1923,46.0,26.0,
10-30-1923,49.0,32.0,
10-31-1923,44.0,25.0,
11-01-1923,49.0,28,
11-02-1923,47.0,39,
11-03-1923,49.0,32.0,
11-04-1923,53.0,32,
11-05-1923,55.0,34,
11-06-1923,58.0,35.0,
11-07-1923,60.0,36,
11-08-1923,51.0,31.0,
11-09-1923,53.0,29.0,
11-10-1923,53.0,32,
11-11-1923,57.0,28,
11-12-1923,43.0,35.0,
11-13-1923,53.0,36,
11-14-1923,45.0,36,
11-15-1923,41.0,37.0,
11-16-1923,52.0,34,
11-17-1923,35.0,25,
11-18-1923,46.0,28,
11-19-1923,43.0,29,
11-20-1923,41.0,32,
11-21-1923,41.0,30,
11-22-1923,44.0,34,
11-23-1923,48.0,35,
11-24-1923,52.0,39,
11-25-1923,44.0,36,
11-26-1923,42.0,30,
11-27-1923,39.0,30,
11-28-1923,45.0,38.0,
11-29-1923,42.0,,
11-30-1923,38.0,25,
12-01-1923,28.0,17.0,
12-02-1923,36.0,28.0,
12-03-1923,42.0,32.0,
12-04-1923,50.0,35.0,
12-05-1923,48.0,32.0,
12-06-1923,47.0,32.0,
12-07-1923,37.0,28.0,
12-08-1923,32.0,26.0,
12-09-1923,36.0,23.0,
12-10-1923,34.0,28.0,
12-11-1923,43.0,28.0,
12-12-1923,34.0,23.0,
12-13-1923,35.0,22.0,
12-14-1923,38.0,33.0,
12-15-1923,45.0,37.0,
12-16-1923,44.0,35.0,
12-17-1923,42.0,35.0,
12-18-1923,35.0,33.0,
12-19-1923,35.0,31.0,
12-20-1923,35.0,25.0,
12-21-1923,32.0,23.0,
12-22-1923,35.0,25.0,
12-23-1923,35.0,31.0,
12-24-1923,32.0,28.0,
12-25-1923,38.0,29.0,
12-26-1923,32.0,26.0,
12-27-1923,31.0,27.0,
12-28-1923,13.0,32.0,
12-29-1923,33.0,24.0,
12-30-1923,24.0,10.0,
12-31-1923,10.0,-2.0,
01-01-1924,2.0,0,
01-02-1924,12.0,-6,1.00
01-03-1924,12.0,4,
01-04-1924,15.0,-4,
01-05-1924,26.0,10,
01-06-1924,30.0,23,
01-07-1924,31.0,18,
01-08-1924,30.0,14,150
01-09-1924,49.0,19,
01-10-1924,42.0,30,
01-11-1924,34.0,24,
01-12-1924,34.0,24,
01-13-1924,30.0,23,75.0
01-14-1924,33.0,24,
01-15-1924,35.0,26,
01-16-1924,32.0,20,6.5
01-17-1924,32.0,26,
01-18-1924,30.0,15,
01-19-1924,18.0,1,
01-20-1924,26.0,16,
01-21-1924,33.0,25,
01-22-1924,35.0,30.0,
01-23-1924,46.0,30,21
01-24-1924,38.0,30,
01-25-1924,37.0,28,
01-26-1924,36.0,31,.04
01-27-1924,39.0,31,.05
01-28-1924,45.0,35,
01-29-1924,42.0,35,21.0
01-30-1924,44.0,37,24.0
01-31-1924,48.0,40,23.0
02-01-1924,44,,
02-02-1924,41,,
02-03-1924,36,,
02-04-1924,40,,
02-05-1924,48,,
02-06-1924,46,,
02-07-1924,44,,
02-08-1924,40,,
02-09-1924,36,,
02-10-1924,41,,
02-11-1924,50,,
02-12-1924,56,,
02-13-1924,52,,
02-14-1924,55,,
02-15-1924,45,,
02-16-1924,45,,
02-17-1924,45,,
02-18-1924,42,,
02-19-1924,49,,
02-20-1924,50.0,,
02-21-1924,41,,
02-22-1924,45.0,,
02-23-1924,40,,
02-24-1924,42.0,,
02-25-1924,48.0,,
02-26-1924,48,,
02-27-1924,46,,
02-28-1924,41,,
02-29-1924,46.0,,
03-01-1924,51.0,33.0,
03-02-1924,44.0,36.0,
03-03-1924,46.0,34.0,
03-04-1924,43.0,30.0,
03-05-1924,48.0,33.0,
03-06-1924,44.0,30.0,
03-07-1924,42.0,29.0,
03-08-1924,49.0,28.0,
03-09-1924,37.0,32.0,
03-10-1924,40.0,29.0,
03-11-1924,49.0,29.0,
03-12-1924,48.0,30.0,
03-13-1924,49.0,33.0,
03-14-1924,45.0,35.0,
03-15-1924,52.0,31.0,
03-16-1924,45.0,28.0,
03-17-1924,53.0,32.0,
03-18-1924,54.0,29.0,
03-19-1924,42.0,32.0,
03-20-1924,42.0,31.0,
03-21-1924,44.0,28.0,
03-22-1924,46.0,29.0,
03-23-1924,50.0,25.0,
03-24-1924,46.0,32.0,
03-25-1924,50.0,28.0,
03-26-1924,52.0,30.0,
03-27-1924,42.0,31.0,
03-28-1924,50.0,32.0,
03-29-1924,37.0,26.0,
03-30-1924,41.0,25.0,
03-31-1924,50.0,30.0,
04-01-1924,59.0,34.0,
04-02-1924,54.0,42.0,
04-03-1924,46.0,43.0,
04-04-1924,48.0,39.0,
04-05-1924,64.0,39.0,
04-06-1924,67.0,39.0,
04-07-1924,64.0,43.0,
04-08-1924,58.0,34.0,
04-09-1924,58.0,34.0,
04-10-1924,58.0,44.0,0.24
04-11-1924,55.0,40.0,
04-12-1924,57.0,40.0,
04-13-1924,53.0,41.0,
04-14-1924,46.0,31.0,
04-15-1924,48.0,36.0,
04-16-1924,51.0,30.0,
04-17-1924,56.0,33.0,
04-18-1924,58.0,36.0,
04-19-1924,48.0,28.0,
04-20-1924,54.0,34.0,
04-21-1924,65.0,36.0,
04-22-1924,60.0,36.0,
04-23-1924,60.0,31.0,
04-24-1924,56.0,25.0,
04-25-1924,62.0,30.0,
04-26-1924,69.0,34.0,
04-27-1924,71.0,38.0,
04-28-1924,64.0,49.0,
04-29-1924,72.0,39.0,
04-30-1924,62.0,41.0,
05-01-1924,82.0,38.0,
05-02-1924,75.0,52.0,
05-03-1924,58.0,42.0,
05-04-1924,50.0,39.0,
05-05-1924,56.0,35.0,
05-06-1924,64.0,36.0,
05-07-1924,70.0,40.0,
05-08-1924,78.0,40.0,
05-09-1924,83.0,52.0,
05-10-1924,88.0,47.0,
05-11-1924,88.0,52.0,
05-12-1924,88.0,61.0,
05-13-1924,87.0,62.0,
05-14-1924,79.0,48.0,
05-15-1924,84.0,48.0,
05-16-1924,79.0,54.0,
05-17-1924,80.0,53.0,
05-18-1924,73.0,54.0,
05-19-1924,75.0,45.0,
05-20-1924,79.0,48.0,
05-21-1924,80.0,50.0,
05-22-1924,77.0,56.0,
05-23-1924,76.0,52.0,
05-24-1924,80.0,50.0,
05-25-1924,62.0,42.0,
05-26-1924,67.0,36.0,
05-27-1924,60.0,45.0,
05-28-1924,60.0,45.0,
05-29-1924,39.0,35.0,
05-30-1924,72.0,43.0,
05-31-1924,75.0,50.0,
06-01-1924,85.0,55.0,
06-02-1924,84.0,55.0,
06-03-1924,83.0,51.0,
06-04-1924,72.0,56.0,
06-05-1924,70.0,48.0,
06-06-1924,50.0,37.0,0.03
06-07-1924,51.0,38.0,0.12
06-08-1924,69.0,40.0,0.13
06-09-1924,74.0,44.0,
06-10-1924,72.0,50.0,
06-11-1924,66.0,49.0,0.22
06-12-1924,73.0,51.0,
06-13-1924,79.0,51.0,
06-14-1924,81.0,51.0,
06-15-1924,75.0,53.0,
06-16-1924,79.0,48.0,
06-17-1924,67.0,49.0,0.07
06-18-1924,44.0,46.0,
06-19-1924,67.0,46.0,
06-20-1924,76.0,48.0,
06-21-1924,75.0,53.0,
06-22-1924,75.0,50.0,
06-23-1924,70.0,54.0,
06-24-1924,80.0,56.0,
06-25-1924,81.0,53.0,
06-26-1924,75.0,57.0,
06-27-1924,73.0,53.0,
06-28-1924,98.0,45.0,
06-29-1924,90.0,52.0,
06-30-1924,97.0,63.0,
07-01-1924,98.0,67.0,
07-02-1924,97.0,66.0,
07-03-1924,93.0,68.0,
07-04-1924,96.0,62.0,
07-05-1924,82.0,65.0,
07-06-1924,71.0,46.0,
07-07-1924,76.0,41.0,
07-08-1924,84.0,47.0,
07-09-1924,89.0,57.0,
07-10-1924,80.0,61.0,
07-11-1924,85.0,46.0,
07-12-1924,83.0,49.0,
07-13-1924,91.0,57.0,
07-14-1924,86.0,60.0,
07-15-1924,69.0,50.0,
07-16-1924,75.0,43,
07-17-1924,67.0,48.0,0.1
07-18-1924,67.0,48.0,0.25
07-19-1924,58.0,50.0,0.15
07-20-1924,70.0,48.0,0.05
07-21-1924,74.0,56.0,
07-22-1924,69.0,53.0,
07-23-1924,79.0,46.0,
07-24-1924,86.0,52.0,
07-25-1924,93.0,56.0,
07-26-1924,96.0,66.0,
07-27-1924,85.0,59.0,
07-28-1924,76.0,60.0,
07-29-1924,80.0,51.0,
07-30-1924,82.0,51.0,
07-31-1924,78.0,57.0,
08-01-1924,72.0,52.0,
08-02-1924,73.0,49.0,
08-03-1924,67.0,48.0,
08-04-1924,72.0,42.0,
08-05-1924,76.0,42.0,
08-06-1924,85.0,44.0,
08-07-1924,79.0,45.0,
08-08-1924,79.0,52.0,
08-09-1924,80.0,48.0,
08-10-1924,83.0,51.0,
08-11-1924,99.0,50.0,
08-12-1924,90.0,54.0,
08-13-1924,76.0,59.0,
08-14-1924,67.0,51.0,
08-15-1924,70.0,52.0,0.039
08-16-1924,65.0,52.0,0.33
08-17-1924,65.0,46.0,
08-18-1924,64.0,49.0,0.013
08-19-1924,51.0,45.0,0.17
08-20-1924,57.0,45.0,
08-21-1924,70.0,43.0,
08-22-1924,75.0,46.0,
08-23-1924,78.0,46.0,
08-24-1924,78.0,55.0,
08-25-1924,80.0,52.0,
08-26-1924,88.0,52.0,
08-27-1924,86.0,53.0,
08-28-1924,77.0,56.0,
08-29-1924,62.0,47.0,
08-30-1924,60.0,33.0,
08-31-1924,89.0,35.0,
09-01-1924,76,48.0,
09-01-1924,76,48.0,
09-02-1924,80,45.0,
09-02-1924,08,45.0,
09-03-1924,82.0,46.0,
09-03-1924,82,46.0,
09-04-1924,,53.0,
09-04-1924,88,53.0,
09-05-1924,72,58.0,
09-05-1924,72,58.0,
09-06-1924,79,48.0,
09-06-1924,79,48.0,
09-07-1924,87,56.0,0.02
09-07-1924,8,56.0,0.02
09-08-1924,57,49.0,0.03
09-08-1924,57,49.0,0.03
09-09-1924,55,37.0,
09-09-1924,55,37.0,
09-10-1924,58,30.0,
09-10-1924,58,30.0,
09-11-1924,65,32.0,
09-11-1924,65,32.0,
09-12-1924,75,43.0,
09-12-1924,5,43.0,
09-13-1924,,50.0,
09-13-1924,82,50.0,
09-14-1924,85,47.0,
09-14-1924,85,47.0,
09-15-1924,79,51.0,
09-15-1924,79,51.0,
09-16-1924,77,50.0,
09-16-1924,77.0,50.0,
09-17-1924,"53
r",41.0,
09-17-1924,"J
53",41.0,
09-18-1924,49,37.0,0.01
09-18-1924,49,37.0,0.01
09-19-1924,39.0,34.0,0.13
09-19-1924,39.0,34.0,0.13
09-20-1924,49,32.0,0.01
09-20-1924,49,32.0,0.01
09-21-1924,56,35.0,
09-21-1924,56,35.0,
09-22-1924,70,48.0,
09-22-1924,70,48.0,
09-23-1924,49,41.0,
09-23-1924,49,41.0,
09-24-1924,,46.0,0.3
09-24-1924,51,46.0,0.3
09-25-1924,40,33.0,0.43
09-25-1924,40,33.0,0.43
09-26-1924,48,30.0,
09-26-1924,8,30.0,
09-27-1924,58,32.0,
09-27-1924,58,32.0,
09-28-1924,69,41.0,
09-28-1924,69,41.0,
09-29-1924,,40.0,
09-29-1924,,40.0,
09-30-1924,,45.0,0.03
09-30-1924,,45.0,0.03
10-01-1924,47.0,40.0,
10-02-1924,50.0,38.0,
10-03-1924,45.0,35.0,
10-04-1924,53.0,33.0,
10-05-1924,53.0,28.0,
10-06-1924,57.0,30.0,
10-07-1924,60.0,32.0,
10-08-1924,43.0,30.0,3.0
10-09-1924,39.0,30.0,
10-10-1924,57.0,25.0,
10-11-1924,41.0,24.0,
10-12-1924,49.0,28.0,
10-13-1924,55.0,35.0,
10-14-1924,62.0,35.0,
10-15-1924,67.0,46.0,
10-16-1924,53.0,35.0,
10-17-1924,51.0,26.0,
10-18-1924,53.0,25.0,
10-19-1924,58.0,32.0,
10-20-1924,60.0,36.0,
10-21-1924,56.0,43.0,
10-22-1924,60.0,37.0,
10-23-1924,53.0,41.0,
10-24-1924,62.0,34.0,
10-25-1924,56.0,43.0,8.0
10-26-1924,49.0,38.0,13.0
10-27-1924,49.0,39.0,97.0
10-28-1924,41.0,33.0,19
10-29-1924,40.0,30.0,10
10-30-1924,35.0,27.0,33.
10-31-1924,36.0,31.0,18
11-01-1924,40.0,3,
11-02-1924,50.0,42,
11-03-1924,54.0,44.0,
11-04-1924,47.0,41,
11-05-1924,49.0,43,
11-06-1924,41.0,38.0,
11-07-1924,31.0,34,
11-08-1924,41.0,35.0,
11-09-1924,43.0,37.0,
11-10-1924,38.0,34,
11-11-1924,36.0,31,
11-12-1924,22.0,16.0,
11-13-1924,30.0,12,
11-14-1924,33.0,28,
11-15-1924,39.0,33.0,
11-16-1924,39.0,3,
11-17-1924,33.0,25,
11-18-1924,39.0,29,
11-19-1924,48.0,28,
11-20-1924,50.0,41,
11-21-1924,50.0,35,
11-22-1924,43.0,37,
11-23-1924,50.0,34,
11-24-1924,45.0,33,
11-25-1924,41.0,38,
11-26-1924,37.0,32,
11-27-1924,36.0,27,
11-28-1924,41.0,27.0,
11-29-1924,48.0,30.0,
11-30-1924,47.0,23,
12-01-1924,47.0,33.0,
12-02-1924,37.0,33.0,
12-03-1924,41.0,32.0,
12-04-1924,40.0,34.0,
12-05-1924,38.0,33.0,
12-06-1924,31.0,27.0,
12-07-1924,31.0,27.0,
12-08-1924,3.0,8.0,
12-09-1924,32.0,19.0,
12-10-1924,53.0,34.0,
12-11-1924,57.0,44.0,
12-12-1924,53.0,41.0,
12-13-1924,56.0,52.0,
12-14-1924,54.0,39.0,
12-15-1924,43.0,3.0,
12-16-1924,3.0,-2.0,
12-17-1924,-2.0,-13.0,
12-18-1924,-1.0,16.0,
12-19-1924,5.0,-11.0,
12-20-1924,11.0,0.0,
12-21-1924,14.0,8.0,
12-22-1924,4.0,-10.0,
12-23-1924,19.0,-9.0,
12-24-1924,12.0,14.0,
12-25-1924,15.0,4.0,
12-26-1924,18.0,2.0,
12-27-1924,22.0,17.0,
12-28-1924,31.0,19.0,
12-29-1924,39.0,22.0,
12-30-1924,40.0,31.0,
12-31-1924,39.0,32.0,
01-01-1925,36.0,32,7.75
01-02-1925,46.0,32,
01-03-1925,36.0,22,
01-04-1925,40.0,28,2.75
01-05-1925,36.0,29,.54
01-06-1925,35.0,30,40
01-07-1925,36.0,28,75
01-08-1925,34.0,27,
01-09-1925,32.0,22,
01-10-1925,35.0,32,
01-11-1925,34.0,31,
01-12-1925,35.0,27,0.0
01-13-1925,32.0,26,
01-14-1925,32.0,25,7
01-15-1925,25.0,10,
01-16-1925,34.0,19,
01-17-1925,33.0,22,6
01-18-1925,44.0,32,
01-19-1925,36.0,31,
01-20-1925,43.0,31,54
01-21-1925,43.0,36,124
01-22-1925,43.0,37.5,28
01-23-1925,43.0,37,2
01-24-1925,40.0,34,
01-25-1925,35.0,25,50
01-26-1925,38.0,26,"00%
8"
01-27-1925,39.0,26,
01-28-1925,37.0,33,
01-29-1925,41.0,34,53.0
01-30-1925,48.0,37,
01-31-1925,47.0,37,53.0
02-01-1925,,3.0,
02-02-1925,,41.0,
02-03-1925,,41.0,
02-04-1925,,35.0,
02-05-1925,,34.0,
02-06-1925,,34.0,
02-07-1925,,33.0,
02-08-1925,,33.0,
02-09-1925,,25.0,
02-10-1925,,30.0,
02-11-1925,,39.0,
02-12-1925,,33.0,
02-13-1925,,32.0,
02-14-1925,,34.0,
02-15-1925,,36.0,
02-16-1925,,34.0,
02-17-1925,,30.0,
02-18-1925,,33.0,
02-19-1925,,33.0,
02-20-1925,,36.0,
02-21-1925,,40.0,
02-22-1925,,27.0,
02-23-1925,,48.0,
02-24-1925,,22.0,
02-25-1925,,31.3,
02-26-1925,,35.0,
02-27-1925,,35.0,
02-28-1925,,31.0,
03-01-1925,64.0,35.0,
03-02-1925,46.0,40.0,
03-03-1925,44.0,36.0,
03-04-1925,55.0,40.0,
03-05-1925,49.0,32.0,
03-06-1925,49.0,32.0,
03-07-1925,46.0,29.0,
03-08-1925,4.3,31.0,
03-09-1925,43.0,31.0,
03-10-1925,45.0,28.0,
03-11-1925,38.0,25.0,
03-12-1925,41.0,29.0,
03-13-1925,42.0,39.0,
03-14-1925,50.0,32.0,
03-15-1925,47.0,37.0,
03-16-1925,37.0,33.0,
03-17-1925,45.0,33.0,
03-18-1925,47.0,31.0,
03-19-1925,52.0,33.0,
03-20-1925,55.0,37.0,
03-21-1925,58.0,37.0,
03-22-1925,52.0,35.0,
03-23-1925,51.0,31.0,
03-24-1925,55.0,37.0,
03-25-1925,45.0,36.0,
03-26-1925,51.0,28.0,
03-27-1925,58.0,37.0,
03-28-1925,40.0,30.0,
03-29-1925,52.0,30.0,
03-30-1925,50.0,40.0,
03-31-1925,60.0,35.0,
04-01-1925,47.0,39.0,
04-02-1925,62.0,39.0,
04-03-1925,67.0,45.0,
04-04-1925,55.0,44.0,0.25
04-05-1925,53.0,43.0,
04-06-1925,60.0,38.0,
04-07-1925,68.0,40.0,
04-08-1925,73.0,43.0,
04-09-1925,76.0,48.0,0.15
04-10-1925,75.0,50.0,
04-11-1925,58.0,46.0,0.5
04-12-1925,58.0,44.0,
04-13-1925,62.0,41.0,
04-14-1925,60.0,32.0,0.02
04-15-1925,65.0,47.0,0.25
04-16-1925,64.0,44.0,
04-17-1925,50.0,39.0,0.32
04-18-1925,48.0,35.0,
04-19-1925,47.0,37.0,
04-20-1925,57.0,32.0,
04-21-1925,58.0,34.0,
04-22-1925,47.0,38.0,
04-23-1925,52.0,36.0,
04-24-1925,50.0,35.0,
04-25-1925,53.0,32.0,
04-26-1925,60.0,32.0,
04-27-1925,77.0,33.0,
04-28-1925,69.0,36.0,
04-29-1925,77.0,41.0,
04-30-1925,65.0,53.0,
05-01-1925,63.0,46.0,
05-02-1925,59.0,44.0,
05-03-1925,66.0,35.0,
05-04-1925,75.0,46.0,
05-05-1925,77.0,45.0,
05-06-1925,78.0,50.0,
05-07-1925,45.0,38.0,0.2
05-08-1925,54.0,36.0,0.64
05-09-1925,66.0,38.0,
05-10-1925,73.0,47.0,0.05
05-11-1925,55.0,50.0,
05-12-1925,49.0,44.0,
05-13-1925,70.0,51.0,
05-14-1925,71.0,51.0,
05-15-1925,73.0,51.0,
05-16-1925,79.0,52.0,
05-17-1925,74.0,53.0,
05-18-1925,74.0,54.0,
05-19-1925,78.0,51.0,
05-20-1925,76.0,53.0,0.53
05-21-1925,89.0,45.0,0.02
05-22-1925,61.0,43.0,
05-23-1925,79.0,43.0,
05-24-1925,68.0,50.0,
05-25-1925,89.0,49.0,
05-26-1925,73.0,45.0,
05-27-1925,73.0,48.0,
05-28-1925,72.0,54.0,0.24
05-29-1925,60.0,43.0,0.11
05-30-1925,59.0,43.0,
05-31-1925,64.0,42.0,
06-01-1925,64.0,49.0,0.01
06-02-1925,53.0,40.0,0.11
06-03-1925,58.0,36.0,0.03
06-04-1925,56.0,42.0,
06-05-1925,67.0,35.0,
06-06-1925,64.0,56.0,
06-07-1925,63.0,46.0,
06-08-1925,73.0,45.0,0.18
06-09-1925,60.0,47.0,
06-10-1925,58.0,45.0,
06-11-1925,89.0,47.0,
06-12-1925,66.0,50.0,
06-13-1925,59.0,45.0,
06-14-1925,71.0,44.0,
06-15-1925,75.0,45.0,
06-16-1925,76.0,52.0,
06-17-1925,77.0,55.0,
06-18-1925,80.0,54.0,
06-19-1925,86.0,50.0,
06-20-1925,92.0,56.0,
06-21-1925,87.0,63.0,
06-22-1925,82.0,60.0,
06-23-1925,81.0,56.0,
06-24-1925,88.0,51.0,
06-25-1925,93.0,58.0,
06-26-1925,94.0,64.0,
06-27-1925,92.0,65.0,
06-28-1925,74.0,61.0,
06-29-1925,78.0,67.0,
06-30-1925,80.0,56.0,
07-01-1925,,54.0,
07-02-1925,,,
07-03-1925,98.0,,
07-04-1925,83.0,57.0,
07-05-1925,78.0,57.0,
07-06-1925,71.0,51.0,
07-07-1925,75.0,53.0,
07-08-1925,84.0,48.0,
07-09-1925,90.0,55.0,
07-10-1925,94.0,58.0,
07-11-1925,92.0,62.0,
07-12-1925,87.0,66.0,
07-13-1925,88.0,57.0,
07-14-1925,68.0,56.0,
07-15-1925,97.0,59.0,
07-16-1925,99.0,64,
07-17-1925,91.0,70.0,
07-18-1925,82.0,59.0,
07-19-1925,84.0,49.0,
07-20-1925,86.0,50.0,
07-21-1925,86.0,54.0,
07-22-1925,87.0,60.0,
07-23-1925,85.0,56.0,0.9
07-24-1925,80.0,59.0,
07-25-1925,78.0,52.0,
07-26-1925,90.0,56.0,
07-27-1925,95.0,40.0,
07-28-1925,90.0,65.0,
07-29-1925,85.0,63.0,
07-30-1925,93.0,59.0,
07-31-1925,95.0,70.0,
08-01-1925,94.0,67.0,0.09
08-02-1925,88.0,64.0,
08-03-1925,79.0,59.0,
08-04-1925,85.0,52.0,
08-05-1925,86.0,54.0,
08-06-1925,85.0,62.0,
08-07-1925,86.0,55.0,
08-08-1925,86.0,53.0,
08-09-1925,86.0,58.0,
08-10-1925,78.0,58.0,
08-11-1925,85.0,57.0,
08-12-1925,85.0,55.0,0.01
08-13-1925,77.0,60.0,0.01
08-14-1925,58.0,49.0,0.06
08-15-1925,65.0,48.0,
08-16-1925,71.0,51.0,
08-17-1925,80.0,50.0,
08-18-1925,90.0,61.0,
08-19-1925,95.0,67.0,
08-20-1925,96.0,64.0,
08-21-1925,78.0,59.0,
08-22-1925,69.0,55.0,0.34
08-23-1925,52.0,47.0,0.1
08-24-1925,69.0,43.0,
08-25-1925,83.0,51.0,
08-26-1925,78.0,56.0,
08-27-1925,67.0,53.0,
08-28-1925,66.0,50.0,
08-29-1925,72.0,48.0,
08-30-1925,83.0,56.0,
08-31-1925,80.0,58.0,
09-01-1925,76,54.0,
09-02-1925,86,50.0,
09-03-1925,84.0,52.0,
09-04-1925,24,60.0,
09-05-1925,"V
23",50.0,0.01
09-06-1925,"J
78",52.0,
09-07-1925,20,55.0,
09-08-1925,7/,53.0,
09-09-1925,68,54.0,
09-10-1925,69,50.0,
09-11-1925,,46.0,
09-12-1925,28,47.0,
09-13-1925,28,50.0,
09-14-1925,26,54.0,
09-15-1925,,56.0,
09-16-1925,66.0,49.0,3.0
09-17-1925,2.,44.0,
09-18-1925,99,46.0,
09-19-1925,57.0,47.0,
09-20-1925,79,32.0,
09-21-1925,70,36.0,
09-22-1925,77,43.0,
09-23-1925,82,50.0,
09-24-1925,81,53.0,
09-25-1925,78,51.0,
09-26-1925,,48.0,
09-27-1925,,46.0,
09-28-1925,54,39.0,
09-29-1925,,41.0,
09-30-1925,So,42.0,0.2
10-01-1925,59.0,36.0,
10-02-1925,60.0,44.0,
10-03-1925,62.0,34.0,
10-04-1925,66.0,38.0,
10-05-1925,67.0,36.0,
10-06-1925,58.0,44.0,
10-07-1925,52.0,42.0,0.01
10-08-1925,58.0,34.0,
10-09-1925,63.0,38.0,
10-10-1925,57.0,41.0,6.0
10-11-1925,53.0,41.0,
10-12-1925,59.0,37.0,
10-13-1925,60.0,30.0,
10-14-1925,60.0,32.0,
10-15-1925,62.0,36.0,
10-16-1925,59.0,33.0,
10-17-1925,52.0,3.0,
10-18-1925,61.0,36.0,
10-19-1925,60.0,36.0,
10-20-1925,64.0,39.0,
10-21-1925,67.0,46.0,
10-22-1925,58.0,40.0,
10-23-1925,47.0,34.0,
10-24-1925,50.0,37.0,
10-25-1925,53.0,38.0,
10-26-1925,49.0,42.0,
10-27-1925,40.0,38.0,
10-28-1925,39.0,36.0,25
10-29-1925,43.0,35.0,
10-30-1925,49.0,34.0,
10-31-1925,49.0,35.0,
11-01-1925,43.0,,
11-02-1925,40.0,,
11-03-1925,39.0,,
11-04-1925,38.0,,
11-05-1925,47.0,,
11-06-1925,46.0,,
11-07-1925,47.0,,
11-08-1925,50.0,,
11-09-1925,50.0,,
11-10-1925,57.0,,
11-11-1925,45.0,,
11-12-1925,42.0,,
11-13-1925,42.0,,
11-14-1925,42.0,,
11-15-1925,43.0,,
11-16-1925,49.0,,
11-17-1925,48.0,,
11-18-1925,52.0,,
11-19-1925,52.0,,
11-20-1925,48.0,,
11-21-1925,40.0,,
11-22-1925,44.0,,
11-23-1925,47.0,,
11-24-1925,43.0,,
11-25-1925,45.0,,
11-26-1925,39.0,,
11-27-1925,33.0,,
11-28-1925,32.0,,
11-29-1925,35.0,,
11-30-1925,,,
12-01-1925,51.0,,
12-02-1925,38.0,,
12-03-1925,38.0,,
12-04-1925,42.0,,
12-05-1925,48.0,,
12-06-1925,45.0,,
12-07-1925,27.0,,
12-08-1925,46.0,,
12-09-1925,40.0,,
12-10-1925,42.0,,
12-11-1925,4.0,,
12-12-1925,39.0,,
12-13-1925,37.0,,
12-14-1925,33.0,,
12-15-1925,36.0,,
12-16-1925,42.0,,
12-17-1925,43.0,,
12-18-1925,42.0,,
12-19-1925,32.0,,
12-20-1925,36.0,,
12-21-1925,34.0,,
12-22-1925,43.0,,
12-23-1925,48.0,,
12-24-1925,40.0,,
12-25-1925,45.0,,
12-26-1925,43.0,,
12-27-1925,32.0,,
12-28-1925,29.0,,
12-29-1925,29.0,,
12-30-1925,27.0,,
12-31-1925,25.0,,
01-01-1926,25.0,17,
01-02-1926,21.0,18,
01-03-1926,25.0,21,5.0
01-04-1926,42.0,24,"5
8"
01-05-1926,44.0,27,".5
33"
01-06-1926,48.0,29,=
01-07-1926,35.0,26,
01-08-1926,37.0,25,
01-09-1926,28.0,25,
01-10-1926,28.0,25,
01-11-1926,29.0,27,
01-12-1926,28.0,26,
01-13-1926,30.0,24,
01-14-1926,30.0,22,
01-15-1926,37.0,27,2.7
01-16-1926,41.0,31,0.9
01-17-1926,4.0,34,20
01-18-1926,4.0,30,
01-19-1926,30.0,27,0.7
01-20-1926,30.0,24,5.7
01-21-1926,34.0,29,
01-22-1926,34.0,28.0,
01-23-1926,33.0,24,.9
01-24-1926,3.0,28,
01-25-1926,32.0,16,
01-26-1926,29.0,16,
01-27-1926,34.0,14,
01-28-1926,36.0,26,.08
01-29-1926,37.0,30,0.7
01-30-1926,40.0,29,8.0
01-31-1926,3.0,33,
02-01-1926,37,33.0,
02-02-1926,38,28.0,
02-03-1926,43,35.0,
02-04-1926,46,39.0,
02-05-1926,44,36.0,
02-06-1926,44,38.0,
02-07-1926,49,38.0,
02-08-1926,49,37.0,
02-09-1926,49,38.0,
02-10-1926,45,35.0,
02-11-1926,39,31.0,
02-12-1926,39,30.0,
02-13-1926,37,29.0,
02-14-1926,40,27.0,
02-15-1926,37,32.0,
02-16-1926,36,33.0,
02-17-1926,42,33.0,
02-18-1926,46,33.0,
02-19-1926,51,37.0,
02-20-1926,43.0,32.0,
02-21-1926,45,3.0,
02-22-1926,43.0,34.0,
02-23-1926,36,29.0,
02-24-1926,46.0,32.0,
02-25-1926,46.0,34.0,
02-26-1926,55,34.0,
02-27-1926,57,38.0,
02-28-1926,52,33.0,
03-01-1926,57.0,35.0,
03-02-1926,60.0,35.0,
03-03-1926,57.0,35.0,
03-04-1926,46.0,34.0,
03-05-1926,44.0,26.0,
03-06-1926,49.0,29.0,
03-07-1926,51.0,29.0,
03-08-1926,47.0,35.0,
03-09-1926,46.0,35.0,
03-10-1926,53.0,32.0,
03-11-1926,54.0,36.0,
03-12-1926,49.0,43.0,
03-13-1926,58.0,42.0,
03-14-1926,62.0,38.0,
03-15-1926,66.0,41.0,
03-16-1926,50.0,41.0,
03-17-1926,41.0,37.0,
03-18-1926,57.0,34.0,
03-19-1926,56.0,33.0,
03-20-1926,50.0,36.0,
03-21-1926,55.0,31.0,
03-22-1926,62.0,37.0,
03-23-1926,53.0,37.0,
03-24-1926,50.0,30.0,
03-25-1926,51.0,30.0,
03-26-1926,48.0,29.0,
03-27-1926,54.0,29.0,
03-28-1926,51.0,30.0,
03-29-1926,47.0,30.0,
03-30-1926,56.0,31.0,
03-31-1926,50.0,35.0,
04-01-1926,42.0,28.0,
04-02-1926,40.0,28.0,
04-03-1926,43.0,32.0,
04-04-1926,52.0,35.0,
04-05-1926,51.0,32.0,
04-06-1926,54.0,28.0,
04-07-1926,65.0,31.0,
04-08-1926,54.0,43.0,
04-09-1926,64.0,39.0,
04-10-1926,71.0,43.0,
04-11-1926,58.0,41.0,
04-12-1926,63.0,45.0,
04-13-1926,71.0,40.0,
04-14-1926,79.0,45.0,
04-15-1926,82.0,49.0,
04-16-1926,72.0,52.0,
04-17-1926,77.0,49.0,
04-18-1926,68.0,50.0,
04-19-1926,62.0,46.0,
04-20-1926,58.0,42.0,
04-21-1926,57.0,39.0,
04-22-1926,53.0,40.0,
04-23-1926,59.0,31.0,
04-24-1926,70.0,38.0,
04-25-1926,77.0,44.0,
04-26-1926,87.0,46.0,
04-27-1926,81.0,48.0,
04-28-1926,82.0,54.0,
04-29-1926,86.0,53.0,
04-30-1926,64.0,48.0,
05-01-1926,65.0,42.0,
05-02-1926,72.0,45.0,
05-03-1926,66.0,47.0,
05-04-1926,56.0,43.0,0.35
05-05-1926,56.0,35.0,0.07
05-06-1926,59.0,36.0,0.19
05-07-1926,59.0,36.0,0.03
05-08-1926,56.0,39.0,
05-09-1926,60.0,33.0,
05-10-1926,70.0,44.0,
05-11-1926,76.0,47.0,
05-12-1926,76.0,52.0,
05-13-1926,80.0,53.0,
05-14-1926,62.0,47.0,
05-15-1926,63.0,40.0,
05-16-1926,64.0,42.0,
05-17-1926,65.0,50.0,0.08
05-18-1926,76.0,52.0,
05-19-1926,70.0,52.0,
05-20-1926,64.0,51.0,
05-21-1926,66.0,48.0,0.01
05-22-1926,66.0,47.0,
05-23-1926,56.0,46.0,0.13
05-24-1926,58.0,38.0,
05-25-1926,65.0,37.0,
05-26-1926,66.0,40.0,
05-27-1926,66.0,45.0,
05-28-1926,66.0,39.0,
05-29-1926,60.0,41.0,
05-30-1926,62.0,39.0,
05-31-1926,66.0,40.0,
06-01-1926,68.0,52.0,
06-02-1926,73.0,43.0,
06-03-1926,83.0,48.0,
06-04-1926,74.0,57.0,
06-05-1926,81.0,49.0,
06-06-1926,88.0,56.0,
06-07-1926,89.0,57.0,
06-08-1926,73.0,64.0,
06-09-1926,70.0,39.0,
06-10-1926,69.0,42.0,
06-11-1926,68.0,46.0,
06-12-1926,71.0,38.0,
06-13-1926,70.0,43.0,
06-14-1926,47.0,45.0,1.38
06-15-1926,63.0,44.0,0.05
06-16-1926,70.0,49.0,
06-17-1926,72.0,50.0,
06-18-1926,62.0,47.0,0.33
06-19-1926,51.0,45.0,0.81
06-20-1926,62.0,46.0,0.16
06-21-1926,71.0,45.0,
06-22-1926,79.0,51.0,
06-23-1926,84.0,57.0,
06-24-1926,88.0,59.0,
06-25-1926,92.0,19.0,
06-26-1926,86.0,68.0,
06-27-1926,82.0,6.0,
06-28-1926,84.0,52.0,
06-29-1926,88.0,55.0,
06-30-1926,81.0,64.0,
07-01-1926,78.0,62.0,
07-02-1926,82.0,54.0,
07-03-1926,88.0,57.0,
07-04-1926,92.0,60.0,
07-05-1926,94.0,66.0,
07-06-1926,93.0,68.0,
07-07-1926,75.0,61.0,
07-08-1926,82.0,54.0,
07-09-1926,90.0,60.0,
07-10-1926,94.0,66.0,
07-11-1926,97.0,67.0,
07-12-1926,95.0,69.0,
07-13-1926,92.0,67.0,
07-14-1926,86.0,65.0,
07-15-1926,80.0,61.0,
07-16-1926,85.0,55,
07-17-1926,81.0,57.0,
07-18-1926,80.0,53.0,
07-19-1926,72.0,50.0,
07-20-1926,75.0,51.0,
07-21-1926,84.0,51.0,
07-22-1926,78.0,55.0,
07-23-1926,85.0,51.0,
07-24-1926,89.0,56.0,
07-25-1926,87.0,56.0,
07-26-1926,79.0,58.0,
07-27-1926,72.0,53.0,
07-28-1926,82.0,45.0,
07-29-1926,87.0,50.0,
07-30-1926,86.0,54.0,
07-31-1926,80.0,48.0,
08-01-1926,83.0,54.0,
08-02-1926,85.0,59.0,
08-03-1926,82.0,58.0,
08-04-1926,78.0,57.0,
08-05-1926,82.0,49.0,
08-06-1926,83.0,51.0,
08-07-1926,82.0,55.0,
08-08-1926,84.0,62.0,
08-09-1926,78.0,56.0,
08-10-1926,80.0,56.0,
08-11-1926,84.0,50.0,
08-12-1926,81.0,53.0,
08-13-1926,85.0,56.0,
08-14-1926,80.0,55.0,
08-15-1926,82.0,52.0,
08-16-1926,71.0,54.0,
08-17-1926,65.0,58.0,0.03
08-18-1926,67.0,55.0,0.42
08-19-1926,70.0,55.0,
08-20-1926,69.0,52.0,
08-21-1926,75.0,47.0,
08-22-1926,78.0,52.0,
08-23-1926,92.0,60.0,
08-24-1926,92.0,65.0,
08-25-1926,94.0,60.0,
08-26-1926,55.0,60.0,0.1
08-27-1926,72.0,46.0,
08-28-1926,82.0,49.0,
08-29-1926,78.0,55.0,
08-30-1926,52.0,50.0,1.56
08-31-1926,64.0,49.0,0.21
09-01-1926,67,54.0,
09-01-1926,67,54.0,
09-02-1926,67,51.0,
09-02-1926,67,51.0,
09-03-1926,74.0,46.0,
09-03-1926,74,46.0,
09-04-1926,76,49.0,
09-04-1926,76,49.0,
09-05-1926,77,52.0,
09-05-1926,77,52.0,
09-06-1926,72,54.0,
09-06-1926,72,54.0,
09-07-1926,55,50.0,0.84
09-07-1926,65,50.0,0.84
09-08-1926,69,50.0,
09-08-1926,69,50.0,
09-09-1926,74,49.0,
09-09-1926,74,49.0,
09-10-1926,63,47.0,
09-10-1926,63,47.0,
09-11-1926,9,43.0,
09-11-1926,69,43.0,
09-12-1926,19,44.0,
09-12-1926,,44.0,
09-13-1926,"L
69",45.0,
09-13-1926,69,45.0,
09-14-1926,,45.0,
09-14-1926,,45.0,
09-15-1926,54,45.0,2.2
09-15-1926,54,45.0,2.2
09-16-1926,56.0,44.0,0.16
09-16-1926,56,44.0,0.16
09-17-1926,52,40.0,0.16
09-17-1926,52,40.0,0.16
09-18-1926,57,38.0,
09-18-1926,57,38.0,
09-19-1926,67.0,37.0,
09-19-1926,67.0,37.0,
09-20-1926,58,38.0,
09-20-1926,58,38.0,
09-21-1926,56,45.0,0.05
09-21-1926,56,45.0,0.05
09-22-1926,"50
50",35.0,1.37
09-22-1926,50,35.0,1.37
09-23-1926,40,25.0,
09-23-1926,40,25.0,
09-24-1926,,21.0,
09-24-1926,,21.0,
09-25-1926,53,28.0,
09-25-1926,53,28.0,
09-26-1926,58,31.0,
09-26-1926,58,31.0,
09-27-1926,,44.0,
09-27-1926,,44.0,
09-28-1926,60,44.0,
09-28-1926,60,44.0,
09-29-1926,54,39.0,
09-29-1926,54,39.0,
09-30-1926,57,40.0,
09-30-1926,57,40.0,
10-01-1926,60.0,41.0,
10-02-1926,52.0,46.0,36
10-03-1926,56.0,42.0,
10-04-1926,62.0,38.0,
10-05-1926,70.0,46.0,
10-06-1926,62.0,44.0,20
10-07-1926,49.0,40.0,
10-08-1926,53.0,37.0,
10-09-1926,62.0,41.0,
10-10-1926,56.0,41.0,0.13
10-11-1926,53.0,41.0,.05
10-12-1926,56.0,38.0,25.0
10-13-1926,57.0,45.0,0.3
10-14-1926,63.0,49.0,
10-15-1926,57.0,46.0,
10-16-1926,65.0,42.0,67.0
10-17-1926,56.0,42.0,
10-18-1926,55.0,40.0,
10-19-1926,59.0,38.0,
10-20-1926,62.0,41.0,
10-21-1926,66.0,40.0,
10-22-1926,29.0,39.0,
10-23-1926,64.0,46.0,
10-24-1926,59.0,48.0,0.02
10-25-1926,62.0,46.0,
10-26-1926,56.0,49.0,89.0
10-27-1926,51.0,39.0,
10-28-1926,51.0,34.0,
10-29-1926,52.0,35.0,
10-30-1926,52.0,32.0,
10-31-1926,55.0,34.0,
11-01-1926,54.0,33,
11-02-1926,54.0,35,
11-03-1926,56.0,34.0,
11-04-1926,58.0,37,
11-05-1926,55.0,44,
11-06-1926,48.0,42.0,
11-07-1926,50.0,35,
11-08-1926,48.0,6.0,
11-09-1926,55.0,,
11-10-1926,60.0,42,
11-11-1926,51.0,39,
11-12-1926,42.0,37.0,
11-13-1926,43.0,,
11-14-1926,46.0,,
11-15-1926,36.0,32.0,
11-16-1926,40.0,31,
11-17-1926,43.0,,
11-18-1926,41.0,29,
11-19-1926,34.0,27,
11-20-1926,33.0,26,
11-21-1926,36.0,26,
11-22-1926,43.0,29,
11-23-1926,49.0,32,
11-24-1926,47.0,35,
11-25-1926,50.0,39,
11-26-1926,47.0,39,
11-27-1926,42.0,28,
11-28-1926,44.0,36.0,
11-29-1926,46.0,43.0,
11-30-1926,47.0,38,
12-01-1926,53.0,42.0,
12-02-1926,54.0,41.0,
12-03-1926,41.0,34.0,
12-04-1926,40.0,31.0,
12-05-1926,40.0,30.0,
12-06-1926,31.0,29.0,
12-07-1926,33.0,30.0,
12-08-1926,31.0,28.0,
12-09-1926,34.0,29.0,
12-10-1926,49.0,32.0,
12-11-1926,47.0,28.0,
12-12-1926,27.0,14.0,
12-13-1926,11.0,1.0,
12-14-1926,10.0,-2.0,
12-15-1926,25.0,8.0,
12-16-1926,31.0,20.0,
12-17-1926,36.0,27.0,
12-18-1926,35.0,25.0,
12-19-1926,35.0,12.0,
12-20-1926,3.0,28.0,
12-21-1926,34.0,28.0,
12-22-1926,22.0,2.0,
12-23-1926,22.0,12.0,
12-24-1926,31.0,19.0,
12-25-1926,26.0,23.0,
12-26-1926,26.0,24.0,
12-27-1926,32.0,22.0,
12-28-1926,34.0,27.0,
12-29-1926,37.0,33.0,
12-30-1926,40.0,34.0,
12-31-1926,43.0,36.0,
01-01-1927,40.0,34,
01-02-1927,43.0,35,25
01-03-1927,41.0,35,4.0
01-04-1927,39.0,32,
01-05-1927,35.0,32,28
01-06-1927,37.0,30,.66
01-07-1927,38.0,30,
01-08-1927,38.0,30,
01-09-1927,38.0,29,
01-10-1927,28.0,24,
01-11-1927,28.0,24,3.0
01-12-1927,29.0,22,
01-13-1927,35.0,29,
01-14-1927,38.0,24,
01-15-1927,37.0,28,7.0
01-16-1927,33.0,25,
01-17-1927,35.0,29,"1,5"
01-18-1927,33.0,21,3.0
01-19-1927,25.0,10,
01-20-1927,10.0,-12,.5
01-21-1927,7.0,-10,
01-22-1927,16.0,0.0,
01-23-1927,25.0,16,
01-24-1927,29.0,20,
01-25-1927,32.0,18,
01-26-1927,35.0,28,
01-27-1927,40.0,31,1.0
01-28-1927,35.0,30,15
01-29-1927,36.0,28,
01-30-1927,35.0,25,
01-31-1927,34.0,26,5.0
02-01-1927,44,33.0,
02-02-1927,45,35.0,
02-03-1927,42,32.0,
02-04-1927,35,27.0,
02-05-1927,36,26.0,
02-06-1927,९,29.0,
02-07-1927,33,27.0,
02-08-1927,34,28.0,
02-09-1927,29,26.0,
02-10-1927,29,26.0,
02-11-1927,35,25.0,
02-12-1927,37,26.0,
02-13-1927,32,25.0,
02-14-1927,44,30.0,
02-15-1927,43,32.0,
02-16-1927,42,36.0,
02-17-1927,39,32.0,
02-18-1927,42,35.0,
02-19-1927,41,32.0,
02-20-1927,50.0,35.0,
02-21-1927,43,35.0,
02-22-1927,39.0,32.0,
02-23-1927,39,31.0,
02-24-1927,45.0,29.0,
02-25-1927,41.0,33.0,
02-26-1927,43,32.0,
02-27-1927,42,29.0,
02-28-1927,42,26.0,
03-01-1927,48.0,24.0,
03-02-1927,41.0,36.0,
03-03-1927,45.0,34.0,
03-04-1927,45.0,32.0,
03-05-1927,42.0,31.0,
03-06-1927,42.0,32.0,
03-07-1927,44.0,30.0,
03-08-1927,35.0,29.0,
03-09-1927,49.0,28.0,
03-10-1927,47.0,30.0,
03-11-1927,45.0,28.0,
03-12-1927,47.0,38.0,
03-13-1927,43.0,35.0,
03-14-1927,48.0,30.0,
03-15-1927,47.0,28.0,
03-16-1927,40.0,29.0,
03-17-1927,40.0,30.0,
03-18-1927,39.0,29.0,
03-19-1927,44.0,31.0,
03-20-1927,51.0,32.0,
03-21-1927,49.0,34.0,
03-22-1927,47.0,31.0,
03-23-1927,51.0,33.0,
03-24-1927,43.0,29.0,
03-25-1927,44.0,28.0,
03-26-1927,49.0,36.0,
03-27-1927,48.0,31.0,
03-28-1927,51.0,34.0,
03-29-1927,53.0,29.0,
03-30-1927,63.0,35.0,
03-31-1927,46.0,32.0,
04-01-1927,50.0,,
04-02-1927,50.0,,0.27
04-03-1927,46.0,,
04-04-1927,48.0,,
04-05-1927,49.0,,
04-06-1927,55.0,,0.19
04-07-1927,49.0,,
04-08-1927,43.0,,0.2
04-09-1927,49.0,,
04-10-1927,52.0,,
04-11-1927,55.0,,
04-12-1927,54.0,,
04-13-1927,59.0,,
04-14-1927,56.0,,
04-15-1927,49.0,,0.06
04-16-1927,50.0,,
04-17-1927,49.0,,
04-18-1927,40.0,,
04-19-1927,36.0,,0.03
04-20-1927,47.0,,
04-21-1927,58.0,,
04-22-1927,56.0,,0.04
04-23-1927,66.0,,
04-24-1927,73.0,,
04-25-1927,74.0,,
04-26-1927,75.0,,
04-27-1927,19.0,,
04-28-1927,60.0,,
04-29-1927,53.0,,
04-30-1927,61.0,,0.52
05-01-1927,47.0,36.0,0.1
05-02-1927,54.0,35.0,0.26
05-03-1927,49.0,38.0,
05-04-1927,48.0,34.0,
05-05-1927,54.0,31.0,
05-06-1927,59.0,29.0,
05-07-1927,55.0,32.0,
05-08-1927,60.0,37.0,
05-09-1927,62.0,37.0,
05-10-1927,62.0,40.0,
05-11-1927,60.0,43.0,
05-12-1927,63.0,48.0,
05-13-1927,69.0,46.0,
05-14-1927,79.0,47.0,
05-15-1927,76.0,52.0,
05-16-1927,23.0,51.0,
05-17-1927,51.0,40.0,0.1
05-18-1927,58.0,33.0,
05-19-1927,46.0,38.0,0.17
05-20-1927,47.0,34.0,
05-21-1927,52.0,40.0,0.17
05-22-1927,54.0,40.0,
05-23-1927,64.0,45.0,0.01
05-24-1927,56.0,45.0,0.02
05-25-1927,51.0,42.0,0.09
05-26-1927,59.0,40.0,
05-27-1927,53.0,41.0,0.19
05-28-1927,47.0,39.0,0.03
05-29-1927,57.0,41.0,
05-30-1927,58.0,45.0,
05-31-1927,63.0,45.0,
06-01-1927,67.0,45.0,0.27
06-02-1927,67.0,51.0,
06-03-1927,67.0,47.0,
06-04-1927,75.0,51.0,
06-05-1927,80.0,56.0,
06-06-1927,84.0,59.0,
06-07-1927,83.0,60.0,
06-08-1927,54.0,53.0,1.0
06-09-1927,65.0,52.0,0.07
06-10-1927,62.0,50.0,
06-11-1927,69.0,50.0,
06-12-1927,74.0,57.0,
06-13-1927,72.0,55.0,
06-14-1927,73.0,50.0,
06-15-1927,74.0,53.0,
06-16-1927,75.0,51.0,0.33
06-17-1927,70.0,50.0,
06-18-1927,70.0,46.0,
06-19-1927,72.0,49.0,
06-20-1927,79.0,55.0,
06-21-1927,83.0,61.0,
06-22-1927,73.0,53.0,
06-23-1927,69.0,49.0,
06-24-1927,73.0,56.0,
06-25-1927,80.0,58.0,
06-26-1927,64.0,47.0,0.23
06-27-1927,65.0,45.0,0.1
06-28-1927,75.0,53.0,
06-29-1927,69.0,45.0,
06-30-1927,68.0,47.0,
07-01-1927,77.0,46.0,
07-02-1927,77.0,54.0,0.17
07-03-1927,68.0,49.0,0.34
07-04-1927,66.0,50.0,
07-05-1927,73.0,51.0,
07-06-1927,88.0,55.0,
07-07-1927,82.0,56.0,
07-08-1927,81.0,54.0,
07-09-1927,71.0,47.0,
07-10-1927,78.0,51.0,
07-11-1927,72.0,54.0,
07-12-1927,73.0,49.0,
07-13-1927,79.0,55.0,
07-14-1927,71.0,49.0,
07-15-1927,76.0,56.0,
07-16-1927,85.0,58,
07-17-1927,88.0,56.0,
07-18-1927,88.0,52.0,
07-19-1927,84.0,55.0,
07-20-1927,85.0,54.0,
07-21-1927,88.0,56.0,
07-22-1927,90.0,62.0,
07-23-1927,94.0,63.0,
07-24-1927,94.0,67.0,
07-25-1927,89.0,64.0,
07-26-1927,89.0,61.0,
07-27-1927,83.0,56.0,
07-28-1927,85.0,56.0,
07-29-1927,88.0,57.0,
07-30-1927,87.0,60.0,
07-31-1927,88.0,60.0,0.02
08-01-1927,85.0,60.0,0.62
08-02-1927,83.0,60.0,0.07
08-03-1927,98.0,56.0,
08-04-1927,88.0,58.0,
08-05-1927,87.0,58.0,
08-06-1927,85.0,57.0,
08-07-1927,85.0,52.0,
08-08-1927,89.0,58.0,
08-09-1927,88.0,56.0,
08-10-1927,85.0,57.0,
08-11-1927,77.0,57.0,0.08
08-12-1927,66.0,50.0,
08-13-1927,73.0,41.0,
08-14-1927,79.0,55.0,
08-15-1927,80.0,54.0,
08-16-1927,86.0,56.0,
08-17-1927,88.0,60.0,
08-18-1927,87.0,58.0,
08-19-1927,97.0,63.0,
08-20-1927,83.0,59.0,
08-21-1927,83.0,52.0,
08-22-1927,87.0,53.0,0.23
08-23-1927,88.0,60.0,
08-24-1927,74.0,55.0,
08-25-1927,72.0,51.0,
08-26-1927,74.0,52.0,
08-27-1927,74.0,54.0,
08-28-1927,69.0,53.0,0.27
08-29-1927,64.0,51.0,0.32
08-30-1927,62.0,47.0,
08-31-1927,58.0,44.0,0.33
09-01-1927,63°,53.0,
09-01-1927,63,53.0,
09-02-1927,74,54.0,0.02
09-02-1927,74,54.0,0.02
09-03-1927,70,53.0,
09-03-1927,70.0,53.0,
09-04-1927,6,54.0,
09-04-1927,6,54.0,
09-05-1927,73,54.0,
09-05-1927,73,54.0,
09-06-1927,54,39.0,0.66
09-06-1927,54,39.0,0.66
09-07-1927,45,39.0,
09-07-1927,45,39.0,
09-08-1927,57,35.0,0.01
09-08-1927,57,35.0,0.01
09-09-1927,19,37.0,
09-09-1927,19,37.0,
09-10-1927,54,48.0,0.76
09-10-1927,54,48.0,0.76
09-11-1927,56,48.0,0.51
09-11-1927,56,48.0,0.51
09-12-1927,44,44.0,0.2
09-12-1927,44,44.0,0.2
09-13-1927,46,41.0,0.9
09-13-1927,"46
46",41.0,0.9
09-14-1927,59,42.0,0.36
09-14-1927,59,42.0,0.36
09-15-1927,,44.0,
09-15-1927,60,44.0,
09-16-1927,66.0,42.0,
09-16-1927,66,42.0,
09-17-1927,67,48.0,
09-17-1927,69,48.0,
09-18-1927,,46.0,
09-18-1927,72,46.0,
09-19-1927,24.0,48.0,
09-19-1927,,48.0,
09-20-1927,,50.0,
09-20-1927,,50.0,
09-21-1927,74,53.0,
09-21-1927,74,53.0,
09-22-1927,69,49.0,
09-22-1927,69,49.0,
09-23-1927,62,51.0,0.08
09-23-1927,62,51.0,0.08
09-24-1927,29,48.0,
09-24-1927,62,48.0,
09-25-1927,68,48.0,
09-25-1927,68,48.0,
09-26-1927,72,51.0,
09-26-1927,72,51.0,
09-27-1927,62,50.0,0.56
09-27-1927,62,50.0,0.56
09-28-1927,56,47.0,0.65
09-28-1927,56,47.0,0.65
09-29-1927,52,43.0,0.08
09-29-1927,52,43.0,0.08
09-30-1927,54,40.0,0.23
09-30-1927,54,40.0,0.23
10-01-1927,55.0,38.0,
10-02-1927,53.0,41.0,
10-03-1927,51.0,41.0,
10-04-1927,49.0,39.0,
10-05-1927,48.0,38.0,
10-06-1927,49.0,35.0,
10-07-1927,55.0,33.0,
10-08-1927,62.0,38.0,
10-09-1927,59.0,42.0,
10-10-1927,51.0,40.0,
10-11-1927,52.0,36.0,
10-12-1927,65.0,46.0,
10-13-1927,67.0,46.0,
10-14-1927,64.0,49.0,
10-15-1927,73.0,52.0,
10-16-1927,75.0,52.0,
10-17-1927,62.0,5.0,
10-18-1927,74.0,50.0,
10-19-1927,73.0,48.0,
10-20-1927,57.0,53.0,
10-21-1927,70.0,49.0,
10-22-1927,63.0,48.0,
10-23-1927,56.0,44.0,
10-24-1927,44.0,42.0,
10-25-1927,51.0,40.0,
10-26-1927,59.0,44.0,
10-27-1927,56.0,47.0,
10-28-1927,58.0,46.0,
10-29-1927,46.0,38.0,
10-30-1927,44.0,32.0,
10-31-1927,41.0,29.0,
11-01-1927,41.0,34,
11-02-1927,41.0,3,
11-03-1927,53.0,36.0,
11-04-1927,53.0,49,
11-05-1927,53.0,48,
11-06-1927,48.0,44.0,
11-07-1927,47.0,39,
11-08-1927,43.0,33.0,
11-09-1927,40.0,34.0,
11-10-1927,39.0,34,
11-11-1927,35.0,30,
11-12-1927,45.0,36.0,
11-13-1927,46.0,34,
11-14-1927,46.0,42,
11-15-1927,45.0,35.0,
11-16-1927,51.0,46,
11-17-1927,56.0,49,
11-18-1927,47.0,41,
11-19-1927,53.0,43,
11-20-1927,44.0,36,
11-21-1927,38.0,54,
11-22-1927,40.0,31,
11-23-1927,44.0,35,
11-24-1927,50.0,"L
35",
11-25-1927,51.0,37,
11-26-1927,40.0,31,
11-27-1927,45.0,33,
11-28-1927,48.0,35.0,
11-29-1927,40.0,32.0,
11-30-1927,38.0,33,
12-01-1927,51.0,37.0,
12-02-1927,52.0,35.0,
12-03-1927,41.0,31.0,
12-04-1927,37.0,31.0,
12-05-1927,44.0,25.0,
12-06-1927,25.0,15.0,
12-07-1927,25.0,15.0,
12-08-1927,37.0,25.0,
12-09-1927,35.0,12.0,
12-10-1927,12.0,2.0,
12-11-1927,32.0,5.0,
12-12-1927,32.0,28.0,
12-13-1927,29.0,10.0,
12-14-1927,18.0,7.0,
12-15-1927,34.0,5.0,
12-16-1927,26.0,9.0,
12-17-1927,29.0,10.0,
12-18-1927,26.0,18.0,
12-19-1927,30.0,25.0,
12-20-1927,29.0,10.0,
12-21-1927,19.0,6.0,
12-22-1927,19.0,5.0,
12-23-1927,27.0,18.0,
12-24-1927,30.0,24.0,
12-25-1927,31.0,22.0,
12-26-1927,33.0,25.0,
12-27-1927,35.0,29.0,
12-28-1927,31.0,26.0,
12-29-1927,27.0,-10.0,
12-30-1927,1.0,-16.0,
12-31-1927,7.0,-10.0,
01-01-1928,7.0,2,
01-02-1928,11.0,7,
01-03-1928,29.0,18,
01-04-1928,35.0,20,
01-05-1928,38.0,34,15
01-06-1928,36.0,31,35
01-07-1928,36.0,3,
01-08-1928,38.0,36,
01-09-1928,42.0,33,
01-10-1928,42.0,35,
01-11-1928,48.0,41,35.0
01-12-1928,42.0,30,70.0
01-13-1928,40.0,30,
01-14-1928,30.0,22,
01-15-1928,25.0,18,
01-16-1928,26.0,22,
01-17-1928,24.0,21,
01-18-1928,24.0,22,
01-19-1928,26.0,17,
01-20-1928,27.0,13,
01-21-1928,34.0,24,
01-22-1928,32.0,25.0,
01-23-1928,27.0,26,
01-24-1928,30.0,24,
01-25-1928,34.0,25,
01-26-1928,36.0,27,
01-27-1928,40.0,34,
01-28-1928,38.0,32,.41
01-29-1928,36.0,33,
01-30-1928,44.0,34,
01-31-1928,41.0,28,
02-01-1928,42,,
02-02-1928,43,,
02-03-1928,44,,
02-04-1928,45,,
02-05-1928,43,,
02-06-1928,42,,
02-07-1928,37,,
02-08-1928,40,,
02-09-1928,44,,
02-10-1928,45,,
02-11-1928,40,,
02-12-1928,34,,
02-13-1928,31,,
02-14-1928,29,,
02-15-1928,32,,
02-16-1928,36,,
02-17-1928,43,,
02-18-1928,44,,
02-19-1928,46,,
02-20-1928,45.0,,
02-21-1928,36,,
02-22-1928,32.0,,
02-23-1928,31,,
02-24-1928,36.0,,
02-25-1928,29.0,,
02-26-1928,46,,
02-27-1928,42,,
02-28-1928,35,,
02-29-1928,40.0,,
03-01-1928,43.0,25.0,
03-02-1928,48.0,25.0,
03-03-1928,50.0,28.0,
03-04-1928,45.0,28.0,
03-05-1928,49.0,38.0,
03-06-1928,54.0,40.0,
03-07-1928,54.0,40.0,
03-08-1928,54.0,41.0,
03-09-1928,44.0,40.0,
03-10-1928,47.0,38.0,
03-11-1928,43.0,34.0,
03-12-1928,42.0,30.0,
03-13-1928,44.0,30.0,
03-14-1928,41.0,28.0,
03-15-1928,43.0,28.0,
03-16-1928,47.0,36.0,
03-17-1928,56.0,34.0,
03-18-1928,61.0,35.0,
03-19-1928,68.0,40.0,
03-20-1928,66.0,46.0,
03-21-1928,69.0,44.0,
03-22-1928,53.0,38.0,
03-23-1928,53.0,38.0,
03-24-1928,44.0,34.0,
03-25-1928,25.0,32.0,
03-26-1928,38.0,33.0,
03-27-1928,75.0,33.0,
03-28-1928,45.0,33.0,
03-29-1928,47.0,35.0,
03-30-1928,47.0,38.0,
03-31-1928,42.0,38.0,
04-01-1928,45.0,33.0,0.12
04-02-1928,40.0,38.0,0.06
04-03-1928,42.0,34.0,
04-04-1928,42.0,31.0,0.15
04-05-1928,44.0,33.0,
04-06-1928,46.0,29.0,
04-07-1928,49.0,28.0,
04-08-1928,54.0,29.0,
04-09-1928,49.0,46.0,
04-10-1928,42.0,34.0,
04-11-1928,43.0,33.0,0.58
04-12-1928,51.0,37.0,
04-13-1928,52.0,35.0,
04-14-1928,53.0,38.0,
04-15-1928,55.0,37.0,
04-16-1928,68.0,40.0,0.07
04-17-1928,52.0,35.0,
04-18-1928,50.0,37.0,
04-19-1928,49.0,34.0,
04-20-1928,47.0,33.0,
04-21-1928,53.0,33.0,
04-22-1928,66.0,46.0,
04-23-1928,74.0,36.0,
04-24-1928,50.0,44.0,
04-25-1928,62.0,42.0,
04-26-1928,76.0,46.0,
04-27-1928,53.0,43.0,
04-28-1928,58.0,38.0,0.21
04-29-1928,31.0,35.0,
04-30-1928,57.0,42.0,0.2
05-01-1928,51.0,35.0,0.26
05-02-1928,51.0,32.0,0.09
05-03-1928,58.0,33.0,
05-04-1928,68.0,44.0,
05-05-1928,81.0,45.0,
05-06-1928,77.0,55.0,
05-07-1928,72.0,50.0,
05-08-1928,74.0,46.0,
05-09-1928,72.0,47.0,
05-10-1928,79.0,43.0,
05-11-1928,74.0,51.0,
05-12-1928,65.0,48.0,
05-13-1928,70.0,42.0,
05-14-1928,73.0,46.0,
05-15-1928,73.0,50.0,
05-16-1928,70.0,52.0,
05-17-1928,72.0,48.0,
05-18-1928,76.0,49.0,
05-19-1928,80.0,51.0,
05-20-1928,85.0,51.0,
05-21-1928,98.0,60.0,
05-22-1928,70.0,58.0,
05-23-1928,81.0,50.0,
05-24-1928,88.0,52.0,
05-25-1928,90.0,62.0,
05-26-1928,85.0,64.0,
05-27-1928,66.0,51.0,0.36
05-28-1928,76.0,44.0,0.03
05-29-1928,58.0,45.0,
05-30-1928,60.0,40.0,
05-31-1928,62.0,37.0,
06-01-1928,65.0,44.0,
06-02-1928,60.0,48.0,0.07
06-03-1928,69.0,45.0,
06-04-1928,69.0,52.0,
06-05-1928,71.0,44.0,
06-06-1928,59.0,42.0,
06-07-1928,61.0,38.0,
06-08-1928,62.0,43.0,0.05
06-09-1928,73.0,45.0,
06-10-1928,69.0,41.0,0.51
06-11-1928,70.0,38.0,0.2
06-12-1928,70.0,49.0,
06-13-1928,71.0,45.0,
06-14-1928,70.0,47.0,
06-15-1928,60.0,46.0,
06-16-1928,62.0,42.0,
06-17-1928,64.0,45.0,
06-18-1928,70.0,51.0,
06-19-1928,76.0,54.0,
06-20-1928,79.0,54.0,
06-21-1928,75.0,54.0,
06-22-1928,79.0,56.0,
06-23-1928,85.0,57.0,
06-24-1928,91.0,63.0,
06-25-1928,88.0,69.0,
06-26-1928,22.0,57.0,
06-27-1928,66.0,52.0,
06-28-1928,65.0,47.0,
06-29-1928,60.0,49.0,0.35
06-30-1928,71.0,46.0,
07-01-1928,,50.0,
07-02-1928,,53.0,
07-03-1928,,53.0,0.02
07-04-1928,,52.0,0.15
07-05-1928,,49.0,0.32
07-06-1928,,50.0,
07-07-1928,,51.0,
07-08-1928,,54.0,
07-09-1928,,58.0,
07-10-1928,,55.0,
07-11-1928,,58.0,
07-12-1928,,62.0,
07-13-1928,,62.0,
07-14-1928,,57.0,
07-15-1928,,52.0,
07-16-1928,,58,
07-17-1928,,58.0,
07-18-1928,,53.0,
07-19-1928,,52.0,
07-20-1928,,52.0,
07-21-1928,,55.0,
07-22-1928,,60.0,
07-23-1928,,63.0,
07-24-1928,,68.0,
07-25-1928,,68.0,
07-26-1928,,71.0,
07-27-1928,,77.0,
07-28-1928,,66.0,
07-29-1928,,68.0,
07-30-1928,,63.0,
07-31-1928,,57.0,
08-01-1928,72.0,52.0,
08-02-1928,77.0,49.0,
08-03-1928,81.0,51.0,
08-04-1928,78.0,56.0,
08-05-1928,76.0,51.0,
08-06-1928,82.0,58.0,
08-07-1928,89.0,59.0,
08-08-1928,91.0,61.0,
08-09-1928,92.0,59.0,
08-10-1928,89.0,58.0,
08-11-1928,78.0,61.0,
08-12-1928,75.0,51.0,
08-13-1928,70.0,54.0,
08-14-1928,74.0,58.0,
08-15-1928,77.0,45.0,
08-16-1928,81.0,50.0,
08-17-1928,92.0,48.0,
08-18-1928,87.0,52.0,
08-19-1928,76.0,54.0,
08-20-1928,82.0,46.0,
08-21-1928,78.0,49.0,
08-22-1928,76.0,53.0,
08-23-1928,82.0,58.0,
08-24-1928,82.0,58.0,
08-25-1928,79.0,52.0,
08-26-1928,67.0,52.0,
08-27-1928,67.0,50.0,0.08
08-28-1928,72.0,44.0,
08-29-1928,78.0,44.0,
08-30-1928,83.0,51.0,
08-31-1928,85.0,62.0,
09-01-1928,8.,57.0,
09-01-1928,88,57.0,
09-02-1928,91,59.0,
09-02-1928,91,59.0,
09-03-1928,700.0,58.0,
09-03-1928,88,58.0,
09-04-1928,83,54.0,
09-04-1928,83,54.0,
09-05-1928,18,55.0,
09-05-1928,82.,55.0,
09-06-1928,,55.0,
09-06-1928,22,55.0,
09-07-1928,"77
21",47.0,0.09
09-07-1928,"77
21",47.0,0.09
09-08-1928,54,43.0,
09-08-1928,54,43.0,
09-09-1928,,42.0,
09-09-1928,,42.0,
09-10-1928,72,45.0,
09-10-1928,72,45.0,
09-11-1928,72,43.0,0.61
09-11-1928,22,43.0,0.61
09-12-1928,55,44.0,0.04
09-12-1928,55,44.0,0.04
09-13-1928,59,41.0,
09-13-1928,9,41.0,
09-14-1928,23,52.0,
09-14-1928,23,52.0,
09-15-1928,,45.0,
09-15-1928,,45.0,
09-16-1928,22,44.0,
09-16-1928,22.0,44.0,
09-17-1928,78,45.0,
09-17-1928,78,45.0,
09-18-1928,,48.0,
09-18-1928,,48.0,
09-19-1928,51.0,40.0,
09-19-1928,51.0,40.0,
09-20-1928,37,36.0,
09-20-1928,,36.0,
09-21-1928,32,44.0,
09-21-1928,,44.0,
09-22-1928,84,51.0,
09-22-1928,84,51.0,
09-23-1928,85,57.0,
09-23-1928,85,57.0,
09-24-1928,35,35.0,
09-24-1928,,35.0,
09-25-1928,,47.0,
09-25-1928,69,47.0,
09-26-1928,,43.0,
09-26-1928,23,43.0,
09-27-1928,J,42.0,
09-27-1928,,42.0,
09-28-1928,32,41.0,
09-28-1928,32,41.0,
09-29-1928,23,48.0,
09-29-1928,23,48.0,
09-30-1928,62,50.0,
09-30-1928,62,50.0,
10-01-1928,61.0,57.0,
10-02-1928,53.0,43.0,04
10-03-1928,52.0,39.0,
10-04-1928,54.0,41.0,21
10-05-1928,57.0,43.0,
10-06-1928,65.0,42.0,34
10-07-1928,58.0,50.0,0.06
10-08-1928,70.0,57.0,
10-09-1928,67.0,43.0,17.0
10-10-1928,45.0,36.0,
10-11-1928,47.0,34.0,
10-12-1928,48.0,28.0,
10-13-1928,51.0,26.0,
10-14-1928,56.0,40.0,
10-15-1928,50.0,46.0,
10-16-1928,63.0,50.0,
10-17-1928,60.0,48.0,
10-18-1928,62.0,41.0,
10-19-1928,59.0,40.0,
10-20-1928,49.0,33.0,
10-21-1928,50.0,29.0,
10-22-1928,63.0,41.0,
10-23-1928,57.0,35.0,
10-24-1928,64.0,43.0,
10-25-1928,58.0,35.0,
10-26-1928,61.0,37.0,
10-27-1928,42.0,40.0,
10-28-1928,58.0,36.0,
10-29-1928,65.0,41.0,
10-30-1928,57.0,36.0,
10-31-1928,49.0,35.0,
11-01-1928,46.0,,
11-02-1928,45.0,,
11-03-1928,49.0,,
11-04-1928,48.0,,
11-05-1928,50.0,,
11-06-1928,46.0,,
11-07-1928,47.0,,
11-08-1928,47.0,,
11-09-1928,47.0,,
11-10-1928,50.0,,
11-11-1928,53.0,,
11-12-1928,48.0,,
11-13-1928,45.0,,
11-14-1928,47.0,,
11-15-1928,44.0,,
11-16-1928,43.0,,
11-17-1928,38.0,,
11-18-1928,38.0,,
11-19-1928,38.0,,
11-20-1928,50.0,,
11-21-1928,57.0,,
11-22-1928,51.0,,
11-23-1928,50.0,,
11-24-1928,42.0,,
11-25-1928,46.0,,
11-26-1928,41.0,,
11-27-1928,37.0,,
11-28-1928,33.0,,
11-29-1928,32.0,,
11-30-1928,36.0,,
12-01-1928,,24.0,
12-02-1928,,28.0,
12-03-1928,,30.0,
12-04-1928,,30.0,
12-05-1928,,30.0,
12-06-1928,,30.0,
12-07-1928,,32.0,
12-08-1928,,32.0,
12-09-1928,,33.0,
12-10-1928,,16.0,
12-11-1928,,2.0,
12-12-1928,,15.0,
12-13-1928,,22.0,
12-14-1928,,22.0,
12-15-1928,,31.0,
12-16-1928,,37.0,
12-17-1928,,37.0,
12-18-1928,,32.0,
12-19-1928,,31.0,
12-20-1928,,30.0,
12-21-1928,,28.0,
12-22-1928,,28.0,
12-23-1928,,25.0,
12-24-1928,,24.0,
12-25-1928,,21.0,
12-26-1928,,21.0,
12-27-1928,,17.0,
12-28-1928,,15.0,
12-29-1928,,26.0,
12-30-1928,,15.0,
12-31-1928,,25.0,
01-01-1929,36.0,29,
01-02-1929,36.0,3,12
01-03-1929,31.0,28,
01-04-1929,29.0,22,
01-05-1929,27.0,19,
01-06-1929,25.0,20,
01-07-1929,27.0,17,
01-08-1929,23.0,19,
01-09-1929,28.0,21,
01-10-1929,31.0,20,
01-11-1929,30.0,17,
01-12-1929,35.0,18,
01-13-1929,32.0,20,
01-14-1929,31.0,23,
01-15-1929,30.0,23,
01-16-1929,22.0,22,
01-17-1929,30.0,22,4
01-18-1929,31.0,13,
01-19-1929,14.0,-4,
01-20-1929,13.0,-10,15
01-21-1929,17.0,3,
01-22-1929,18.0,-5.0,
01-23-1929,8.0,-15,
01-24-1929,19.0,8,15
01-25-1929,31.0,9,Z
01-26-1929,23.0,12,4
01-27-1929,12.0,-3,2
01-28-1929,11.0,-8,45
01-29-1929,11.0,-3,17.0
01-30-1929,14.0,10,
01-31-1929,18.0,7,25.0
02-01-1929,32,9.0,
02-02-1929,21,15.0,
02-03-1929,27,19.0,
02-04-1929,19,16.0,
02-05-1929,18,10.0,
02-06-1929,15,-9.0,
02-07-1929,7,-13.0,
02-08-1929,13,16.0,
02-09-1929,20,-1.0,
02-10-1929,19,-1.0,
02-11-1929,22,14.0,
02-12-1929,23,-10.0,
02-13-1929,23,10.0,
02-14-1929,23,0.0,
02-15-1929,35,12.0,
02-16-1929,31,25.0,
02-17-1929,30,20.0,
02-18-1929,22,1.0,
02-19-1929,35,15.0,
02-20-1929,35.0,30.0,
02-21-1929,36,23.0,
02-22-1929,37.0,25.0,
02-23-1929,36,29.0,
02-24-1929,38.0,29.0,
02-25-1929,36.0,2.0,
02-26-1929,35,24.0,
02-27-1929,38,24.0,
02-28-1929,34,25.0,
03-01-1929,42.0,31.0,
03-02-1929,43.0,35.0,
03-03-1929,48.0,37.0,
03-04-1929,49.0,34.0,
03-05-1929,48.0,32.0,
03-06-1929,43.0,30.0,
03-07-1929,46.0,34.0,
03-08-1929,53.0,31.0,
03-09-1929,56.0,39.0,
03-10-1929,45.0,36.0,
03-11-1929,42.0,29.0,
03-12-1929,42.0,36.0,
03-13-1929,47.0,30.0,
03-14-1929,52.0,30.0,
03-15-1929,55.0,31.0,
03-16-1929,46.0,34.0,
03-17-1929,50.0,32.0,
03-18-1929,53.0,36.0,
03-19-1929,54.0,31.0,
03-20-1929,49.0,37.0,
03-21-1929,44.0,32.0,
03-22-1929,40.0,28.0,
03-23-1929,47.0,31.0,
03-24-1929,43.0,38.0,
03-25-1929,40.0,31.0,
03-26-1929,52.0,35.0,
03-27-1929,62.0,42.0,
03-28-1929,53.0,30.0,
03-29-1929,40.0,25.0,
03-30-1929,39.0,24.0,
03-31-1929,40.0,29.0,
04-01-1929,52.0,26.0,
04-02-1929,58.0,32.0,
04-03-1929,51.0,36.0,
04-04-1929,42.0,33.0,
04-05-1929,33.0,28.0,0.7
04-06-1929,36.0,26.0,
04-07-1929,38.0,28.0,0.15
04-08-1929,41.0,29.0,
04-09-1929,38.0,28.0,0.7
04-10-1929,46.0,26.0,
04-11-1929,40.0,33.0,0.12
04-12-1929,47.0,30.0,
04-13-1929,48.0,33.0,
04-14-1929,47.0,40.0,0.39
04-15-1929,53.0,33.0,
04-16-1929,48.0,40.0,0.02
04-17-1929,50.0,33.0,
04-18-1929,60.0,33.0,
04-19-1929,51.0,40.0,
04-20-1929,54.0,41.0,
04-21-1929,61.0,37.0,
04-22-1929,65.0,37.0,
04-23-1929,52.0,37.0,
04-24-1929,62.0,35.0,
04-25-1929,66.0,34.0,
04-26-1929,68.0,42.0,
04-27-1929,67.0,45.0,
04-28-1929,80.0,45.0,0.18
04-29-1929,48.0,40.0,
04-30-1929,48.0,34.0,
05-01-1929,61.0,34.0,
05-02-1929,60.0,41.0,0.04
05-03-1929,53.0,38.0,
05-04-1929,53.0,34.0,
05-05-1929,51.0,37.0,0.36
05-06-1929,51.0,39.0,
05-07-1929,60.0,36.0,
05-08-1929,58.0,41.0,
05-09-1929,57.0,39.0,0.1
05-10-1929,63.0,36.0,
05-11-1929,72.0,41.0,
05-12-1929,15.0,46.0,
05-13-1929,58.0,48.0,0.14
05-14-1929,63.0,41.0,
05-15-1929,89.0,41.0,
05-16-1929,65.0,44.0,
05-17-1929,66.0,40.0,
05-18-1929,74.0,40.0,
05-19-1929,86.0,49.0,
05-20-1929,80.0,51.0,
05-21-1929,84.0,51.0,
05-22-1929,82.0,53.0,
05-23-1929,82.0,54.0,
05-24-1929,61.0,42.0,
05-25-1929,52.0,38.0,
05-26-1929,62.0,37.0,
05-27-1929,61.0,41.0,
05-28-1929,67.0,45.0,
05-29-1929,68.0,42.0,
05-30-1929,76.0,49.0,
05-31-1929,62.0,45.0,
06-01-1929,45.0,31.0,0.3
06-02-1929,45.0,30.0,
06-03-1929,60.0,30.0,
06-04-1929,66.0,39.0,
06-05-1929,65.0,42.0,
06-06-1929,54.0,42.0,
06-07-1929,65.0,39.0,
06-08-1929,57.0,44.0,
06-09-1929,59.0,37.0,0.35
06-10-1929,57.0,42.0,
06-11-1929,59.0,39.0,
06-12-1929,64.0,38.0,
06-13-1929,63.0,44.0,
06-14-1929,60.0,45.0,0.07
06-15-1929,50.0,39.0,0.53
06-16-1929,44.0,37.0,0.69
06-17-1929,58.0,35.0,0.02
06-18-1929,59.0,44.0,0.02
06-19-1929,60.0,38.0,0.48
06-20-1929,99.0,43.0,
06-21-1929,70.0,49.0,
06-22-1929,72.0,48.0,
06-23-1929,77.0,47.0,
06-24-1929,84.0,53.0,
06-25-1929,75.0,19.0,
06-26-1929,74.0,55.0,
06-27-1929,80.0,53.0,
06-28-1929,82.0,55.0,
06-29-1929,78.0,45.0,
06-30-1929,83.0,47.0,
07-01-1929,87.0,53.0,
07-02-1929,78.0,58.0,
07-03-1929,77.0,48.0,
07-04-1929,77.0,55.0,
07-05-1929,78.0,58.0,
07-06-1929,75.0,56.0,
07-07-1929,78.0,50.0,
07-08-1929,82.0,53.0,
07-09-1929,,54.0,
07-10-1929,,,
07-11-1929,71.0,,
07-12-1929,85.0,49.0,
07-13-1929,90.0,54.0,
07-14-1929,81.0,56.0,
07-15-1929,77.0,58.0,
07-16-1929,83.0,49,
07-17-1929,91.0,53.0,
07-18-1929,78.0,64.0,
07-19-1929,82.0,56.0,
07-20-1929,70.0,51.0,
07-21-1929,81.0,45.0,
07-22-1929,81.0,48.0,
07-23-1929,86.0,55.0,
07-24-1929,80.0,55.0,
07-25-1929,84.0,53.0,
07-26-1929,73.0,55.0,
07-27-1929,79.0,44.0,
07-28-1929,87.0,47.0,
07-29-1929,91.0,57.0,
07-30-1929,98.0,61.0,
07-31-1929,98.0,62.0,
08-01-1929,89.0,70.0,0.01
08-02-1929,92.0,64.0,
08-03-1929,85.0,59.0,
08-04-1929,78.0,56.0,
08-05-1929,84.0,48.0,
08-06-1929,88.0,52.0,
08-07-1929,87.0,55.0,
08-08-1929,84.0,60.0,
08-09-1929,86.0,58.0,
08-10-1929,90.0,59.0,
08-11-1929,93.0,65.0,
08-12-1929,89.0,63.0,
08-13-1929,88.0,56.0,
08-14-1929,82.0,54.0,
08-15-1929,77.0,56.0,
08-16-1929,84.0,59.0,
08-17-1929,97.0,58.0,
08-18-1929,82.0,64.0,
08-19-1929,80.0,48.0,
08-20-1929,78.0,46.0,
08-21-1929,79.0,55.0,
08-22-1929,81.0,58.0,
08-23-1929,76.0,54.0,
08-24-1929,77.0,44.0,
08-25-1929,82.0,51.0,0.08
08-26-1929,84.0,54.0,
08-27-1929,94.0,63.0,
08-28-1929,86.0,68.0,
08-29-1929,94.0,64.0,
08-30-1929,93.0,61.0,0.1
08-31-1929,85.0,64.0,
09-01-1929,70,58.0,
09-01-1929,70,58.0,
09-02-1929,,51.0,
09-02-1929,9.9,51.0,
09-03-1929,99.0,35.0,
09-03-1929,99,35.0,
09-04-1929,65,40.0,
09-04-1929,"65
6.",40.0,
09-05-1929,65,45.0,
09-05-1929,65,45.0,
09-06-1929,99,40.0,
09-06-1929,99,40.0,
09-07-1929,69',37.0,
09-07-1929,69,37.0,
09-08-1929,75,46.0,
09-08-1929,73,46.0,
09-09-1929,70,51.0,
09-09-1929,70,51.0,
09-10-1929,74,46.0,
09-10-1929,74,46.0,
09-11-1929,78,48.0,
09-11-1929,78,48.0,
09-12-1929,18,52.0,
09-12-1929,18,52.0,
09-13-1929,84,53.0,
09-13-1929,84,53.0,
09-14-1929,80,56.0,
09-14-1929,80,56.0,
09-15-1929,74,46.0,
09-15-1929,74,46.0,
09-16-1929,84,52.0,
09-16-1929,84.0,52.0,
09-17-1929,85,59.0,
09-17-1929,85,59.0,
09-18-1929,72,51.0,
09-18-1929,22,51.0,
09-19-1929,72.0,47.0,
09-19-1929,72.0,47.0,
09-20-1929,59,45.0,
09-20-1929,59,45.0,
09-21-1929,50,40.0,
09-21-1929,50,40.0,
09-22-1929,,44.0,0.2
09-22-1929,,44.0,0.2
09-23-1929,48,42.0,0.07
09-23-1929,8,42.0,0.07
09-24-1929,50,38.0,0.03
09-24-1929,50,38.0,0.03
09-25-1929,49,41.0,0.07
09-25-1929,49,41.0,0.07
09-26-1929,50,38.0,
09-26-1929,50,38.0,
09-27-1929,52,40.0,
09-27-1929,52,40.0,
09-28-1929,57,36.0,
09-28-1929,57,36.0,
09-29-1929,19,36.0,
09-29-1929,19,36.0,
09-30-1929,67,38.0,
09-30-1929,67,38.0,
10-01-1929,68.0,43.0,
10-02-1929,66.0,38.0,
10-03-1929,66.0,39.0,
10-04-1929,77.0,54.0,N
10-05-1929,67.0,54.0,6.0
10-06-1929,70.0,50.0,
10-07-1929,55.0,45.0,
10-08-1929,55.0,43.0,
10-09-1929,56.0,32.0,17.0
10-10-1929,60.0,38.0,
10-11-1929,62.0,40.0,
10-12-1929,66.0,46.0,
10-13-1929,72.0,47.0,
10-14-1929,75.0,47.0,
10-15-1929,74.0,47.0,
10-16-1929,77.0,51.0,
10-17-1929,68.0,48.0,0.06
10-18-1929,57.0,38.0,
10-19-1929,59.0,42.0,
10-20-1929,64.0,42.0,
10-21-1929,66.0,44.0,
10-22-1929,66.0,44.0,
10-23-1929,67.0,45.0,
10-24-1929,66.0,41.0,
10-25-1929,64.0,39.0,
10-26-1929,60.0,51.0,
10-27-1929,51.0,38.0,73.0
10-28-1929,48.0,34.0,
10-29-1929,46.0,29.0,
10-30-1929,46.0,29.0,
10-31-1929,46.0,28.0,
11-01-1929,52.0,,
11-02-1929,50.0,,
11-03-1929,49.0,,
11-04-1929,52.0,,
11-05-1929,52.0,,
11-06-1929,41.0,,
11-07-1929,47.0,,
11-08-1929,51.0,,
11-09-1929,50.0,,
11-10-1929,42.0,,
11-11-1929,38.0,,
11-12-1929,43.0,,
11-13-1929,45.0,,
11-14-1929,51.0,,
11-15-1929,54.0,,
11-16-1929,56.0,,
11-17-1929,46.0,,
11-18-1929,41.0,,
11-19-1929,41.0,,
11-20-1929,30.0,,
11-21-1929,31.0,,
11-22-1929,36.0,,
11-23-1929,35.0,,
11-24-1929,41.0,,
11-25-1929,45.0,,
11-26-1929,48.0,,
11-27-1929,52.0,,
11-28-1929,57.0,,
11-29-1929,50.0,,
11-30-1929,46.0,,
12-01-1929,43.0,,
12-02-1929,44.0,,
12-03-1929,47.0,,
12-04-1929,37.0,,
12-05-1929,44.0,,
12-06-1929,44.0,,
12-07-1929,39.0,,
12-08-1929,38.0,,
12-09-1929,48.0,,
12-10-1929,51.0,,
12-11-1929,38.0,,
12-12-1929,34.0,,
12-13-1929,54.0,,
12-14-1929,55.0,,
12-15-1929,45.0,,
12-16-1929,40.0,,
12-17-1929,38.0,,
12-18-1929,32.0,,
12-19-1929,30.0,,
12-20-1929,32.0,,
12-21-1929,35.0,,
12-22-1929,35.0,,
12-23-1929,45.0,,
12-24-1929,44.0,,
12-25-1929,49.0,,
12-26-1929,41.0,,
12-27-1929,40.0,,
12-28-1929,41.0,,
12-29-1929,48.0,,
12-30-1929,47.0,,
12-31-1929,37.0,,
01-01-1930,41.0,29,26.0
01-02-1930,38.0,28,
01-03-1930,44.0,31,
01-04-1930,49.0,37,
01-05-1930,39.0,28,20
01-06-1930,29.0,20,25
01-07-1930,20.0,8,.06
01-08-1930,18.0,3,9.0°
01-09-1930,15.0,8,04
01-10-1930,14.0,1,
01-11-1930,10.0,0,3.0
01-12-1930,9.0,-4,0.04
01-13-1930,,-7,
01-14-1930,16.0,-3,
01-15-1930,18.0,8,10.0
01-16-1930,9.0,-7,47.0
01-17-1930,4.0,-16,
01-18-1930,2.0,-13,
01-19-1930,16.0,-9,
01-20-1930,,-14,
01-21-1930,8.0,-6,
01-22-1930,12.0,-1.0,
01-23-1930,15.0,5,
01-24-1930,15.0,-4,
01-25-1930,23.0,8,
01-26-1930,20.0,8,.04
01-27-1930,21.0,2,.04
01-28-1930,28.0,14,
01-29-1930,30.0,16,40.0
01-30-1930,33.0,18,
01-31-1930,36.0,29,
02-01-1930,46,32.0,
02-02-1930,44,13.0,
02-03-1930,39,28.0,
02-04-1930,47,35.0,
02-05-1930,47,41.0,
02-06-1930,42,31.0,
02-07-1930,48,34.0,
02-08-1930,44,29.0,
02-09-1930,39,27.0,
02-10-1930,44,36.0,
02-11-1930,43,29.0,
02-12-1930,35,30.0,
02-13-1930,34,28.0,
02-14-1930,37,28.0,
02-15-1930,51,34.0,
02-16-1930,51,44.0,
02-17-1930,56,42.0,
02-18-1930,54,50.0,
02-19-1930,57,43.0,
02-20-1930,49.0,40.0,
02-21-1930,46,30.0,
02-22-1930,45.0,33.0,
02-23-1930,39,31.0,
02-24-1930,41.0,30.0,
02-25-1930,40.0,30.0,
02-26-1930,34,29.0,
02-27-1930,37,24.0,
02-28-1930,33,26.0,
03-01-1930,34.0,18.0,
03-02-1930,40.0,20.0,
03-03-1930,42.0,29.0,
03-04-1930,54.0,35.0,
03-05-1930,46.0,34.0,
03-06-1930,41.0,28.0,
03-07-1930,42.0,29.0,
03-08-1930,4.0,31.0,
03-09-1930,45.0,34.0,
03-10-1930,53.0,31.0,
03-11-1930,62.0,35.0,
03-12-1930,56.0,35.0,
03-13-1930,40.0,30.0,
03-14-1930,43.0,29.0,
03-15-1930,42.0,31.0,
03-16-1930,51.0,29.0,
03-17-1930,53.0,29.0,
03-18-1930,58.0,32.0,
03-19-1930,53.0,45.0,
03-20-1930,46.0,31.0,
03-21-1930,48.0,40.0,
03-22-1930,45.0,36.0,
03-23-1930,45.0,32.0,
03-24-1930,48.0,32.0,
03-25-1930,29.0,42.0,
03-26-1930,60.0,35.0,
03-27-1930,88.0,37.0,
03-28-1930,66.0,41.0,
03-29-1930,17.0,43.0,
03-30-1930,54.0,36.0,
03-31-1930,57.0,31.0,
04-01-1930,62.0,33.0,
04-02-1930,63.0,37.0,
04-03-1930,59.0,41.0,
04-04-1930,56.0,34.0,0.15
04-05-1930,62.0,41.0,
04-06-1930,72.0,44.0,
04-07-1930,68.0,49.0,
04-08-1930,62.0,44.0,0.97
04-09-1930,56.0,40.0,
04-10-1930,64.0,33.0,
04-11-1930,71.0,37.0,
04-12-1930,76.0,40.0,
04-13-1930,62.0,48.0,
04-14-1930,58.0,45.0,0.29
04-15-1930,53.0,40.0,0.1
04-16-1930,56.0,37.0,
04-17-1930,62.0,36.0,
04-18-1930,58.0,41.0,
04-19-1930,63.0,44.0,0.05
04-20-1930,70.0,45.0,
04-21-1930,72.0,50.0,
04-22-1930,67.0,50.0,0.13
04-23-1930,74.0,47.0,
04-24-1930,58.0,45.0,0.12
04-25-1930,64.0,39.0,
04-26-1930,60.0,47.0,
04-27-1930,29.0,41.0,0.12
04-28-1930,57.0,39.0,0.15
04-29-1930,56.0,37.0,
04-30-1930,62.0,35.0,
05-01-1930,70.0,42.0,
05-02-1930,62.0,51.0,
05-03-1930,49.0,38.0,1.32
05-04-1930,52.0,36.0,
05-05-1930,62.0,48.0,
05-06-1930,50.0,48.0,
05-07-1930,52.0,32.0,
05-08-1930,59.0,36.0,
05-09-1930,60.0,40.0,
05-10-1930,77.0,44.0,
05-11-1930,44.0,48.0,
05-12-1930,70.0,44.0,
05-13-1930,74.0,46.0,
05-14-1930,69.0,46.0,
05-15-1930,75.0,46.0,
05-16-1930,23.0,50.0,
05-17-1930,62.0,44.0,
05-18-1930,60.0,41.0,
05-19-1930,63.0,50.0,0.02
05-20-1930,54.0,42.0,0.33
05-21-1930,53.0,39.0,0.21
05-22-1930,56.0,38.0,
05-23-1930,71.0,40.0,
05-24-1930,64.0,44.0,
05-25-1930,57.0,37.0,0.05
05-26-1930,69.0,37.0,
05-27-1930,84.0,48.0,
05-28-1930,74.0,55.0,
05-29-1930,62.0,47.0,0.13
05-30-1930,52.0,45.0,0.34
05-31-1930,54.0,41.0,0.21
06-01-1930,77.0,44.0,
06-02-1930,54.0,45.0,0.11
06-03-1930,61.0,41.0,
06-04-1930,62.0,46.0,
06-05-1930,73.0,44.0,
06-06-1930,83.0,52.0,
06-07-1930,66.0,60.0,
06-08-1930,71.0,45.0,
06-09-1930,81.0,48.0,
06-10-1930,50.0,53.0,
06-11-1930,77.0,50.0,
06-12-1930,62.0,45.0,
06-13-1930,62.0,42.0,
06-14-1930,68.0,40.0,
06-15-1930,85.0,46.0,
06-16-1930,63.0,57.0,
06-17-1930,65.0,43.0,
06-18-1930,69.0,44.0,
06-19-1930,73.0,44.0,
06-20-1930,59.0,52.0,0.68
06-21-1930,79.0,49.0,
06-22-1930,71.0,47.0,
06-23-1930,69.0,46.0,0.13
06-24-1930,66.0,48.0,
06-25-1930,73.0,49.0,
06-26-1930,24.0,54.0,
06-27-1930,70.0,54.0,0.02
06-28-1930,64.0,45.0,
06-29-1930,73.0,48.0,
06-30-1930,78.0,51.0,
07-01-1930,76.0,56.0,
07-02-1930,72.0,49.0,
07-03-1930,74.0,57.0,
07-04-1930,81.0,52.0,
07-05-1930,86.0,54.0,
07-06-1930,78.0,58.0,
07-07-1930,82.0,44.0,
07-08-1930,81.0,55.0,
07-09-1930,92.0,65.0,
07-10-1930,78.0,56.0,0.04
07-11-1930,86.0,59.0,
07-12-1930,80.0,67.0,
07-13-1930,94.0,60.0,
07-14-1930,88.0,59.0,
07-15-1930,84.0,59.0,
07-16-1930,77.0,52,
07-17-1930,73.0,47.0,
07-18-1930,75.0,54.0,
07-19-1930,72.0,52.0,
07-20-1930,82.0,55.0,
07-21-1930,86.0,53.0,
07-22-1930,88.0,55.0,
07-23-1930,91.0,57.0,
07-24-1930,93.0,64.0,
07-25-1930,75.0,58.0,
07-26-1930,73.0,53.0,
07-27-1930,81.0,43.0,
07-28-1930,91.0,52.0,
07-29-1930,94.0,61.0,
07-30-1930,88.0,59.0,
07-31-1930,85.0,58.0,
08-01-1930,79.0,59.0,
08-02-1930,75.0,54.0,
08-03-1930,87.0,46.0,
08-04-1930,89.0,57.0,
08-05-1930,91.0,62.0,
08-06-1930,91.0,58.0,
08-07-1930,91.0,64.0,
08-08-1930,91.0,70.0,
08-09-1930,75.0,66.0,
08-10-1930,78.0,64.0,
08-11-1930,90.0,64.0,
08-12-1930,90.0,65.0,
08-13-1930,89.0,60.0,
08-14-1930,87.0,67.0,
08-15-1930,87.0,64.0,
08-16-1930,75.0,58.0,
08-17-1930,78.0,51.0,
08-18-1930,83.0,52.0,0.04
08-19-1930,76.0,55.0,
08-20-1930,74.0,50.0,
08-21-1930,83.0,49.0,
08-22-1930,84.0,58.0,
08-23-1930,82.0,54.0,
08-24-1930,81.0,56.0,
08-25-1930,75.0,54.0,
08-26-1930,25.0,47.0,
08-27-1930,80.0,46.0,
08-28-1930,85.0,49.0,
08-29-1930,85.0,53.0,
08-30-1930,74.0,58.0,
08-31-1930,69.0,51.0,
09-01-1930,78,52.0,
09-01-1930,28,52.0,
09-02-1930,83,54.0,
09-02-1930,83,54.0,
09-03-1930,,44.0,
09-03-1930,87,44.0,
09-04-1930,85,54.0,
09-04-1930,85,54.0,
09-05-1930,83,56.0,0.32
09-05-1930,83,56.0,0.32
09-06-1930,22,57.0,
09-06-1930,,57.0,
09-07-1930,,52.0,0.02
09-07-1930,20,52.0,0.02
09-08-1930,28,51.0,
09-08-1930,28,51.0,
09-09-1930,68,55.0,
09-09-1930,68,55.0,
09-10-1930,,47.0,
09-10-1930,,47.0,
09-11-1930,63,49.0,0.81
09-11-1930,63,49.0,0.81
09-12-1930,58,49.0,0.07
09-12-1930,85,49.0,0.07
09-13-1930,65,48.0,
09-13-1930,65,48.0,
09-14-1930,62,50.0,
09-14-1930,62,50.0,
09-15-1930,22,48.0,
09-15-1930,22,48.0,
09-16-1930,22.0,50.0,
09-16-1930,22,50.0,
09-17-1930,28,47.0,
09-17-1930,28,47.0,
09-18-1930,29,49.0,
09-18-1930,29,49.0,
09-19-1930,22.0,57.0,
09-19-1930,22.0,57.0,
09-20-1930,3,42.0,
09-20-1930,"25
3",42.0,
09-21-1930,25,42.0,
09-21-1930,25,42.0,
09-22-1930,22,45.0,0.02
09-22-1930,>>,45.0,0.02
09-23-1930,,48.0,
09-23-1930,his,48.0,
09-24-1930,55,38.0,
09-24-1930,55,38.0,
09-25-1930,60,45.0,0.02
09-25-1930,,45.0,0.02
09-26-1930,20,46.0,
09-26-1930,20,46.0,
09-27-1930,23,46.0,
09-27-1930,2.3,46.0,
09-28-1930,53,47.0,0.03
09-28-1930,53,47.0,0.03
09-29-1930,5-4,47.0,0.27
09-29-1930,5-4,47.0,0.27
09-30-1930,,49.0,0.61
09-30-1930,,49.0,0.61
10-01-1930,58.0,43.0,
10-02-1930,66.0,42.0,
10-03-1930,66.0,47.0,
10-04-1930,63.0,45.0,
10-05-1930,65.0,44.0,
10-06-1930,59.0,53.0,04
10-07-1930,57.0,52.0,32.0
10-08-1930,49.0,40.0,
10-09-1930,50.0,38.0,
10-10-1930,50.0,34.0,
10-11-1930,52.0,29.0,
10-12-1930,53.0,30.0,
10-13-1930,52.0,32.0,
10-14-1930,47.0,42.0,29.0
10-15-1930,40.0,30.0,
10-16-1930,42.0,28.0,
10-17-1930,43.0,34.0,
10-18-1930,43.0,33.0,
10-19-1930,41.0,37.0,
10-20-1930,45.0,39.0,
10-21-1930,42.0,35.0,
10-22-1930,53.0,36.0,
10-23-1930,59.0,37.0,
10-24-1930,52.0,40.0,3.0
10-25-1930,46.0,38.0,26.0
10-26-1930,53.0,34.0,
10-27-1930,50.0,37.0,
10-28-1930,57.0,32.0,
10-29-1930,56.0,36.0,
10-30-1930,58.0,27.0,
10-31-1930,53.0,34.0,
11-01-1930,57.0,34.0,
11-02-1930,61.0,30.0,
11-03-1930,63.0,34.0,
11-04-1930,63.0,34.0,
11-05-1930,53.0,34.0,
11-06-1930,55.0,31.0,
11-07-1930,60.0,34.0,
11-08-1930,58.0,42.0,
11-09-1930,53.0,41.0,
11-10-1930,55.0,42.0,
11-11-1930,52.0,37.0,
11-12-1930,49.0,38.0,
11-13-1930,52.0,36.0,
11-14-1930,46.0,40.0,
11-15-1930,31.0,40.0,
11-16-1930,37.0,39.0,
11-17-1930,34.0,35.0,
11-18-1930,32.0,32.0,
11-19-1930,28.0,35.0,
11-20-1930,36.0,34.0,
11-21-1930,34.0,36.0,
11-22-1930,33.0,38.0,
11-23-1930,34.0,42.0,
11-24-1930,33.0,36.0,
11-25-1930,27.0,38.0,
11-26-1930,30.0,32.0,
11-27-1930,22.0,32.0,
11-28-1930,27.0,38.0,
11-29-1930,33.0,30.0,
11-30-1930,35.0,30.0,
12-01-1930,34.0,19.0,
12-02-1930,35.0,33.0,
12-03-1930,34.0,32.0,
12-04-1930,36.0,31.0,
12-05-1930,38.0,31.0,
12-06-1930,30.0,22.0,
12-07-1930,32.0,21.0,
12-08-1930,36.0,23.0,
12-09-1930,39.0,19.0,
12-10-1930,35.0,25.0,
12-11-1930,39.0,30.0,
12-12-1930,39.0,30.0,
12-13-1930,35.0,32.0,
12-14-1930,38.0,27.0,
12-15-1930,34.0,27.0,
12-16-1930,35.0,8.0,
12-17-1930,33.0,28.0,
12-18-1930,32.0,25.0,
12-19-1930,32.0,26.0,
12-20-1930,32.0,24.0,
12-21-1930,28.0,18.0,
12-22-1930,28.0,22.0,
12-23-1930,19.0,21.0,
12-24-1930,29.0,20.0,
12-25-1930,28.0,20.0,
12-26-1930,26.0,2.0,
12-27-1930,17.0,26.0,
12-28-1930,17.0,9.0,
12-29-1930,15.0,12.0,
12-30-1930,21.0,6.0,
12-31-1930,31.0,6.0,
01-01-1931,36.0,28,3.0
01-02-1931,36.0,75,
01-03-1931,35.0,30,
01-04-1931,36.0,27,
01-05-1931,34.0,28,
01-06-1931,35.0,28,
01-07-1931,30.0,21,
01-08-1931,29.0,13,
01-09-1931,30.0,18,
01-10-1931,31.0,29,
01-11-1931,46.0,29,
01-12-1931,46.0,29,
01-13-1931,34.0,22,
01-14-1931,37.0,29,09
01-15-1931,35.0,27,15.0
01-16-1931,36.0,31,
01-17-1931,3.0,30,
01-18-1931,29.0,26,10'
01-19-1931,32.0,27,
01-20-1931,31.0,22,
01-21-1931,35.0,25,26
01-22-1931,42.0,31.0,",39"
01-23-1931,42.0,34,27
01-24-1931,40.0,31,
01-25-1931,36.0,18,32
01-26-1931,43.0,35,19
01-27-1931,42.0,35,07
01-28-1931,49.0,36,
01-29-1931,48.0,32,
01-30-1931,48.0,34,
01-31-1931,33.0,23,
02-01-1931,30,24.0,
02-02-1931,28,26.0,
02-03-1931,33,25.0,
02-04-1931,28,25.0,
02-05-1931,34,26.0,
02-06-1931,35,26.0,
02-07-1931,36,23.0,
02-08-1931,38,26.0,
02-09-1931,37,27.0,
02-10-1931,32,29.0,
02-11-1931,38,25.0,
02-12-1931,38,26.0,
02-13-1931,42,26.0,
02-14-1931,47,29.0,
02-15-1931,37,29.0,
02-16-1931,37,28.0,
02-17-1931,38,32.0,
02-18-1931,49,36.0,
02-19-1931,38,32.0,
02-20-1931,39.0,27.0,
02-21-1931,37,27.0,
02-22-1931,42.0,26.0,
02-23-1931,38,31.0,
02-24-1931,42.0,27.0,
02-25-1931,41.0,27.0,
02-26-1931,38,26.0,
02-27-1931,41,31.0,
02-28-1931,43,28.0,
03-01-1931,51.0,34.0,
03-02-1931,54.0,35.0,
03-03-1931,54.0,33.0,
03-04-1931,33.0,24.0,
03-05-1931,35.0,20.0,
03-06-1931,38.0,24.0,
03-07-1931,42.0,22.0,
03-08-1931,45.0,35.0,
03-09-1931,45.0,31.0,
03-10-1931,40.0,34.0,
03-11-1931,42.0,33.0,
03-12-1931,47.0,36.0,
03-13-1931,44.0,31.0,
03-14-1931,56.0,30.0,
03-15-1931,50.0,38.0,
03-16-1931,49.0,32.0,
03-17-1931,49.0,32.0,
03-18-1931,47.0,39.0,
03-19-1931,47.0,38.0,
03-20-1931,54.0,41.0,
03-21-1931,49.0,41.0,
03-22-1931,47.0,31.0,
03-23-1931,47.0,30.0,
03-24-1931,43.0,29.0,
03-25-1931,36.0,25.0,
03-26-1931,32.0,16.0,
03-27-1931,29.0,17.0,
03-28-1931,9.0,29.0,
03-29-1931,42.0,30.0,
03-30-1931,42.0,32.0,
03-31-1931,44.0,37.0,
04-01-1931,41.0,35.0,0.83
04-02-1931,43.0,29.0,
04-03-1931,52.0,31.0,
04-04-1931,58.0,28.0,
04-05-1931,56.0,44.0,0.36
04-06-1931,56.0,45.0,0.22
04-07-1931,50.0,44.0,0.04
04-08-1931,44.0,34.0,
04-09-1931,58.0,32.0,
04-10-1931,75.0,40.0,
04-11-1931,42.0,38.0,
04-12-1931,60.0,30.0,
04-13-1931,48.0,37.0,0.36
04-14-1931,47.0,36.0,
04-15-1931,54.0,32.0,
04-16-1931,66.0,32.0,
04-17-1931,46.0,38.0,
04-18-1931,45.0,28.0,
04-19-1931,49.0,28.0,
04-20-1931,57.0,30.0,0.03
04-21-1931,45.0,35.0,0.1
04-22-1931,48.0,30.0,
04-23-1931,61.0,30.0,
04-24-1931,57.0,33.0,
04-25-1931,61.0,38.0,
04-26-1931,79.0,44.0,
04-27-1931,23.0,45.0,
04-28-1931,67.0,42.0,0.03
04-29-1931,72.0,42.0,
04-30-1931,73.0,47.0,0.01
05-01-1931,77.0,47.0,0.05
05-02-1931,60.0,45.0,0.05
05-03-1931,62.0,43.0,
05-04-1931,62.0,43.0,
05-05-1931,70.0,51.0,
05-06-1931,65.0,34.0,
05-07-1931,51.0,35.0,
05-08-1931,54.0,38.0,
05-09-1931,62.0,40.0,
05-10-1931,71.0,41.0,
05-11-1931,80.0,51.0,
05-12-1931,85.0,54.0,
05-13-1931,88.0,58.0,
05-14-1931,73.0,51.0,
05-15-1931,74.0,52.0,
05-16-1931,54.0,38.0,0.21
05-17-1931,52.0,35.0,0.13
05-18-1931,53.0,32.0,
05-19-1931,54.0,35.0,
05-20-1931,55.0,35.0,
05-21-1931,58.0,50.0,
05-22-1931,62.0,40.0,
05-23-1931,74.0,48.0,
05-24-1931,78.0,52.0,
05-25-1931,20.0,44.0,
05-26-1931,69.0,46.0,
05-27-1931,65.0,35.0,
05-28-1931,70.0,45.0,
05-29-1931,77.0,51.0,
05-30-1931,86.0,59.0,
05-31-1931,81.0,58.0,
06-01-1931,76.0,58.0,
06-02-1931,69.0,57.0,
06-03-1931,68.0,43.0,
06-04-1931,75.0,47.0,
06-05-1931,79.0,49.0,
06-06-1931,85.0,53.0,
06-07-1931,88.0,56.0,
06-08-1931,83.0,64.0,
06-09-1931,83.0,52.0,0.02
06-10-1931,64.0,52.0,
06-11-1931,63.0,48.0,
06-12-1931,67.0,45.0,
06-13-1931,70.0,45.0,
06-14-1931,65.0,57.0,
06-15-1931,75.0,61.0,0.32
06-16-1931,64.0,55.0,0.33
06-17-1931,62.0,47.0,0.36
06-18-1931,56.0,47.0,0.26
06-19-1931,66.0,48.0,
06-20-1931,73.0,47.0,
06-21-1931,75.0,53.0,0.08
06-22-1931,57.0,52.0,0.15
06-23-1931,63.0,45.0,
06-24-1931,69.0,44.0,
06-25-1931,78.0,50.0,
06-26-1931,21.0,62.0,
06-27-1931,65.0,5.0,0.05
06-28-1931,89.0,40.0,
06-29-1931,63.0,47.0,
06-30-1931,65.0,43.0,
07-01-1931,76.0,43.0,
07-02-1931,78.0,45.0,
07-03-1931,72.0,52.0,
07-04-1931,82.0,43.0,
07-05-1931,90.0,61.0,
07-06-1931,80.0,45.0,
07-07-1931,83.0,69.0,
07-08-1931,99.0,53.0,
07-09-1931,95.0,52.0,
07-10-1931,76.0,66.0,
07-11-1931,75.0,54.0,
07-12-1931,84.0,52.0,
07-13-1931,26.0,56.0,
07-14-1931,72.0,54.0,
07-15-1931,75.0,47.0,
07-16-1931,84.0,48,
07-17-1931,90.0,54.0,
07-18-1931,85.0,60.0,
07-19-1931,90.0,50.0,
07-20-1931,102.0,61.0,
07-21-1931,85.0,62.0,
07-22-1931,90.0,53.0,
07-23-1931,88.0,56.0,
07-24-1931,90.0,54.0,
07-25-1931,92.0,52.0,
07-26-1931,89.0,63.0,
07-27-1931,83.0,59.0,
07-28-1931,85.0,49.0,
07-29-1931,85.0,65.0,
07-30-1931,86.0,58.0,
07-31-1931,85.0,52.0,
08-01-1931,89.0,61.0,
08-02-1931,90.0,62.0,
08-03-1931,88.0,64.0,
08-04-1931,79.0,57.0,
08-05-1931,78.0,45.0,
08-06-1931,69.0,48.0,
08-07-1931,23.0,44.0,
08-08-1931,79.0,46.0,
08-09-1931,90.0,53.0,
08-10-1931,86.0,64.0,
08-11-1931,81.0,53.0,
08-12-1931,75.0,54.0,
08-13-1931,76.0,52.0,
08-14-1931,86.0,48.0,
08-15-1931,86.0,53.0,
08-16-1931,91.0,53.0,
08-17-1931,98.0,60.0,
08-18-1931,85.0,70.0,
08-19-1931,80.0,54.0,
08-20-1931,87.0,52.0,
08-21-1931,79.0,58.0,
08-22-1931,86.0,62.0,
08-23-1931,92.0,54.0,
08-24-1931,84.0,63.0,
08-25-1931,82.0,55.0,
08-26-1931,69.0,51.0,
08-27-1931,76.0,49.0,
08-28-1931,84.0,46.0,
08-29-1931,85.0,60.0,
08-30-1931,77.0,61.0,
08-31-1931,77.0,55.0,
09-01-1931,26,55.0,
09-01-1931,26,55.0,
09-02-1931,82,60.0,
09-02-1931,8.,60.0,
09-03-1931,86,61.0,
09-03-1931,86.0,61.0,
09-04-1931,84,64.0,
09-04-1931,84,64.0,
09-05-1931,,63.0,0.01
09-05-1931,,63.0,0.01
09-06-1931,72,57.0,
09-06-1931,22,57.0,
09-07-1931,604,45.0,
09-07-1931,,45.0,
09-08-1931,87,37.0,0.04
09-08-1931,89,37.0,0.04
09-09-1931,65,46.0,0.35
09-09-1931,65,46.0,0.35
09-10-1931,,41.0,
09-10-1931,64,41.0,
09-11-1931,,46.0,0.06
09-11-1931,L2,46.0,0.06
09-12-1931,,50.0,
09-12-1931,,50.0,
09-13-1931,65,50.0,0.62
09-13-1931,65,50.0,0.62
09-14-1931,20,46.0,
09-14-1931,20,46.0,
09-15-1931,29,49.0,
09-15-1931,66,49.0,
09-16-1931,70,43.0,0.18
09-16-1931,,43.0,0.18
09-17-1931,"20
L",48.0,
09-17-1931,20,48.0,
09-18-1931,57,49.0,0.04
09-18-1931,57,49.0,0.04
09-19-1931,56.0,47.0,
09-19-1931,,47.0,
09-20-1931,,49.0,
09-20-1931,,49.0,
09-21-1931,"54
59",39.0,
09-21-1931,"54
52",39.0,
09-22-1931,,36.0,
09-22-1931,,36.0,
09-23-1931,64,39.0,
09-23-1931,64,39.0,
09-24-1931,,40.0,
09-24-1931,,40.0,
09-25-1931,74,45.0,
09-25-1931,24,45.0,
09-26-1931,28,30.0,
09-26-1931,28,30.0,
09-27-1931,68,46.0,
09-27-1931,,46.0,
09-28-1931,,38.0,
09-28-1931,,38.0,
09-29-1931,62,45.0,
09-29-1931,62,45.0,
09-30-1931,21,50.0,
09-30-1931,,50.0,
10-01-1931,78.0,49.0,
10-02-1931,77.0,53.0,
10-03-1931,56.0,41.0,
10-04-1931,60.0,36.0,70°
10-05-1931,56.0,46.0,4.0
10-06-1931,56.0,38.0,
10-07-1931,58.0,42.0,
10-08-1931,60.0,36.0,
10-09-1931,59.0,35.0,
10-10-1931,62.0,33.0,
10-11-1931,63.0,35.0,
10-12-1931,64.0,30.0,
10-13-1931,66.0,33.0,
10-14-1931,68.0,41.0,
10-15-1931,72.0,43.0,
10-16-1931,68.0,49.0,
10-17-1931,58.0,40.0,4.0
10-18-1931,58.0,33.0,
10-19-1931,63.0,40.0,
10-20-1931,50.0,44.0,
10-21-1931,54.0,29.0,
10-22-1931,25.0,42.0,24.0
10-23-1931,48.0,39.0,10
10-24-1931,50.0,36.0,19.0
10-25-1931,53.0,40.0,
10-26-1931,45.0,36.0,
10-27-1931,48.0,34.0,15.0
10-28-1931,47.0,36.0,30
10-29-1931,52.0,39.0,
10-30-1931,57.0,40.0,
10-31-1931,61.0,43.0,
11-01-1931,61.0,44,
11-02-1931,52.0,47,
11-03-1931,56.0,36.0,
11-04-1931,60.0,36.,
11-05-1931,51.0,34,
11-06-1931,55.0,36.0,
11-07-1931,45.0,"44""",
11-08-1931,42.0,,
11-09-1931,41.0,34.0,
11-10-1931,36.0,,
11-11-1931,38.0,,
11-12-1931,40.0,28.0,
11-13-1931,44.0,35,
11-14-1931,41.0,32,
11-15-1931,37.0,38.0,
11-16-1931,36.0,2,
11-17-1931,35.0,,
11-18-1931,35.0,2,
11-19-1931,42.0,30,
11-20-1931,32.0,"26""",
11-21-1931,23.0,,
11-22-1931,21.0,&,
11-23-1931,22.0,,
11-24-1931,28.0,15,
11-25-1931,31.0,27,
11-26-1931,31.0,25,
11-27-1931,28.0,13,
11-28-1931,16.0,,
11-29-1931,21.0,94.0,
11-30-1931,22.0,,
12-01-1931,30.0,9.0,
12-02-1931,37.0,21.0,
12-03-1931,35.0,31.0,
12-04-1931,34.0,26.0,
12-05-1931,36.0,30.0,
12-06-1931,34.0,26.0,
12-07-1931,40.0,32.0,
12-08-1931,36.0,30.0,
12-09-1931,30.0,26.0,
12-10-1931,29.0,23.0,
12-11-1931,25.0,23.0,
12-12-1931,26.0,18.0,
12-13-1931,25.0,13.0,
12-14-1931,23.0,13.0,
12-15-1931,25.0,14.0,
12-16-1931,34.0,20.0,
12-17-1931,37.0,25.0,
12-18-1931,41.0,33.0,
12-19-1931,44.0,34.0,
12-20-1931,40.0,33.0,
12-21-1931,37.0,31.0,
12-22-1931,46.0,28.0,
12-23-1931,42.0,2.0,
12-24-1931,45.0,33.0,
12-25-1931,34.0,22.0,
12-26-1931,40.0,26.0,
12-27-1931,35.0,33.0,
12-28-1931,34.0,20.0,
12-29-1931,30.0,23.0,
12-30-1931,34.0,17.0,
12-31-1931,36.0,20.0,
01-01-1932,32.0,25,
01-02-1932,30.0,27,
01-03-1932,32.0,24,
01-04-1932,32.0,21,
01-05-1932,36.0,27,
01-06-1932,36.0,30,
01-07-1932,38.0,28,
01-08-1932,39.0,32,
01-09-1932,41.0,34,
01-10-1932,47.0,30,
01-11-1932,50.0,33,
01-12-1932,31.0,24,
01-13-1932,18.0,15,
01-14-1932,29.0,16,
01-15-1932,27.0,19,
01-16-1932,30.0,22,
01-17-1932,34.0,15,
01-18-1932,39.0,25,
01-19-1932,35.0,32,
01-20-1932,33.0,29,
01-21-1932,34.0,2,
01-22-1932,31.0,24.0,
01-23-1932,26.0,14,
01-24-1932,31.0,18,
01-25-1932,29.0,21,
01-26-1932,29.0,24,
01-27-1932,29.0,24,
01-28-1932,28.0,20,
01-29-1932,21.0,5,
01-30-1932,24.0,5,
01-31-1932,24.0,16,
02-01-1932,30.0,5.0,
02-01-1932,12,5.0,
02-02-1932,29.0,3.0,
02-02-1932,10,3.0,
02-03-1932,22,2.0,
02-03-1932,31.0,2.0,
02-04-1932,32.0,19.0,
02-04-1932,30,19.0,
02-05-1932,38.0,36.0,
02-05-1932,34,36.0,
02-06-1932,32,30.0,
02-06-1932,22.0,30.0,
02-07-1932,36,30.0,
02-07-1932,18.0,30.0,
02-08-1932,37,30.0,
02-08-1932,18.0,30.0,
02-09-1932,7.0,24.0,
02-09-1932,35,24.0,
02-10-1932,16.0,28.0,
02-10-1932,32,28.0,
02-11-1932,37,28.0,
02-11-1932,18.0,28.0,
02-12-1932,17.0,18.0,
02-12-1932,36,18.0,
02-13-1932,20,11.0,
02-13-1932,20.0,11.0,
02-14-1932,26.0,3.0,
02-14-1932,22,3.0,
02-15-1932,22,7.0,
02-15-1932,26.0,7.0,
02-16-1932,28.0,5.0,
02-16-1932,24,5.0,
02-17-1932,26,9.0,
02-17-1932,30.0,9.0,
02-18-1932,28,12.0,
02-18-1932,32.0,12.0,
02-19-1932,३०,17.0,
02-19-1932,32.0,17.0,
02-20-1932,43.0,23.0,
02-20-1932,41.0,23.0,
02-21-1932,38.0,24.0,
02-21-1932,46,24.0,
02-22-1932,43.0,32.0,
02-22-1932,41.0,32.0,
02-23-1932,35.0,35.0,
02-23-1932,41,35.0,
02-24-1932,35.0,36.0,
02-24-1932,40.0,36.0,
02-25-1932,47.0,36.0,
02-25-1932,39.0,36.0,
02-26-1932,36.0,3.0,
02-26-1932,59,3.0,
02-27-1932,37.0,3.0,
02-27-1932,59,3.0,
02-28-1932,40.0,35.0,
02-28-1932,39,35.0,
02-29-1932,41.0,93.0,
02-29-1932,,93.0,
03-01-1932,38.0,31.0,
03-02-1932,33.0,31.0,
03-03-1932,31.0,22.0,
03-04-1932,41.0,17.0,
03-05-1932,41.0,24.0,
03-06-1932,40.0,30.0,
03-07-1932,48.0,31.0,
03-08-1932,34.0,25.0,
03-09-1932,39.0,22.0,
03-10-1932,40.0,27.0,
03-11-1932,46.0,24.0,
03-12-1932,45.0,25.0,
03-13-1932,45.0,36.0,
03-14-1932,43.0,36.0,
03-15-1932,44.0,34.0,
03-16-1932,49.0,34.0,
03-17-1932,52.0,36.0,
03-18-1932,54.0,40.0,
03-19-1932,50.0,41.0,
03-20-1932,46.0,32.0,
03-21-1932,46.0,34.0,
03-22-1932,46.0,31.0,
03-23-1932,47.0,35.0,
03-24-1932,49.0,43.0,
03-25-1932,40.0,36.0,
03-26-1932,40.0,34.0,
03-27-1932,44.0,36.0,
03-28-1932,45.0,40.0,
03-29-1932,49.0,33.0,
03-30-1932,51.0,39.0,
03-31-1932,62.0,41.0,
04-01-1932,54.0,45.0,
04-02-1932,49.0,41.0,0.14
04-03-1932,49.0,33.0,
04-04-1932,45.0,36.0,0.11
04-05-1932,44.0,34.0,
04-06-1932,53.0,31.0,
04-07-1932,48.0,38.0,
04-08-1932,49.0,35.0,
04-09-1932,57.0,34.0,
04-10-1932,68.0,38.0,
04-11-1932,73.0,45.0,
04-12-1932,70.0,48.0,
04-13-1932,73.0,48.0,
04-14-1932,54.0,42.0,0.07
04-15-1932,65.0,34.0,
04-16-1932,53.0,48.0,
04-17-1932,52.0,38.0,0.25
04-18-1932,52.0,38.0,
04-19-1932,45.0,41.0,
04-20-1932,49.0,32.0,0.02
04-21-1932,49.0,33.0,0.17
04-22-1932,46.0,35.0,
04-23-1932,54.0,36.0,
04-24-1932,63.0,39.0,
04-25-1932,69.0,39.0,
04-26-1932,68.0,44.0,
04-27-1932,63.0,38.0,
04-28-1932,57.0,42.0,0.09
04-29-1932,59.0,42.0,
04-30-1932,65.0,40.0,
05-01-1932,60.0,44.0,0.09
05-02-1932,58.0,43.0,0.03
05-03-1932,57.0,37.0,0.28
05-04-1932,54.0,44.0,0.26
05-05-1932,60.0,40.0,
05-06-1932,65.0,42.0,
05-07-1932,78.0,44.0,
05-08-1932,66.0,44.0,
05-09-1932,75.0,44.0,
05-10-1932,67.0,48.0,
05-11-1932,73.0,40.0,
05-12-1932,77.0,48.0,
05-13-1932,69.0,55.0,
05-14-1932,57.0,41.0,
05-15-1932,64.0,34.0,
05-16-1932,70.0,44.0,
05-17-1932,77.0,50.0,
05-18-1932,70.0,50.0,
05-19-1932,76.0,49.0,0.09
05-20-1932,69.0,52.0,0.47
05-21-1932,47.0,46.0,0.71
05-22-1932,55.0,41.0,
05-23-1932,59.0,42.0,
05-24-1932,53.0,40.0,
05-25-1932,52.0,33.0,
05-26-1932,58.0,35.0,
05-27-1932,65.0,37.0,
05-28-1932,63.0,45.0,
05-29-1932,62.0,48.0,0.03
05-30-1932,62.0,46.0,
05-31-1932,65.0,47.0,
06-01-1932,59.0,47.0,
06-02-1932,62.0,48.0,
06-03-1932,69.0,48.0,
06-04-1932,58.0,40.0,
06-05-1932,71.0,45.0,
06-06-1932,65.0,45.0,
06-07-1932,65.0,45.0,
06-08-1932,72.0,46.0,
06-09-1932,75.0,50.0,
06-10-1932,76.0,50.0,
06-11-1932,80.0,55.0,
06-12-1932,83.0,25.0,
06-13-1932,86.0,56.0,
06-14-1932,83.0,56.0,0.24
06-15-1932,66.0,54.0,
06-16-1932,64.0,44.0,
06-17-1932,64.0,43.0,
06-18-1932,72.0,48.0,
06-19-1932,67.0,51.0,
06-20-1932,78.0,50.0,
06-21-1932,88.0,58.0,
06-22-1932,88.0,65.0,
06-23-1932,85.0,58.0,
06-24-1932,81.0,50.0,
06-25-1932,79.0,56.0,
06-26-1932,79.0,51.0,
06-27-1932,84.0,52.0,
06-28-1932,98.0,57.0,
06-29-1932,88.0,63.0,
06-30-1932,82.0,54.0,
07-01-1932,,56.0,
07-02-1932,,60.0,0.02
07-03-1932,,56.0,0.22
07-04-1932,,45.0,
07-05-1932,,46.0,
07-06-1932,,46.0,
07-07-1932,,50.0,
07-08-1932,,57.0,
07-09-1932,,51.0,
07-10-1932,,56.0,
07-11-1932,,47.0,
07-12-1932,,46.0,
07-13-1932,,55.0,0.0
07-14-1932,,53.0,
07-15-1932,,54.0,
07-16-1932,,57,
07-17-1932,,57.0,
07-18-1932,,54.0,
07-19-1932,,50.0,
07-20-1932,,47.0,
07-21-1932,,57.0,
07-22-1932,,60.0,
07-23-1932,,61.0,
07-24-1932,,61.0,
07-25-1932,,59.0,
07-26-1932,,49.0,
07-27-1932,,53.0,
07-28-1932,,62.0,
07-29-1932,,50.0,
07-30-1932,,51.0,0.03
07-31-1932,,50.0,
08-01-1932,72.0,54.0,
08-02-1932,84.0,52.0,
08-03-1932,90.0,56.0,
08-04-1932,88.0,58.0,
08-05-1932,88.0,55.0,
08-06-1932,88.0,55.0,
08-07-1932,97.0,63.0,
08-08-1932,88.0,63.0,
08-09-1932,68.0,52.0,
08-10-1932,65.0,50.0,
08-11-1932,64.0,50.0,
08-12-1932,70.0,49.0,
08-13-1932,79.0,46.0,
08-14-1932,85.0,48.0,
08-15-1932,90.0,55.0,
08-16-1932,82.0,57.0,
08-17-1932,79.0,59.0,
08-18-1932,81.0,57.0,
08-19-1932,80.0,57.0,
08-20-1932,75.0,50.0,
08-21-1932,80.0,50.0,0.15
08-22-1932,67.0,54.0,
08-23-1932,79.0,45.0,
08-24-1932,85.0,51.0,
08-25-1932,88.0,56.0,
08-26-1932,86.0,56.0,
08-27-1932,86.0,59.0,
08-28-1932,69.0,60.0,
08-29-1932,59.0,45.0,
08-30-1932,59.0,46.0,
08-31-1932,63.0,46.0,
09-01-1932,,50.0,
09-02-1932,,44.0,
09-03-1932,,41.0,
09-04-1932,,49.0,
09-05-1932,,52.0,
09-06-1932,,62.0,
09-07-1932,,52.0,
09-08-1932,,54.0,
09-09-1932,,41.0,
09-10-1932,,46.0,
09-11-1932,,53.0,
09-12-1932,,43.0,
09-13-1932,,44.0,
09-14-1932,,48.0,
09-15-1932,,44.0,
09-16-1932,,48.0,
09-17-1932,,51.0,
09-18-1932,,41.0,0.8
09-19-1932,,43.0,0.09
09-20-1932,,44.0,
09-21-1932,,36.0,
09-22-1932,,42.0,
09-23-1932,,41.0,
09-24-1932,,46.0,
09-25-1932,,43.0,
09-26-1932,,40.0,
09-27-1932,,44.0,
09-28-1932,,50.0,
09-29-1932,,51.0,
09-30-1932,,49.0,
10-01-1932,81.0,48.0,
10-02-1932,77.0,50.0,
10-03-1932,75.0,47.0,
10-04-1932,76.0,47.0,
10-05-1932,80.0,49.0,
10-06-1932,66.0,51.0,
10-07-1932,54.0,36.0,
10-08-1932,55.0,41.0,
10-09-1932,51.0,29.0,
10-10-1932,58.0,36.0,
10-11-1932,68.0,43.0,
10-12-1932,56.0,44.0,
10-13-1932,64.0,50.0,
10-14-1932,59.0,51.0,
10-15-1932,55.0,49.0,
10-16-1932,53.0,43.0,
10-17-1932,53.0,39.0,
10-18-1932,49.0,32.0,
10-19-1932,49.0,33.0,
10-20-1932,57.0,35.0,
10-21-1932,57.0,42.0,
10-22-1932,46.0,45.0,
10-23-1932,44.0,35.0,
10-24-1932,46.0,30.0,
10-25-1932,46.0,35.0,
10-26-1932,54.0,43.0,
10-27-1932,58.0,39.0,
10-28-1932,54.0,29.0,
10-29-1932,47.0,31.0,
10-30-1932,43.0,32.0,
10-31-1932,43.0,33.0,
11-01-1932,48.0,34,
11-02-1932,46.0,"✓
38",
11-03-1932,45.0,37.0,
11-04-1932,46.0,34,
11-05-1932,53.0,36,
11-06-1932,46.0,,
11-07-1932,46.0,"2
38",
11-08-1932,44.0,37.0,
11-09-1932,42.0,35.0,
11-10-1932,42.0,27,
11-11-1932,39.0,29,
11-12-1932,39.0,3.0,
11-13-1932,50.0,"137
V",
11-14-1932,52.0,36,
11-15-1932,43.0,33.0,
11-16-1932,46.0,33,
11-17-1932,50.0,43,
11-18-1932,57.0,41,
11-19-1932,58.0,42,
11-20-1932,61.0,36,
11-21-1932,46.0,37,
11-22-1932,53.0,32,
11-23-1932,44.0,32,
11-24-1932,49.0,33,
11-25-1932,49.0,135,
11-26-1932,48.0,,
11-27-1932,49.0,4-1,
11-28-1932,55.0,40.0,
11-29-1932,49.0,42.0,
11-30-1932,58.0,40,
12-01-1932,45.0,39.0,
12-02-1932,55.0,38.0,
12-03-1932,48.0,35.0,
12-04-1932,50.0,37.0,
12-05-1932,34.0,30.0,
12-06-1932,29.0,25.0,
12-07-1932,15.0,7.0,
12-08-1932,10.0,-4.0,
12-09-1932,6.0,-8.0,
12-10-1932,15.0,-8.0,
12-11-1932,15.0,-5.0,
12-12-1932,14.0,-2.0,
12-13-1932,19.0,2.0,
12-14-1932,20.0,6.0,
12-15-1932,26.0,10.0,
12-16-1932,28.0,14.0,
12-17-1932,28.0,20.0,
12-18-1932,35.0,11.0,
12-19-1932,40.0,25.0,
12-20-1932,38.0,34.0,
12-21-1932,37.0,33.0,
12-22-1932,37.0,23.0,
12-23-1932,37.0,25.0,
12-24-1932,35.0,30.0,
12-25-1932,42.0,30.0,
12-26-1932,42.0,31.0,
12-27-1932,38.0,31.0,
12-28-1932,35.0,27.0,
12-29-1932,40.0,28.0,
12-30-1932,36.0,21.0,
12-31-1932,37.0,23.0,
01-01-1933,33.0,31.0,30°
01-02-1933,35.0,28.0,"76
1.78"
01-03-1933,40.0,2.5,
01-04-1933,44.0,27.0,
01-05-1933,47.0,38.0,14
01-06-1933,43.0,34.0,
01-07-1933,47.0,34.0,.08
01-08-1933,48.0,38.0,.76
01-09-1933,41.0,35.0,"a
05"
01-10-1933,36.0,32.0,
01-11-1933,38.0,30.0,
01-12-1933,40.0,29.0,
01-13-1933,40.0,29.0,
01-14-1933,39.0,31.0,.04
01-15-1933,29.0,21.0,
01-16-1933,21.0,15.0,
01-17-1933,22.0,12.0,
01-18-1933,26.0,12.0,
01-19-1933,24.0,12.0,
01-20-1933,31.0,21.0,
01-21-1933,32.0,21.0,"1.5
15"
01-22-1933,35.0,26.0,
01-23-1933,33.0,29.0,
01-24-1933,37.0,25.0,
01-25-1933,38.0,23.0,".75
075"
01-26-1933,36.0,15.0,
01-27-1933,34.0,21.0,"5.0
50"
01-28-1933,32.0,27.0,.02
01-29-1933,31.0,20.0,"3.0
30"
01-30-1933,31.0,24.0,
01-31-1933,32.0,21.0,"5.0
50"
03-01-1933,44.0,31.0,
03-02-1933,45.0,33.0,
03-03-1933,39.0,33.0,
03-04-1933,38.0,25.0,
03-05-1933,40.0,27.0,
03-06-1933,43.0,34.0,
03-07-1933,42.0,34.0,
03-08-1933,39.0,27.0,
03-09-1933,39.0,23.0,
03-10-1933,42.0,27.0,
03-11-1933,55.0,31.0,
03-12-1933,51.0,38.0,
03-13-1933,42.0,34.0,
03-14-1933,52.0,32.0,
03-15-1933,55.0,33.0,
03-16-1933,45.0,36.0,
03-17-1933,46.0,34.0,
03-18-1933,44.0,31.0,
03-19-1933,51.0,32.0,
03-20-1933,46.0,41.0,
03-21-1933,39.0,26.0,
03-22-1933,40.0,26.0,
03-23-1933,42.0,29.0,
03-24-1933,43.0,29.0,
03-25-1933,53.0,33.0,
03-26-1933,52.0,36.0,
03-27-1933,51.0,38.0,
03-28-1933,49.0,35.0,
03-29-1933,46.0,33.0,
03-30-1933,47.0,35.0,
03-31-1933,45.0,32.0,
04-01-1933,51.0,31.0,
04-02-1933,63.0,35.0,
04-03-1933,52.0,48.0,
04-04-1933,52.0,29.0,
04-05-1933,60.0,32.0,
04-06-1933,54.0,36.0,
04-07-1933,41.0,32.0,0.06
04-08-1933,38.0,27.0,0.02
04-09-1933,38.0,28.0,0.04
04-10-1933,45.0,29.0,
04-11-1933,47.0,31.0,0.13
04-12-1933,48.0,31.0,0.02
04-13-1933,58.0,29.0,
04-14-1933,66.0,37.0,
04-15-1933,54.0,40.0,
04-16-1933,48.0,35.0,0.15
04-17-1933,41.0,33.0,
04-18-1933,54.0,33.0,
04-19-1933,52.0,33.0,
04-20-1933,66.0,39.0,
04-21-1933,68.0,43.0,
04-22-1933,72.0,41.0,
04-23-1933,74.0,43.0,
04-24-1933,76.0,45.0,
04-25-1933,62.0,47.0,
04-26-1933,69.0,42.0,
04-27-1933,74.0,45.0,
04-28-1933,65.0,50.0,
04-29-1933,48.0,44.0,
04-30-1933,46.0,36.0,0.28
05-01-1933,53.0,36.0,
05-02-1933,45.0,38.0,0.06
05-03-1933,59.0,34.0,
05-04-1933,56.0,38.0,0.04
05-05-1933,52.0,36.0,
05-06-1933,56.0,36.0,
05-07-1933,49.0,38.0,0.04
05-08-1933,54.0,33.0,
05-09-1933,55.0,35.0,
05-10-1933,60.0,41.0,
05-11-1933,60.0,35.0,
05-12-1933,67.0,35.0,
05-13-1933,67.0,39.0,
05-14-1933,67.0,38.0,
05-15-1933,57.0,38.0,0.24
05-16-1933,57.0,41.0,0.1
05-17-1933,58.0,40.0,0.01
05-18-1933,56.0,36.0,0.4
05-19-1933,63.0,35.0,
05-20-1933,70.0,42.0,
05-21-1933,51.0,44.0,
05-22-1933,61.0,42.0,
05-23-1933,63.0,43.0,
05-24-1933,71.0,45.0,
05-25-1933,85.0,51.0,
05-26-1933,54.0,40.0,0.05
05-27-1933,64.0,43.0,
05-28-1933,76.0,41.0,
05-29-1933,83.0,49.0,
05-30-1933,67.0,54.0,
05-31-1933,66.0,43.0,
06-01-1933,73.0,43.0,
06-02-1933,83.0,42.0,
06-03-1933,77.0,54.0,
06-04-1933,75.0,55.0,
06-05-1933,69.0,40.0,
06-06-1933,65.0,48.0,
06-07-1933,64.0,46.0,
06-08-1933,56.0,45.0,0.57
06-09-1933,63.0,49.0,0.25
06-10-1933,67.0,41.0,
06-11-1933,79.0,46.0,
06-12-1933,89.0,52.0,
06-13-1933,83.0,61.0,
06-14-1933,94.0,60.0,
06-15-1933,87.0,62.0,
06-16-1933,76.0,57.0,
06-17-1933,69.0,55.0,
06-18-1933,75.0,42.0,
06-19-1933,76.0,45.0,
06-20-1933,81.0,45.0,
06-21-1933,80.0,46.0,
06-22-1933,73.0,50.0,
06-23-1933,79.0,47.0,
06-24-1933,78.0,54.0,
06-25-1933,70.0,52.0,
06-26-1933,77.0,50.0,
06-27-1933,83.0,47.0,
06-28-1933,63.0,55.0,0.06
06-29-1933,64.0,49.0,0.01
06-30-1933,14.0,48.0,
07-01-1933,75.0,48.0,
07-02-1933,81.0,57.0,
07-03-1933,74.0,52.0,0.21
07-04-1933,75.0,50.0,0.01
07-05-1933,82.0,45.0,
07-06-1933,86.0,50.0,
07-07-1933,90.0,53.0,
07-08-1933,74.0,57.0,
07-09-1933,86.0,54.0,
07-10-1933,77.0,51.0,0.08
07-11-1933,98.0,53.0,
07-12-1933,88.0,59.0,
07-13-1933,90.0,55.0,
07-14-1933,90.0,51.0,
07-15-1933,94.0,61.0,
07-16-1933,89.0,65.0,
07-17-1933,84.0,57.0,
07-18-1933,98.0,52.0,
07-19-1933,79.0,57.0,
07-20-1933,82.0,49.0,
07-21-1933,79.0,49.0,
07-22-1933,86.0,49.0,
07-23-1933,94.0,54.0,
07-24-1933,99.5,65.0,
07-25-1933,95.0,65.0,
07-26-1933,95.0,56.0,
07-27-1933,85.0,62.0,
07-28-1933,81.0,53.0,
07-29-1933,79.0,57.0,
07-30-1933,78.0,45.0,
07-31-1933,85.0,42.0,
08-01-1933,88.0,47.0,
08-02-1933,97.0,53.0,
08-03-1933,77.0,60.0,0.14
08-04-1933,64.0,52.0,0.09
08-05-1933,99.0,45.0,0.3
08-06-1933,78.0,46.0,
08-07-1933,88.0,54.0,
08-08-1933,92.0,59.0,
08-09-1933,97.0,61.0,
08-10-1933,94.0,52.0,
08-11-1933,94.0,60.0,
08-12-1933,93.0,56.0,
08-13-1933,95.0,58.0,
08-14-1933,94.0,62.0,
08-15-1933,95.0,56.0,
08-16-1933,97.0,62.0,
08-17-1933,94.0,68.0,
08-18-1933,84.0,68.0,
08-19-1933,77.0,62.0,
08-20-1933,63.0,50.0,0.07
08-21-1933,77.0,44.0,
08-22-1933,84.0,50.0,
08-23-1933,89.0,57.0,
08-24-1933,74.0,52.0,
08-25-1933,77.0,58.0,
08-26-1933,84.0,50.0,
08-27-1933,87.0,57.0,
08-28-1933,90.0,62.0,
08-29-1933,73.0,51.0,
08-30-1933,62.0,49.0,
08-31-1933,72.0,45.0,
09-01-1933,,44.0,
09-02-1933,,44.0,
09-03-1933,,47.0,
09-04-1933,,49.0,
09-05-1933,,49.0,
09-06-1933,,47.0,
09-07-1933,,47.0,0.06
09-08-1933,,42.0,0.02
09-09-1933,,48.0,0.17
09-10-1933,,44.0,
09-11-1933,,44.0,
09-12-1933,,45.0,
09-13-1933,,53.0,
09-14-1933,,53.0,0.1
09-15-1933,,46.0,
09-16-1933,,49.0,
09-17-1933,,46.0,
09-18-1933,,46.0,0.16
09-19-1933,,43.0,
09-20-1933,,48.0,
09-21-1933,,47.0,0.5
09-22-1933,,42.0,
09-23-1933,,39.0,0.48
09-24-1933,,34.0,
09-25-1933,,33.0,
09-26-1933,,36.0,0.04
09-27-1933,,41.0,
09-28-1933,,46.0,0.02
09-29-1933,,44.0,
09-30-1933,,34.0,
10-01-1933,67.0,38.0,
10-02-1933,74.0,44.0,
10-03-1933,80.0,47.0,
10-04-1933,77.0,49.0,
10-05-1933,76.0,47.0,
10-06-1933,82.0,51.0,
10-07-1933,81.0,45.0,
10-08-1933,73.0,47.0,
10-09-1933,66.0,42.0,
10-10-1933,70.0,40.0,
10-11-1933,70.0,40.0,
10-12-1933,69.0,47.0,
10-13-1933,71.0,47.0,
10-14-1933,57.0,47.0,
10-15-1933,56.0,34.0,
10-16-1933,61.0,42.0,trace
10-17-1933,59.0,45.0,
10-18-1933,19.0,45.0,37.0
10-19-1933,50.0,48.0,0.84
10-20-1933,45.0,34.0,trac
10-21-1933,43.0,30.0,
10-22-1933,59.0,33.0,40
10-23-1933,68.0,38.0,
10-24-1933,71.0,48.0,
10-25-1933,62.0,53.0,
10-26-1933,62.0,41.0,
10-27-1933,56.0,45.0,.06
10-28-1933,53.0,47.0,39
10-29-1933,55.0,43.0,99.
10-30-1933,53.0,43.0,23
10-31-1933,48.0,35.0,.48
11-01-1933,52.0,33.0,
11-01-1933,24.0,33.0,
11-02-1933,24.0,36.0,
11-02-1933,58.0,36.0,
11-03-1933,48.0,38.0,
11-03-1933,28.0,38.0,
11-04-1933,34.0,29.0,
11-04-1933,44.0,29.0,
11-05-1933,38.0,28.0,
11-05-1933,44.0,28.0,
11-06-1933,49.0,30.0,
11-06-1933,42.0,30.0,
11-07-1933,45.0,29.0,
11-07-1933,52.0,29.0,
11-08-1933,52.0,32.0,
11-08-1933,48.0,32.0,
11-09-1933,32.0,36.0,
11-09-1933,58.0,36.0,
11-10-1933,64.0,35.0,
11-10-1933,40.0,35.0,
11-11-1933,56.0,37.0,
11-11-1933,45.0,37.0,
11-12-1933,55.0,32.0,
11-12-1933,44.0,32.0,
11-13-1933,49.0,27.0,
11-13-1933,50.0,27.0,
11-14-1933,39.0,29.0,
11-14-1933,41.0,29.0,
11-15-1933,35.0,31.0,
11-15-1933,42.0,31.0,
11-16-1933,39.0,31.0,
11-16-1933,46.0,31.0,
11-17-1933,48.0,32.0,
11-17-1933,44.0,32.0,
11-18-1933,31.0,35.0,
11-18-1933,55.0,35.0,
11-19-1933,36.0,27.0,
11-19-1933,48.0,27.0,
11-20-1933,47.0,30.0,
11-20-1933,35.0,30.0,
11-21-1933,40.0,36.0,
11-21-1933,52.0,36.0,
11-22-1933,62.0,42.0,
11-22-1933,35.0,42.0,
11-23-1933,63.0,44.0,
11-23-1933,46.0,44.0,
11-24-1933,60.0,44.0,
11-24-1933,38.0,44.0,
11-25-1933,43.0,34.0,
11-25-1933,52.0,34.0,
11-26-1933,44.0,39.0,
11-26-1933,61.0,39.0,
11-27-1933,43.0,40.0,
11-27-1933,47.0,40.0,
11-28-1933,35.0,29.0,
11-28-1933,47.0,29.0,
11-29-1933,36.0,25.0,
11-29-1933,47.0,25.0,
11-30-1933,47.0,27.0,
11-30-1933,38.0,27.0,
12-01-1933,43.0,30.0,
12-02-1933,45.0,32.0,
12-03-1933,39.0,34.0,
12-04-1933,38.0,31.0,
12-05-1933,45.0,31.0,
12-06-1933,49.0,32.0,
12-07-1933,42.0,35.0,
12-08-1933,46.0,35.0,
12-09-1933,50.0,33.0,
12-10-1933,52.0,43.0,
12-11-1933,52.0,45.0,
12-12-1933,52.0,43.0,
12-13-1933,46.0,39.0,
12-14-1933,39.0,34.0,
12-15-1933,35.0,31.0,
12-16-1933,31.0,27.0,
12-17-1933,51.0,22.0,
12-18-1933,46.0,28.0,
12-19-1933,49.0,39.0,
12-20-1933,54.0,35.0,
12-21-1933,68.0,42.0,
12-22-1933,79.0,48.0,
12-23-1933,41.0,35.0,
12-24-1933,34.0,27.0,
12-25-1933,29.0,24.0,
12-26-1933,31.0,22.0,
12-27-1933,34.0,21.0,
12-28-1933,48.0,24.0,
12-29-1933,53.0,28.0,
12-30-1933,54.0,42.0,
12-31-1933,49.0,36.0,
01-01-1934,48.0,37.0,
01-02-1934,50.0,37.0,
01-03-1934,48.0,42.0,
01-04-1934,47.0,35.0,22
01-05-1934,44.0,36.0,
01-06-1934,40.0,29.0,
01-07-1934,39.0,30.0,
01-08-1934,43.0,30.0,
01-09-1934,40.0,31.0,
01-10-1934,42.0,35.0,.04
01-11-1934,40.0,32.0,
01-12-1934,42.0,29.0,04
01-13-1934,48.0,30.0,17
01-14-1934,40.0,31.0,
01-15-1934,41.0,29.0,
01-16-1934,44.0,30.0,.07
01-17-1934,44.0,39.0,35
01-18-1934,46.0,33.0,
01-19-1934,51.0,34.0,
01-20-1934,49.0,35.0,
01-21-1934,50.0,34.0,6
01-22-1934,52.0,39.0,59
01-23-1934,45.0,40.0,53
01-24-1934,37.0,28.0,02
01-25-1934,40.0,28.0,
01-26-1934,53.0,34.0,05
01-27-1934,53.0,34.0,
01-28-1934,51.0,33.0,
01-29-1934,50.0,34.0,
01-30-1934,48.0,37.0,.04
01-31-1934,48.0,38.0,
02-01-1934,37.0,35.0,
02-01-1934,55.0,38.0,
02-01-1934,37.0,38.0,
02-01-1934,55.0,35.0,
02-02-1934,58.0,32.0,
02-02-1934,34.0,42.0,
02-02-1934,58.0,42.0,
02-02-1934,34.0,32.0,
02-03-1934,52.0,33.0,
02-03-1934,36.0,31.0,
02-03-1934,52.0,31.0,
02-03-1934,36.0,33.0,
02-04-1934,40.0,31.0,
02-04-1934,51.0,3.0,
02-04-1934,40.0,3.0,
02-04-1934,51.0,31.0,
02-05-1934,34.0,36.0,
02-05-1934,44.0,35.0,
02-05-1934,34.0,35.0,
02-05-1934,44.0,36.0,
02-06-1934,31.0,34.0,
02-06-1934,31.0,36.0,
02-06-1934,53.0,36.0,
02-06-1934,53.0,34.0,
02-07-1934,26.0,39.0,
02-07-1934,53.0,39.0,
02-07-1934,26.0,39.0,
02-07-1934,53.0,39.0,
02-08-1934,19.0,30.0,
02-08-1934,19.0,38.0,
02-08-1934,46.0,38.0,
02-08-1934,46.0,30.0,
02-09-1934,36.0,32.0,
02-09-1934,36.0,27.0,
02-09-1934,46.0,32.0,
02-09-1934,46.0,27.0,
02-10-1934,34.0,26.0,
02-10-1934,47.0,30.0,
02-10-1934,47.0,26.0,
02-10-1934,34.0,30.0,
02-11-1934,39.0,38.0,
02-11-1934,51.0,33.0,
02-11-1934,51.0,38.0,
02-11-1934,39.0,33.0,
02-12-1934,34.0,34.0,
02-12-1934,56.0,34.0,
02-12-1934,56.0,46.0,
02-12-1934,34.0,46.0,
02-13-1934,55.0,41.0,
02-13-1934,55.0,33.0,
02-13-1934,36.0,41.0,
02-13-1934,36.0,33.0,
02-14-1934,56.0,33.0,
02-14-1934,30.0,30.0,
02-14-1934,30.0,33.0,
02-14-1934,56.0,30.0,
02-15-1934,59.0,32.0,
02-15-1934,59.0,35.0,
02-15-1934,34.0,32.0,
02-15-1934,34.0,35.0,
02-16-1934,38.0,34.0,
02-16-1934,38.0,35.0,
02-16-1934,48.0,34.0,
02-16-1934,48.0,35.0,
02-17-1934,38.0,38.0,
02-17-1934,38.0,36.0,
02-17-1934,54.0,38.0,
02-17-1934,54.0,36.0,
02-18-1934,57.0,33.0,
02-18-1934,57.0,38.0,
02-18-1934,29.0,38.0,
02-18-1934,29.0,33.0,
02-19-1934,57.0,38.0,
02-19-1934,28.0,38.0,
02-19-1934,28.0,31.0,
02-19-1934,57.0,31.0,
02-20-1934,36.0,30.0,
02-20-1934,46.0,30.0,
02-20-1934,36.0,38.0,
02-20-1934,46.0,38.0,
02-21-1934,45.0,34.0,
02-21-1934,41.0,34.0,
02-21-1934,41.0,34.0,
02-21-1934,45.0,34.0,
02-22-1934,49.0,31.0,
02-22-1934,49.0,28.0,
02-22-1934,40.0,28.0,
02-22-1934,40.0,31.0,
02-23-1934,53.0,32.0,
02-23-1934,53.0,30.0,
02-23-1934,44.0,32.0,
02-23-1934,44.0,30.0,
02-24-1934,45.0,32.0,
02-24-1934,45.0,30.0,
02-24-1934,45.0,30.0,
02-24-1934,45.0,32.0,
02-25-1934,41.0,31.0,
02-25-1934,44.0,31.0,
02-25-1934,44.0,31.0,
02-25-1934,41.0,31.0,
02-26-1934,39.0,30.0,
02-26-1934,39.0,34.0,
02-26-1934,42.0,30.0,
02-26-1934,42.0,34.0,
02-27-1934,51.0,34.0,
02-27-1934,51.0,34.0,
02-27-1934,38.0,34.0,
02-27-1934,38.0,34.0,
02-28-1934,48.0,40.0,
02-28-1934,42.0,32.0,
02-28-1934,48.0,32.0,
02-28-1934,42.0,40.0,
03-01-1934,53.0,38.0,
03-02-1934,55.0,40.0,
03-03-1934,53.0,36.0,
03-04-1934,47.0,35.0,
03-05-1934,51.0,35.0,
03-06-1934,45.0,37.0,
03-07-1934,50.0,32.0,
03-08-1934,53.0,33.0,
03-09-1934,56.0,34.0,
03-10-1934,63.0,35.0,
03-11-1934,63.0,38.0,
03-12-1934,67.0,39.0,
03-13-1934,66.0,42.0,
03-14-1934,65.0,42.0,
03-15-1934,63.0,43.0,
03-16-1934,55.0,37.0,
03-17-1934,58.0,31.0,
03-18-1934,67.0,38.0,
03-19-1934,65.0,38.0,
03-20-1934,62.0,46.0,
03-21-1934,61.0,42.0,
03-22-1934,55.0,34.0,
03-23-1934,55.0,30.0,
03-24-1934,60.0,30.0,
03-25-1934,59.0,35.0,
03-26-1934,59.0,34.0,
03-27-1934,61.0,42.0,
03-28-1934,62.0,46.0,
03-29-1934,61.0,46.0,
03-30-1934,59.0,46.0,
03-31-1934,52.0,38.0,
04-01-1934,46.0,33.0,0.18
04-02-1934,52.0,31.0,0.02
04-03-1934,57.0,32.0,
04-04-1934,62.0,34.0,
04-05-1934,67.0,38.0,
04-06-1934,70.0,42.0,
04-07-1934,74.0,44.0,
04-08-1934,63.0,50.0,
04-09-1934,60.0,44.0,0.03
04-10-1934,66.0,46.0,
04-11-1934,73.0,44.0,
04-12-1934,77.0,48.0,
04-13-1934,71.0,53.0,
04-14-1934,65.0,41.0,
04-15-1934,62.0,33.0,
04-16-1934,62.0,44.0,0.25
04-17-1934,65.0,40.0,
04-18-1934,76.0,44.0,
04-19-1934,82.0,47.0,
04-20-1934,83.0,51.0,
04-21-1934,84.0,48.0,
04-22-1934,85.0,51.0,
04-23-1934,73.0,55.0,0.03
04-24-1934,59.0,50.0,0.13
04-25-1934,56.0,43.0,
04-26-1934,73.0,42.0,
04-27-1934,68.0,47.0,0.22
04-28-1934,65.0,45.0,
04-29-1934,61.0,44.0,
04-30-1934,59.0,44.0,0.22
05-01-1934,62.0,41.0,0.2
05-02-1934,63.0,39.0,0.04
05-03-1934,64.0,42.0,
05-04-1934,75.0,45.0,
05-05-1934,63.0,50.0,
05-06-1934,70.0,47.0,0.09
05-07-1934,72.0,50.0,
05-08-1934,54.0,45.0,0.7
05-09-1934,62.0,37.0,0.03
05-10-1934,74.0,44.0,0.01
05-11-1934,66.0,51.0,0.08
05-12-1934,65.0,41.0,
05-13-1934,75.0,42.0,
05-14-1934,85.0,50.0,
05-15-1934,79.0,56.0,
05-16-1934,67.0,50.0,
05-17-1934,65.0,45.0,
05-18-1934,67.0,42.0,
05-19-1934,67.0,43.0,
05-20-1934,63.0,40.0,
05-21-1934,73.0,36.0,
05-22-1934,84.0,45.0,
05-23-1934,87.0,47.0,
05-24-1934,87.0,58.0,
05-25-1934,74.0,55.0,
05-26-1934,82.0,52.0,
05-27-1934,90.0,56.0,
05-28-1934,93.0,60.0,0.32
05-29-1934,81.0,58.0,0.02
05-30-1934,61.0,47.0,
05-31-1934,64.0,41.0,
06-01-1934,54.0,40.0,0.02
06-02-1934,68.0,40.0,0.02
06-03-1934,65.0,45.0,
06-04-1934,61.0,49.0,0.7
06-05-1934,77.0,44.0,0.01
06-06-1934,64.0,55.0,0.15
06-07-1934,61.0,53.0,0.12
06-08-1934,70.0,53.0,
06-09-1934,78.0,51.0,
06-10-1934,85.0,56.0,
06-11-1934,90.0,59.0,
06-12-1934,83.0,65.0,
06-13-1934,82.0,57.0,
06-14-1934,80.0,55.0,
06-15-1934,73.0,55.0,
06-16-1934,75.0,49.0,
06-17-1934,84.0,49.0,
06-18-1934,69.0,56.0,
06-19-1934,72.0,47.0,
06-20-1934,76.0,45.0,
06-21-1934,74.0,53.0,
06-22-1934,65.0,50.0,
06-23-1934,67.0,46.0,
06-24-1934,74.0,51.0,
06-25-1934,78.0,58.0,
06-26-1934,57.0,52.0,1.63
06-27-1934,71.0,45.0,
06-28-1934,71.0,54.0,0.03
06-29-1934,74.0,50.0,
06-30-1934,82.0,51.0,
07-01-1934,85.0,55.0,
07-02-1934,77.0,46.0,
07-03-1934,76.0,46.0,
07-04-1934,81.0,44.0,
07-05-1934,85.0,60.0,
07-06-1934,86.0,57.0,
07-07-1934,67.0,52.0,
07-08-1934,75.0,55.0,
07-09-1934,80.0,55.0,
07-10-1934,76.0,57.0,
07-11-1934,80.0,48.0,
07-12-1934,79.0,54.0,
07-13-1934,79.0,54.0,
07-14-1934,83.0,55.0,
07-15-1934,84.0,57.0,
07-16-1934,77.0,62.0,
07-17-1934,76.0,61.0,
07-18-1934,81.0,48.0,
07-19-1934,85.0,54.0,
07-20-1934,56.0,53.0,0.11
07-21-1934,63.0,46.0,0.07
07-22-1934,72.0,44.0,
07-23-1934,83.0,45.0,
07-24-1934,93.0,55.0,
07-25-1934,93.0,63.0,0.01
07-26-1934,97.0,65.0,
07-27-1934,102.0,66.0,
07-28-1934,97.0,63.0,
07-29-1934,88.0,63.0,
07-30-1934,83.0,58.0,
07-31-1934,77.0,56.0,
08-01-1934,86.0,54.0,
08-02-1934,85.0,54.0,
08-03-1934,63.0,55.0,0.031
08-04-1934,77.0,45.0,
08-05-1934,83.0,49.0,
08-06-1934,75.0,51.0,
08-07-1934,74.0,52.0,
08-08-1934,85.0,46.0,
08-09-1934,86.0,51.0,
08-10-1934,86.0,50.0,
08-11-1934,78.0,51.0,
08-12-1934,77.0,49.0,
08-13-1934,84.0,50.0,
08-14-1934,87.0,51.0,
08-15-1934,91.0,56.0,
08-16-1934,91.0,59.0,
08-17-1934,77.0,60.0,
08-18-1934,77.0,50.0,
08-19-1934,84.0,52.0,
08-20-1934,83.0,59.0,
08-21-1934,82.0,50.0,
08-22-1934,79.0,51.0,
08-23-1934,83.0,53.0,
08-24-1934,85.0,53.0,
08-25-1934,85.0,55.0,
08-26-1934,89.0,55.0,
08-27-1934,89.0,60.0,
08-28-1934,89.0,61.0,
08-29-1934,81.0,68.0,
08-30-1934,83.0,60.0,
08-31-1934,78.0,52.0,
09-01-1934,,57.0,
09-02-1934,,42.0,
09-03-1934,,57.0,
09-04-1934,,57.0,
09-05-1934,,55.0,
09-06-1934,,51.0,
09-07-1934,,58.0,
09-08-1934,,51.0,
09-09-1934,,44.0,0.45
09-10-1934,,53.0,
09-11-1934,,44.0,
09-12-1934,,48.0,0.01
09-13-1934,,45.0,
09-14-1934,,40.0,
09-15-1934,,44.0,
09-16-1934,,50.0,
09-17-1934,,50.0,
09-18-1934,,54.0,
09-19-1934,,42.0,
09-20-1934,,33.0,
09-21-1934,,45.0,0.17
09-22-1934,,42.0,
09-23-1934,,34.0,0.01
09-24-1934,,31.0,
09-25-1934,,23.0,
09-26-1934,,30.0,
09-27-1934,,38.0,
09-28-1934,,47.0,
09-29-1934,,44.0,
09-30-1934,,52.0,
10-01-1934,75.0,47.0,
10-02-1934,60.0,51.0,
10-03-1934,59.0,44.0,
10-04-1934,64.0,37.0,
10-05-1934,68.0,41.0,
10-06-1934,77.0,50.0,Trace
10-07-1934,62.0,52.0,02
10-08-1934,68.0,51.0,
10-09-1934,80.0,52.0,
10-10-1934,85.0,58.0,
10-11-1934,86.0,55.0,
10-12-1934,58.0,53.0,21
10-13-1934,57.0,37.0,14.0
10-14-1934,59.0,54.0,
10-15-1934,47.0,46.0,
10-16-1934,56.0,32.0,
10-17-1934,50.0,35.0,18
10-18-1934,48.0,39.0,2.0
10-19-1934,54.0,33.0,
10-20-1934,48.0,38.0,.62
10-21-1934,52.0,42.0,Track
10-22-1934,47.0,37.0,50
10-23-1934,50.0,36.0,50
10-24-1934,54.0,35.0,05
10-25-1934,54.0,39.0,15
10-26-1934,57.0,47.0,Trace
10-27-1934,52.0,44.0,
10-28-1934,55.0,47.0,
10-29-1934,52.0,38.0,
10-30-1934,53.0,42.0,90
10-31-1934,59.0,44.0,04
11-01-1934,43.0,44.0,
11-02-1934,48.0,38.0,
11-03-1934,48.0,38.0,
11-04-1934,54.0,39.0,
11-05-1934,66.0,40.0,
11-06-1934,57.0,45.0,
11-07-1934,55.0,47.0,
11-08-1934,50.0,46.0,
11-09-1934,53.0,43.0,
11-10-1934,58.0,41.0,
11-11-1934,32.0,33.0,
11-12-1934,57.0,34.0,
11-13-1934,58.0,36.0,
11-14-1934,58.0,41.0,
11-15-1934,42.0,45.0,
11-16-1934,53.0,38.0,
11-17-1934,48.0,40.0,
11-18-1934,48.0,38.0,
11-19-1934,42.0,39.0,
11-20-1934,42.0,38.0,
11-21-1934,46.0,37.0,
11-22-1934,50.0,38.0,
11-23-1934,46.0,34.0,
11-24-1934,45.0,36.0,
11-25-1934,42.0,36.0,
11-26-1934,41.0,32.0,
11-27-1934,35.0,31.0,
11-28-1934,34.0,26.0,
11-29-1934,39.0,31.0,
11-30-1934,37.0,30.0,
12-01-1934,36.0,29.0,
12-02-1934,34.0,25.0,
12-03-1934,36.0,27.0,
12-04-1934,33.0,31.0,
12-05-1934,35.0,26.0,
12-06-1934,30.0,25.0,
12-07-1934,30.0,27.0,
12-08-1934,30.0,27.0,
12-09-1934,28.0,27.0,
12-10-1934,35.0,25.0,
12-11-1934,40.0,25.0,
12-12-1934,42.0,28.0,
12-13-1934,38.0,27.0,
12-14-1934,35.0,28.0,
12-15-1934,39.0,26.0,
12-16-1934,36.0,29.0,
12-17-1934,38.0,31.0,
12-18-1934,38.0,31.0,
12-19-1934,49.0,32.0,
12-20-1934,50.0,33.0,
12-21-1934,52.0,34.0,
12-22-1934,36.0,32.0,
12-23-1934,39.0,32.0,
12-24-1934,37.0,30.0,
12-25-1934,41.0,30.0,
12-26-1934,37.0,31.0,
12-27-1934,32.0,25.0,
12-28-1934,36.0,22.0,
12-29-1934,35.0,28.0,
12-30-1934,31.0,27.0,
12-31-1934,36.0,23.0,
01-01-1935,36.0,28.0,
01-02-1935,39.0,29.0,
01-03-1935,41.0,31.0,
01-04-1935,43.0,32.0,87
01-05-1935,40.0,33.0,12
01-06-1935,39.0,34.0,15
01-07-1935,36.0,32.0,"7.1
.35"
01-08-1935,34.0,32.0,"28
25"
01-09-1935,30.0,26.0,
01-10-1935,32.0,23.0,"5
54"
01-11-1935,35.0,24.0,".5
07"
01-12-1935,30.0,25.0,TO
01-13-1935,32.0,22.0,"TO
0./"
01-14-1935,27.0,18.0,15
01-15-1935,29.0,13.0,"1.5
12"
01-16-1935,31.0,15.0,"10
10"
01-17-1935,25.0,22.0,"10.3
03"
01-18-1935,22.0,16.0,.03
01-19-1935,1.0,-3.0,
01-20-1935,24.0,-15.0,
01-21-1935,41.0,-9.0,26
01-22-1935,45.0,23.0,15
01-23-1935,43.0,33.0,08
01-24-1935,48.0,34.0,
01-25-1935,46.0,38.0,
01-26-1935,49.0,36.0,
01-27-1935,46.0,35.0,
01-28-1935,49.0,35.0,
01-29-1935,50.0,36.0,
01-30-1935,52.0,37.0,
01-31-1935,52.0,36.0,
02-01-1935,50.0,36.0,
02-02-1935,51.0,35.0,
02-03-1935,50.0,34.0,
02-04-1935,44.0,26.0,
02-05-1935,40.0,31.0,
02-06-1935,30.0,27.0,
02-07-1935,31.0,27.0,
02-08-1935,37.0,27.0,
02-09-1935,38.0,23.0,
02-10-1935,39.0,24.0,
02-11-1935,38.0,28.0,
02-12-1935,38.0,26.0,
02-13-1935,41.0,29.0,
02-14-1935,38.0,26.0,
02-15-1935,38.0,22.0,
02-16-1935,40.0,25.0,
02-17-1935,38.0,30.0,
02-18-1935,44.0,35.0,
02-19-1935,51.0,36.0,
02-20-1935,47.0,35.0,
02-21-1935,45.0,36.0,
02-22-1935,44.0,38.0,
02-23-1935,38.0,28.0,
02-24-1935,41.0,27.0,
02-25-1935,39.0,24.0,
02-26-1935,44.0,26.0,
02-27-1935,52.0,37.0,
02-28-1935,44.0,35.0,
03-01-1935,46.0,34.0,
03-02-1935,50.0,30.0,
03-03-1935,43.0,35.0,
03-04-1935,36.0,31.0,
03-05-1935,37.0,26.0,
03-06-1935,43.0,23.0,
03-07-1935,42.0,29.0,
03-08-1935,37.0,28.0,
03-09-1935,39.0,22.0,
03-10-1935,40.0,25.0,
03-11-1935,44.0,31.0,
03-12-1935,51.0,34.0,
03-13-1935,64.0,43.0,
03-14-1935,48.0,43.0,
03-15-1935,44.0,30.0,
03-16-1935,46.0,30.0,
03-17-1935,44.0,32.0,
03-18-1935,44.0,29.0,
03-19-1935,42.0,2.7,
03-20-1935,39.0,24.0,
03-21-1935,41.0,27.0,
03-22-1935,44.0,25.0,
03-23-1935,45.0,32.0,
03-24-1935,47.0,30.0,
03-25-1935,34.0,31.0,
03-26-1935,35.0,26.0,
03-27-1935,38.0,21.0,
03-28-1935,48.0,25.0,
03-29-1935,43.0,33.0,
03-30-1935,39.0,23.0,
03-31-1935,38.0,28.0,
04-01-1935,39.0,23.0,
04-02-1935,40.0,24.0,
04-03-1935,46.0,23.0,0.18
04-04-1935,36.0,31.0,0.27
04-05-1935,46.0,30.0,0.11
04-06-1935,46.0,33.0,0.04
04-07-1935,45.0,34.0,0.5
04-08-1935,45.0,36.0,0.1
04-09-1935,49.0,36.0,
04-10-1935,60.0,33.0,
04-11-1935,66.0,38.0,
04-12-1935,66.0,44.0,1.08
04-13-1935,59.0,45.0,
04-14-1935,58.0,30.0,0.24
04-15-1935,46.0,42.0,0.3
04-16-1935,49.0,37.0,
04-17-1935,53.0,32.0,0.02
04-18-1935,55.0,39.0,
04-19-1935,66.0,38.0,
04-20-1935,59.0,45.0,0.41
04-21-1935,47.0,38.0,0.01
04-22-1935,47.0,33.0,0.21
04-23-1935,48.0,34.0,
04-24-1935,59.0,35.0,
04-25-1935,63.0,37.0,
04-26-1935,61.0,40.0,
04-27-1935,56.0,34.0,
04-28-1935,58.0,32.0,
04-29-1935,65.0,37.0,
04-30-1935,57.0,46.0,
05-01-1935,56.0,36.0,
05-02-1935,59.0,34.0,
05-03-1935,65.0,33.0,
05-04-1935,70.0,35.0,
05-05-1935,65.0,49.0,
05-06-1935,61.0,42.0,
05-07-1935,62.0,35.0,
05-08-1935,65.0,38.0,
05-09-1935,67.0,41.0,
05-10-1935,54.0,36.0,
05-11-1935,56.0,36.0,
05-12-1935,63.0,39.0,
05-13-1935,66.0,39.0,
05-14-1935,69.0,42.0,0.08
05-15-1935,64.0,45.0,0.25
05-16-1935,59.0,43.0,
05-17-1935,59.0,43.0,
05-18-1935,61.0,42.0,
05-19-1935,69.0,37.0,
05-20-1935,77.0,44.0,
05-21-1935,78.0,48.0,
05-22-1935,71.0,56.0,
05-23-1935,61.0,42.0,
05-24-1935,64.0,38.0,
05-25-1935,70.0,37.0,
05-26-1935,72.0,48.0,
05-27-1935,73.0,52.0,
05-28-1935,75.0,46.0,
05-29-1935,66.0,54.0,
05-30-1935,70.0,49.0,
05-31-1935,65.0,46.0,
06-01-1935,66.0,47.0,
06-02-1935,64.0,44.0,
06-03-1935,73.0,42.0,
06-04-1935,81.0,49.0,
06-05-1935,82.0,53.0,
06-06-1935,78.0,51.0,
06-07-1935,82.0,50.0,
06-08-1935,70.0,54.0,
06-09-1935,72.0,50.0,
06-10-1935,74.0,56.0,
06-11-1935,19.0,50.0,0.05
06-12-1935,69.0,55.0,0.12
06-13-1935,69.0,50.0,0.27
06-14-1935,55.0,49.0,0.1
06-15-1935,64.0,44.0,
06-16-1935,68.0,44.0,
06-17-1935,69.0,49.0,
06-18-1935,72.0,46.0,
06-19-1935,67.0,56.0,
06-20-1935,70.0,44.0,
06-21-1935,81.0,47.0,
06-22-1935,71.0,55.0,
06-23-1935,67.0,43.0,
06-24-1935,67.0,48.0,
06-25-1935,74.0,46.0,
06-26-1935,77.0,54.0,
06-27-1935,82.0,49.0,
06-28-1935,74.0,58.0,0.1
06-29-1935,61.0,48.0,
06-30-1935,59.0,45.0,0.0
07-01-1935,65.0,45.0,
07-02-1935,68.0,45.0,
07-03-1935,75.0,47.0,
07-04-1935,74.0,48.0,
07-05-1935,67.0,52.0,
07-06-1935,66.0,50.0,0.1
07-07-1935,66.0,50.0,0.22
07-08-1935,66.0,42.0,
07-09-1935,74.0,43.0,
07-10-1935,75.0,51.0,
07-11-1935,81.0,52.0,
07-12-1935,89.0,54.0,
07-13-1935,95.0,57.0,
07-14-1935,98.0,63.0,
07-15-1935,89.0,66.0,
07-16-1935,86.0,68.0,
07-17-1935,85.0,62.0,
07-18-1935,86.0,51.0,
07-19-1935,89.0,53.0,
07-20-1935,81.0,56.0,
07-21-1935,85.0,51.0,
07-22-1935,91.0,54.0,
07-23-1935,86.0,64.0,
07-24-1935,82.0,62.0,
07-25-1935,78.0,54.0,
07-26-1935,89.0,56.0,
07-27-1935,86.0,60.0,
07-28-1935,70.0,55.0,
07-29-1935,80.0,46.0,
07-30-1935,85.0,47.0,
07-31-1935,69.0,56.0,
08-01-1935,70.0,42.0,
08-02-1935,80.0,51.0,
08-03-1935,79.0,60.0,
08-04-1935,69.0,51.0,
08-05-1935,76.0,44.0,
08-06-1935,79.0,48.0,
08-07-1935,80.0,54.0,
08-08-1935,86.0,54.0,
08-09-1935,96.0,57.0,
08-10-1935,78.0,65.0,
08-11-1935,79.0,51.0,
08-12-1935,89.0,54.0,
08-13-1935,88.0,61.0,
08-14-1935,70.0,57.0,
08-15-1935,67.0,43.0,
08-16-1935,71.0,39.0,
08-17-1935,68.0,49.0,0.9
08-18-1935,66.0,52.0,0.61
08-19-1935,70.0,44.0,
08-20-1935,81.0,48.0,
08-21-1935,87.0,52.0,
08-22-1935,87.0,56.0,
08-23-1935,73.0,59.0,
08-24-1935,75.0,46.0,
08-25-1935,80.0,45.0,
08-26-1935,83.0,49.0,
08-27-1935,85.0,54.0,
08-28-1935,88.0,55.0,
08-29-1935,87.0,54.0,
08-30-1935,84.0,58.0,0.32
08-31-1935,78.0,59.0,
09-01-1935,,58.0,
09-02-1935,,58.0,
09-03-1935,,53.0,
09-04-1935,,55.0,
09-05-1935,,53.0,
09-06-1935,,55.0,
09-07-1935,,49.0,
09-08-1935,,53.0,
09-09-1935,,55.0,
09-10-1935,,55.0,
09-11-1935,,58.0,
09-12-1935,,45.0,
09-13-1935,,53.0,
09-14-1935,,48.0,0.15
09-15-1935,,52.0,0.11
09-16-1935,,52.0,
09-17-1935,,42.0,
09-18-1935,,42.0,
09-19-1935,,47.0,
09-20-1935,,50.0,
09-21-1935,,54.0,
09-22-1935,,49.0,
09-23-1935,,52.0,
09-24-1935,,53.0,
09-25-1935,,41.0,
09-26-1935,,33.0,
09-27-1935,,43.0,
09-28-1935,,45.0,
09-29-1935,,47.0,
09-30-1935,,50.0,
10-01-1935,80.0,50.0,
10-02-1935,82.0,53.0,
10-03-1935,70.0,52.0,
10-04-1935,64.0,47.0,17.0
10-05-1935,63.0,43.0,
10-06-1935,63.0,41.0,
10-07-1935,68.0,41.0,0.01
10-08-1935,69.0,43.0,
10-09-1935,64.0,38.0,
10-10-1935,64.0,39.0,
10-11-1935,63.0,48.0,0.25
10-12-1935,57.0,44.0,
10-13-1935,50.0,45.0,0.01
10-14-1935,56.0,45.0,
10-15-1935,55.0,39.0,
10-16-1935,57.0,37.0,
10-17-1935,62.0,40.0,
10-18-1935,66.0,41.0,9.0
10-19-1935,48.0,42.0,
10-20-1935,46.0,34.0,
10-21-1935,40.0,30.0,"17
217"
10-22-1935,43.0,31.0,
10-23-1935,46.0,27.0,
10-24-1935,55.0,33.0,
10-25-1935,58.0,34.0,
10-26-1935,62.0,37.0,
10-27-1935,64.0,39.0,"5
0.05"
10-28-1935,49.0,38.0,0001
10-29-1935,33.0,27.0,0.01
10-30-1935,23.0,13.0,
10-31-1935,24.0,4.0,
11-01-1935,,9.0,
11-02-1935,,4.0,
11-03-1935,,6.0,
11-04-1935,,15.0,
11-05-1935,,20.0,
11-06-1935,,32.0,
11-07-1935,,32.0,
11-08-1935,,36.0,
11-09-1935,,30.0,
11-10-1935,,20.0,
11-11-1935,,29.0,
11-12-1935,,34.0,
11-13-1935,,33.0,
11-14-1935,,30.0,
11-15-1935,,32.0,
11-16-1935,,33.0,
11-17-1935,,38.0,
11-18-1935,,27.0,
11-19-1935,,25.0,
11-20-1935,,27.0,
11-21-1935,,24.0,
11-22-1935,,25.0,
11-23-1935,,27.0,
11-24-1935,,33.0,
11-25-1935,,32.0,
11-26-1935,,34.0,
11-27-1935,,35.0,
11-28-1935,,33.0,
11-29-1935,,34.0,
11-30-1935,,32.0,
12-01-1935,35.0,24.0,
12-02-1935,29.0,22.0,
12-03-1935,29.0,21.0,
12-04-1935,27.0,21.0,
12-05-1935,34.0,22.0,
12-06-1935,38.0,23.0,
12-07-1935,39.0,28.0,
12-08-1935,43.0,33.0,
12-09-1935,42.0,34.0,
12-10-1935,45.0,35.0,
12-11-1935,41.0,33.0,
12-12-1935,38.0,34.0,
12-13-1935,38.0,29.0,
12-14-1935,38.0,29.0,
12-15-1935,36.0,27.0,
12-16-1935,35.0,26.0,
12-17-1935,36.0,26.0,
12-18-1935,36.0,23.0,
12-19-1935,26.0,16.0,
12-20-1935,24.0,17.0,
12-21-1935,24.0,19.0,
12-22-1935,23.0,20.0,
12-23-1935,34.0,18.0,
12-24-1935,39.0,23.0,
12-25-1935,38.0,33.0,
12-26-1935,40.0,34.0,
12-27-1935,42.0,34.0,
12-28-1935,42.0,32.0,
12-29-1935,37.0,32.0,
12-30-1935,39.0,32.0,
12-31-1935,41.0,33.0,
01-01-1936,41.0,32.0,.93
01-02-1936,44.0,34.0,
01-03-1936,41.0,32.0,40
01-04-1936,45.0,32.0,52
01-05-1936,37.0,32.0,
01-06-1936,35.0,26.0,T
01-07-1936,36.0,27.0,
01-08-1936,38.0,29.0,
01-09-1936,39.0,30.0,"T
25"
01-10-1936,44.0,32.0,
01-11-1936,42.0,34.0,26
01-12-1936,42.0,33.0,66
01-13-1936,40.0,36.0,02
01-14-1936,40.0,31.0,.02
01-15-1936,45.0,32.0,
01-16-1936,39.0,31.0,03
01-17-1936,34.0,30.0,
01-18-1936,34.0,26.0,
01-19-1936,34.0,28.0,"3.
34"
01-20-1936,36.0,30.0,
01-21-1936,37.0,29.0,
01-22-1936,39.0,30.0,
01-23-1936,33.0,22.0,
01-24-1936,41.0,24.0,
01-25-1936,34.0,24.0,
01-26-1936,31.0,19.0,08
01-27-1936,29.0,21.0,
01-28-1936,28.0,16.0,
01-29-1936,20.0,5.0,
01-30-1936,20.0,10.0,
01-31-1936,20.0,8.0,
02-01-1936,22.0,12.0,
02-02-1936,17.0,10.0,
02-03-1936,20.0,6.0,
02-04-1936,22.0,10.0,
02-05-1936,32.0,10.0,
02-06-1936,30.0,17.0,
02-07-1936,1.0,-7.0,
02-08-1936,7.0,-12.0,
02-09-1936,9.0,-2.0,
02-10-1936,17.0,6.0,
02-11-1936,22.0,10.0,
02-12-1936,16.0,13.0,
02-13-1936,6.0,12.0,
02-14-1936,11.0,0.0,
02-15-1936,9.0,13.0,
02-16-1936,7.0,-11.0,
02-17-1936,15.0,-8.0,
02-18-1936,12.0,-1.0,
02-19-1936,20.0,-1.0,
02-20-1936,30.0,10.0,
02-21-1936,40.0,21.0,
02-22-1936,46.0,28.0,
02-23-1936,33.0,29.0,
02-24-1936,29.0,22.0,
02-25-1936,25.0,21.0,
02-26-1936,48.0,24.0,
02-27-1936,43.0,39.0,
02-28-1936,46.0,6.0,
02-29-1936,51.0,39.0,
03-01-1936,52.0,35.0,
03-02-1936,59.0,36.0,
03-03-1936,50.0,49.0,
03-04-1936,52.0,33.0,
03-05-1936,57.0,34.0,
03-06-1936,47.0,33.0,
03-07-1936,48.0,33.0,
03-08-1936,48.0,35.0,
03-09-1936,41.0,32.0,
03-10-1936,42.0,27.0,
03-11-1936,42.0,34.0,
03-12-1936,41.0,33.0,
03-13-1936,41.0,32.0,
03-14-1936,40.0,31.0,
03-15-1936,43.0,31.0,
03-16-1936,22.0,31.0,
03-17-1936,45.0,35.0,
03-18-1936,48.0,30.0,
03-19-1936,57.0,33.0,
03-20-1936,62.0,35.0,
03-21-1936,40.0,30.0,
03-22-1936,35.0,25.0,
03-23-1936,38.0,24.0,
03-24-1936,43.0,26.0,
03-25-1936,40.0,27.0,
03-26-1936,41.0,28.0,
03-27-1936,40.0,33.0,
03-28-1936,33.0,26.0,
03-29-1936,30.0,21.0,
03-30-1936,35.0,17.0,
03-31-1936,23.0,30.0,
04-01-1936,79.0,55.0,
04-02-1936,38.0,12.0,
04-03-1936,35.0,30.0,0.05
04-04-1936,44.0,28.0,
04-05-1936,44.0,32.0,
04-06-1936,57.0,34.0,
04-07-1936,54.0,39.0,
04-08-1936,53.0,30.0,
04-09-1936,55.0,38.0,
04-10-1936,61.0,48.0,
04-11-1936,67.0,48.0,
04-12-1936,76.0,46.0,
04-13-1936,71.0,50.0,
04-14-1936,66.0,48.0,
04-15-1936,79.0,45.0,
04-16-1936,83.0,51.0,
04-17-1936,86.0,55.0,
04-18-1936,68.0,54.0,
04-19-1936,66.0,45.0,
04-20-1936,70.0,42.0,
04-21-1936,80.0,51.0,
04-22-1936,61.0,54.0,0.08
04-23-1936,65.0,47.0,0.01
04-24-1936,54.0,47.0,0.17
04-25-1936,56.0,42.0,0.02
04-26-1936,60.0,40.0,
04-27-1936,60.0,39.0,0.02
04-28-1936,58.0,45.0,0.05
04-29-1936,63.0,42.0,
04-30-1936,63.0,44.0,0.05
05-01-1936,65.0,48.0,0.1
05-02-1936,64.0,49.0,0.27
05-03-1936,71.0,49.0,
05-04-1936,59.0,54.0,0.32
05-05-1936,47.0,41.0,0.18
05-06-1936,59.0,37.0,
05-07-1936,62.0,38.0,
05-08-1936,68.0,44.0,
05-09-1936,77.0,47.0,
05-10-1936,85.0,53.0,
05-11-1936,79.0,58.0,
05-12-1936,83.0,50.0,
05-13-1936,83.0,61.0,
05-14-1936,72.0,60.0,0.21
05-15-1936,60.0,50.0,0.08
05-16-1936,59.0,43.0,
05-17-1936,68.0,39.0,
05-18-1936,80.0,48.0,
05-19-1936,59.0,45.0,
05-20-1936,57.0,42.0,
05-21-1936,57.0,42.0,
05-22-1936,66.0,45.0,
05-23-1936,74.0,45.0,
05-24-1936,81.0,48.0,
05-25-1936,85.0,50.0,
05-26-1936,91.0,57.0,
05-27-1936,85.0,61.0,
05-28-1936,74.0,57.0,
05-29-1936,69.0,41.0,
05-30-1936,75.0,48.0,
05-31-1936,70.0,52.0,0.01
06-01-1936,55.0,46.0,0.02
06-02-1936,57.0,48.0,0.18
06-03-1936,55.0,44.0,
06-04-1936,62.0,46.0,
06-05-1936,89.0,46.0,
06-06-1936,70.0,48.0,0.15
06-07-1936,58.0,56.0,0.08
06-08-1936,65.0,47.0,0.03
06-09-1936,71.0,47.0,0.48
06-10-1936,76.0,57.0,
06-11-1936,78.0,59.0,0.09
06-12-1936,76.0,58.0,0.01
06-13-1936,79.0,56.0,0.32
06-14-1936,78.0,56.0,0.07
06-15-1936,69.0,55.0,0.15
06-16-1936,75.0,51.0,0.04
06-17-1936,61.0,50.0,0.04
06-18-1936,65.0,46.0,0.05
06-19-1936,77.0,45.0,0.18
06-20-1936,80.0,55.0,0.85
06-21-1936,84.0,53.0,0.18
06-22-1936,94.0,59.0,0.42
06-23-1936,83.0,64.0,0.21
06-24-1936,82.0,59.0,
06-25-1936,86.0,62.0,
06-26-1936,85.0,57.0,
06-27-1936,85.0,60.0,
06-28-1936,69.0,63.0,
06-29-1936,74.0,45.0,
06-30-1936,0.0,49.0,
07-01-1936,85.0,60.0,
07-02-1936,84.0,59.0,
07-03-1936,74.0,55.0,
07-04-1936,78.0,57.0,
07-05-1936,74.0,56.0,
07-06-1936,80.0,50.0,
07-07-1936,77.0,56.0,
07-08-1936,80.0,52.0,0.03
07-09-1936,68.0,53.0,0.04
07-10-1936,89.0,56.0,0.01
07-11-1936,71.0,53.0,
07-12-1936,84.0,47.0,
07-13-1936,81.0,53.0,
07-14-1936,79.0,55.0,
07-15-1936,79.0,53.0,
07-16-1936,91.0,52.0,
07-17-1936,89.0,62.0,
07-18-1936,90.0,58.0,
07-19-1936,96.0,57.0,
07-20-1936,97.0,61.0,
07-21-1936,96.0,58.0,
07-22-1936,90.0,60.0,
07-23-1936,85.0,63.0,
07-24-1936,76.0,60.0,
07-25-1936,76.0,52.0,
07-26-1936,85.0,48.0,
07-27-1936,89.0,54.0,
07-28-1936,90.0,54.0,
07-29-1936,89.0,58.0,
07-30-1936,87.0,58.0,
07-31-1936,84.0,65.0,
08-01-1936,84.0,57.0,
08-02-1936,76.0,56.0,
08-03-1936,84.0,54.0,
08-04-1936,90.0,60.0,
08-05-1936,93.0,63.0,
08-06-1936,84.0,67.0,
08-07-1936,79.0,57.0,
08-08-1936,85.0,50.0,
08-09-1936,87.0,54.0,
08-10-1936,75.0,52.0,
08-11-1936,80.0,63.0,
08-12-1936,84.0,55.0,
08-13-1936,80.0,59.0,
08-14-1936,85.0,50.0,
08-15-1936,85.0,60.0,
08-16-1936,82.0,58.0,
08-17-1936,79.0,57.0,
08-18-1936,74.0,57.0,
08-19-1936,73.0,48.0,
08-20-1936,83.0,50.0,
08-21-1936,82.0,58.0,
08-22-1936,76.0,58.0,
08-23-1936,71.0,50.0,
08-24-1936,67.0,53.0,
08-25-1936,69.0,50.0,
08-26-1936,73.0,40.0,
08-27-1936,82.0,48.0,
08-28-1936,88.0,54.0,
08-29-1936,89.0,61.0,
08-30-1936,79.0,52.0,
08-31-1936,76.0,49.0,
09-01-1936,,58.0,0.36
09-02-1936,,51.0,0.68
09-03-1936,,51.0,0.11
09-04-1936,,52.0,0.01
09-05-1936,,52.0,
09-06-1936,,54.0,
09-07-1936,,55.0,
09-08-1936,,50.0,
09-09-1936,,46.0,
09-10-1936,,45.0,
09-11-1936,,44.0,
09-12-1936,,44.0,
09-13-1936,,38.0,2.04
09-14-1936,,40.0,0.04
09-15-1936,,36.0,0.02
09-16-1936,,38.0,
09-17-1936,,39.0,
09-18-1936,,45.0,
09-19-1936,,49.0,
09-20-1936,,52.0,
09-21-1936,,55.0,
09-22-1936,,62.0,
09-23-1936,,42.0,
09-24-1936,,49.0,
09-25-1936,,45.0,
09-26-1936,,43.0,
09-27-1936,,41.0,
09-28-1936,,46.0,
09-29-1936,,49.0,
09-30-1936,,45.0,
10-01-1936,69.0,45.0,
10-02-1936,71.0,46.0,
10-03-1936,65.0,46.0,
10-04-1936,61.0,57.0,
10-05-1936,60.0,42.0,
10-06-1936,68.0,39.0,
10-07-1936,75.0,49.0,
10-08-1936,75.0,46.0,
10-09-1936,74.0,46.0,
10-10-1936,79.0,50.0,
10-11-1936,70.0,45.0,
10-12-1936,64.0,53.0,
10-13-1936,66.0,44.0,
10-14-1936,59.0,49.0,
10-15-1936,57.0,34.0,
10-16-1936,62.0,38.0,
10-17-1936,68.0,41.0,
10-18-1936,70.0,46.0,
10-19-1936,57.0,46.0,
10-20-1936,55.0,38.0,
10-21-1936,48.0,28.0,
10-22-1936,54.0,30.0,
10-23-1936,62.0,35.0,
10-24-1936,62.0,28.0,
10-25-1936,65.0,26.0,
10-26-1936,60.0,36.0,
10-27-1936,58.0,32.0,
10-28-1936,59.0,36.0,
10-29-1936,65.0,39.0,
10-30-1936,52.0,28.0,
10-31-1936,45.0,39.0,
11-01-1936,42.0,14.0,
11-02-1936,42.0,8.0,
11-03-1936,44.0,18.0,
11-04-1936,46.0,29.0,
11-05-1936,45.0,32.0,
11-06-1936,44.0,32.0,
11-07-1936,40.0,17.0,
11-08-1936,45.0,24.0,
11-09-1936,46.0,27.0,
11-10-1936,44.0,19.0,
11-11-1936,52.0,29.0,
11-12-1936,56.0,32.0,
11-13-1936,59.0,36.0,
11-14-1936,60.0,34.0,
11-15-1936,49.0,28.0,
11-16-1936,56.0,35.0,
11-17-1936,54.0,37.0,
11-18-1936,57.0,38.0,
11-19-1936,64.0,40.0,
11-20-1936,60.0,34.0,
11-21-1936,53.0,37.0,
11-22-1936,49.0,26.0,
11-23-1936,47.0,27.0,
11-24-1936,47.0,25.0,
11-25-1936,46.0,23.0,
11-26-1936,46.0,23.0,
11-27-1936,37.0,19.0,
11-28-1936,24.0,15.0,
11-29-1936,21.0,17.0,
11-30-1936,23.0,18.0,
12-01-1936,32.0,16.0,
12-02-1936,37.0,17.0,
12-03-1936,36.0,21.0,
12-04-1936,34.0,22.0,
12-05-1936,46.0,26.0,
12-06-1936,50.0,28.0,
12-07-1936,42.0,41.0,
12-08-1936,40.0,33.0,
12-09-1936,37.0,29.0,
12-10-1936,36.0,28.0,
12-11-1936,39.0,28.0,
12-12-1936,39.0,26.0,
12-13-1936,48.0,29.0,
12-14-1936,43.0,35.0,
12-15-1936,40.0,33.0,
12-16-1936,36.0,26.0,
12-17-1936,27.0,28.0,
12-18-1936,20.0,35.0,
12-19-1936,49.0,39.0,
12-20-1936,42.0,35.0,
12-21-1936,45.0,37.0,
12-22-1936,22.0,40.0,
12-23-1936,45.0,40.0,
12-24-1936,37.0,32.0,
12-25-1936,35.0,32.0,
12-26-1936,35.0,29.0,
12-27-1936,37.0,31.0,
12-28-1936,30.0,28.0,
12-29-1936,26.0,20.0,
12-30-1936,25.0,17.0,
12-31-1936,27.0,21.0,
01-01-1937,18.0,17.0,.0/
01-02-1937,26.0,1.0,
01-03-1937,35.0,10.0,04
01-04-1937,36.0,9.0,".04
ex"
01-05-1937,16.0,16.0,.08
01-06-1937,6.0,-6.0,
01-07-1937,1.0,-9.0,
01-08-1937,9.0,-12.0,
01-09-1937,16.0,-10.0,
01-10-1937,21.0,10.0,
01-11-1937,20.0,3.0,
01-12-1937,20.0,-5.0,
01-13-1937,24.0,8.0,54
01-14-1937,29.0,9.0,"4½
40"
01-15-1937,34.0,11.0,"6
54"
01-16-1937,24.0,5.0,
01-17-1937,24.0,6.0,"4
.36"
01-18-1937,21.0,4.0,"4
.36"
01-19-1937,9.0,3.0,16
01-20-1937,3.0,-21.0,
01-21-1937,10.0,-17.0,"71°
2"
01-22-1937,14.0,8.0,2
01-23-1937,17.0,-2.0,"2
16"
01-24-1937,18.0,-2.0,25
01-25-1937,26.0,4.0,70°
01-26-1937,28.0,25.0,tr
01-27-1937,30.0,20.0,
01-28-1937,30.0,19.0,"3/4
06"
01-29-1937,14.0,8.0,04
01-30-1937,12.0,3.0,
01-31-1937,17.0,-8.0,
02-01-1937,,16.0,
02-02-1937,,29.0,
02-03-1937,,17.0,
02-04-1937,,30.0,
02-05-1937,,30.0,
02-06-1937,,18.0,
02-07-1937,,19.0,
02-08-1937,,9.0,
02-09-1937,,7.0,
02-10-1937,,24.0,
02-11-1937,,29.0,
02-12-1937,,32.0,
02-13-1937,,18.0,
02-14-1937,,21.0,
02-15-1937,,18.0,
02-16-1937,,26.0,
02-17-1937,,26.0,
02-18-1937,,25.0,
02-19-1937,,14.0,
02-20-1937,,9.0,
02-21-1937,,35.0,
02-22-1937,,37.0,
02-23-1937,,35.0,
02-24-1937,,34.0,
02-25-1937,,32.0,
02-26-1937,,29.0,
02-27-1937,,31.0,
02-28-1937,,32.0,
03-01-1937,43.0,34.0,
03-02-1937,44.0,35.0,
03-03-1937,49.0,34.0,
03-04-1937,52.0,34.0,
03-05-1937,52.0,38.0,
03-06-1937,46.0,34.0,
03-07-1937,50.0,30.0,
03-08-1937,58.0,33.0,
03-09-1937,53.0,39.0,
03-10-1937,57.0,35.0,
03-11-1937,65.0,42.0,
03-12-1937,57.0,43.0,
03-13-1937,49.0,37.0,
03-14-1937,46.0,32.0,
03-15-1937,49.0,36.0,
03-16-1937,48.0,35.0,
03-17-1937,54.0,35.0,
03-18-1937,39.0,30.0,
03-19-1937,45.0,27.0,
03-20-1937,44.0,30.0,
03-21-1937,50.0,32.0,
03-22-1937,44.0,38.0,
03-23-1937,47.0,33.0,
03-24-1937,56.0,34.0,
03-25-1937,49.0,33.0,
03-26-1937,54.0,32.0,
03-27-1937,55.0,31.0,
03-28-1937,52.0,34.0,
03-29-1937,53.0,33.0,
03-30-1937,48.0,41.0,
03-31-1937,47.0,38.0,
04-01-1937,41.0,37.0,0.28
04-02-1937,44.0,32.0,0.09
04-03-1937,45.0,33.0,0.03
04-04-1937,45.0,33.0,
04-05-1937,48.0,34.0,0.3
04-06-1937,46.0,33.0,0.12
04-07-1937,54.0,32.0,
04-08-1937,61.0,34.0,
04-09-1937,49.0,46.0,0.21
04-10-1937,45.0,36.0,0.11
04-11-1937,48.0,35.0,0.18
04-12-1937,54.0,36.0,
04-13-1937,54.0,41.0,0.55
04-14-1937,57.0,43.0,0.07
04-15-1937,40.0,34.0,0.57
04-16-1937,48.0,33.0,0.02
04-17-1937,56.0,32.0,
04-18-1937,59.0,40.0,
04-19-1937,49.0,37.0,
04-20-1937,51.0,40.0,0.06
04-21-1937,41.0,31.0,0.46
04-22-1937,49.0,32.0,0.02
04-23-1937,49.0,34.0,
04-24-1937,59.0,43.0,
04-25-1937,72.0,44.0,0.01
04-26-1937,65.0,48.0,
04-27-1937,44.0,39.0,
04-28-1937,42.0,34.0,0.53
04-29-1937,50.0,35.0,0.02
04-30-1937,65.0,35.0,
05-01-1937,76.0,52.0,
05-02-1937,80.0,52.0,
05-03-1937,81.0,57.0,
05-04-1937,50.0,51.0,
05-05-1937,58.0,35.0,
05-06-1937,68.0,34.0,
05-07-1937,65.0,46.0,
05-08-1937,64.0,46.0,
05-09-1937,62.0,47.0,
05-10-1937,51.0,39.0,0.06
05-11-1937,57.0,43.0,0.3
05-12-1937,67.0,40.0,
05-13-1937,70.0,51.0,0.1
05-14-1937,62.0,50.0,
05-15-1937,62.0,39.0,
05-16-1937,64.0,35.0,
05-17-1937,72.0,41.0,
05-18-1937,68.0,50.0,
05-19-1937,61.0,42.0,
05-20-1937,61.0,43.0,
05-21-1937,74.0,42.0,
05-22-1937,60.0,49.0,0.02
05-23-1937,65.0,40.0,
05-24-1937,79.0,43.0,
05-25-1937,87.0,48.0,0.07
05-26-1937,87.0,42.0,
05-27-1937,73.0,48.0,
05-28-1937,60.0,49.0,0.01
05-29-1937,56.0,39.0,
05-30-1937,71.0,47.0,0.05
05-31-1937,71.0,41.0,
06-01-1937,82.0,42.0,
06-02-1937,86.0,54.0,
06-03-1937,69.0,56.0,
06-04-1937,67.0,42.0,
06-05-1937,72.0,45.0,
06-06-1937,76.0,49.0,
06-07-1937,75.0,49.0,
06-08-1937,78.0,54.0,
06-09-1937,65.0,51.0,
06-10-1937,53.0,48.0,
06-11-1937,66.0,41.0,
06-12-1937,68.0,48.0,
06-13-1937,72.0,48.0,
06-14-1937,72.0,54.0,
06-15-1937,74.0,52.0,
06-16-1937,60.0,57.0,
06-17-1937,62.0,43.0,
06-18-1937,57.0,43.0,
06-19-1937,62.0,51.0,
06-20-1937,66.0,51.0,
06-21-1937,74.0,54.0,
06-22-1937,60.0,53.0,
06-23-1937,61.0,44.0,
06-24-1937,64.0,44.0,
06-25-1937,72.0,43.0,
06-26-1937,77.0,52.0,
06-27-1937,82.0,54.0,
06-28-1937,89.0,54.0,
06-29-1937,85.0,62.0,
06-30-1937,87.0,60.0,
07-01-1937,81.0,59.0,0.14
07-01-1937,90.0,59.0,0.14
07-02-1937,75.0,54.0,
07-02-1937,87.0,54.0,
07-03-1937,68.0,53.0,
07-03-1937,84.0,53.0,
07-04-1937,61.0,61.0,
07-04-1937,85.0,61.0,
07-05-1937,71.0,54.0,
07-05-1937,76.0,54.0,
07-06-1937,75.0,43.0,
07-06-1937,73.0,43.0,
07-07-1937,80.0,49.0,
07-07-1937,86.0,49.0,
07-08-1937,81.0,52.0,
07-08-1937,85.0,52.0,
07-09-1937,88.0,59.0,
07-09-1937,85.0,59.0,
07-10-1937,78.0,53.0,
07-10-1937,69.0,53.0,
07-11-1937,73.0,58.0,
07-11-1937,85.0,58.0,
07-12-1937,81.0,59.0,
07-12-1937,84.0,59.0,
07-13-1937,65.0,57.0,0.07
07-13-1937,75.0,57.0,0.07
07-14-1937,68.0,58.0,
07-14-1937,74.0,58.0,
07-15-1937,79.0,53.0,
07-15-1937,78.0,53.0,
07-16-1937,82.0,53.0,
07-16-1937,82.0,53.0,
07-17-1937,80.0,56.0,
07-17-1937,76.0,56.0,
07-18-1937,88.0,58.0,
07-18-1937,70.0,58.0,
07-19-1937,74.0,58.0,
07-19-1937,81.0,58.0,
07-20-1937,78.0,57.0,
07-20-1937,83.0,57.0,
07-21-1937,80.0,60.0,
07-21-1937,94.0,60.0,
07-22-1937,85.0,54.0,
07-22-1937,92.0,54.0,
07-23-1937,90.0,56.0,
07-23-1937,92.0,56.0,
07-24-1937,95.0,59.0,
07-24-1937,88.0,59.0,
07-25-1937,91.0,68.0,
07-25-1937,77.0,68.0,
07-26-1937,86.0,70.0,
07-26-1937,90.0,70.0,
07-27-1937,91.0,61.0,
07-27-1937,86.0,61.0,
07-28-1937,77.0,61.0,0.09
07-28-1937,80.0,61.0,0.09
07-29-1937,80.0,55.0,
07-29-1937,71.0,55.0,
07-30-1937,67.0,50.0,
07-30-1937,70.0,50.0,
07-31-1937,59.0,50.0,
07-31-1937,73.0,50.0,
08-01-1937,66.0,47.0,0.09
08-02-1937,73.0,46.0,
08-03-1937,83.0,51.0,
08-04-1937,91.0,52.0,
08-05-1937,81.0,62.0,
08-06-1937,78.0,59.0,
08-07-1937,77.0,56.0,
08-08-1937,70.0,58.0,
08-09-1937,72.0,56.0,0.04
08-10-1937,75.0,59.0,0.01
08-11-1937,84.0,59.0,
08-12-1937,91.0,61.0,
08-13-1937,76.0,63.0,0.23
08-14-1937,77.0,47.0,
08-15-1937,72.0,40.0,
08-16-1937,84.0,48.0,
08-17-1937,86.0,53.0,
08-18-1937,81.0,60.0,
08-19-1937,79.0,54.0,
08-20-1937,84.0,55.0,
08-21-1937,81.0,56.0,
08-22-1937,76.0,58.0,
08-23-1937,64.0,49.0,0.24
08-24-1937,70.0,45.0,
08-25-1937,79.0,49.0,
08-26-1937,79.0,54.0,
08-27-1937,68.0,49.0,
08-28-1937,56.0,46.0,
08-29-1937,72.0,40.0,
08-30-1937,69.0,45.0,
08-31-1937,62.0,52.0,0.02
09-01-1937,,40.0,0.02
09-02-1937,,49.0,
09-03-1937,,55.0,
09-04-1937,,50.0,
09-05-1937,,52.0,0.27
09-06-1937,,49.0,
09-07-1937,,48.0,
09-08-1937,,48.0,
09-09-1937,,53.0,
09-10-1937,,54.0,
09-11-1937,,58.0,
09-12-1937,,64.0,
09-13-1937,,55.0,
09-14-1937,,58.0,
09-15-1937,,61.0,
09-16-1937,,54.0,
09-17-1937,,56.0,
09-18-1937,,50.0,
09-19-1937,,56.0,
09-20-1937,,55.0,
09-21-1937,,45.0,
09-22-1937,,46.0,
09-23-1937,,42.0,
09-24-1937,,41.0,
09-25-1937,,39.0,
09-26-1937,,47.0,
09-27-1937,,41.0,
09-28-1937,,39.0,
09-29-1937,,40.0,
09-30-1937,,43.0,
10-01-1937,48.0,45.0,16
10-02-1937,49.0,44.0,/7
10-03-1937,48.0,41.0,17
10-04-1937,52.0,38.0,0.09
10-05-1937,54.0,39.0,19°
10-06-1937,56.0,38.0,
10-07-1937,61.0,39.0,
10-08-1937,65.0,40.0,
10-09-1937,69.0,44.0,
10-10-1937,71.0,46.0,
10-11-1937,71.0,44.0,
10-12-1937,70.0,46.0,
10-13-1937,73.0,48.0,
10-14-1937,66.0,45.0,
10-15-1937,61.0,46.0,
10-16-1937,55.0,47.0,12
10-17-1937,51.0,40.0,02
10-18-1937,52.0,38.0,
10-19-1937,58.0,36.0,
10-20-1937,61.0,48.0,34
10-21-1937,68.0,46.0,
10-22-1937,71.0,51.0,
10-23-1937,69.0,50.0,
10-24-1937,60.0,48.0,
10-25-1937,63.0,43.0,10
10-26-1937,69.0,47.0,
10-27-1937,68.0,53.0,
10-28-1937,66.0,50.0,
10-29-1937,57.0,48.0,17
10-30-1937,48.0,43.0,
10-31-1937,49.0,41.0,18
11-01-1937,47.0,,
11-02-1937,39.0,,
11-03-1937,52.0,,
11-04-1937,52.0,,
11-05-1937,47.0,,
11-06-1937,43.0,,
11-07-1937,44.0,,
11-08-1937,53.0,,
11-09-1937,58.0,,
11-10-1937,59.0,,
11-11-1937,48.0,,
11-12-1937,45.0,,
11-13-1937,43.0,,
11-14-1937,48.0,,
11-15-1937,44.0,,
11-16-1937,57.0,,
11-17-1937,46.0,,
11-18-1937,39.0,,
11-19-1937,43.0,,
11-20-1937,45.0,,
11-21-1937,46.0,,
11-22-1937,50.0,,
11-23-1937,50.0,,
11-24-1937,43.0,,
11-25-1937,50.0,,
11-26-1937,41.0,,
11-27-1937,46.0,,
11-28-1937,46.0,,
11-29-1937,39.0,,
11-30-1937,40.0,,
12-01-1937,41.0,26.0,
12-02-1937,32.0,24.0,
12-03-1937,36.0,32.0,
12-04-1937,40.0,33.0,
12-05-1937,35.0,24.0,
12-06-1937,31.0,29.0,
12-07-1937,36.0,24.0,
12-08-1937,26.0,20.0,
12-09-1937,34.0,25.0,
12-10-1937,45.0,34.0,
12-11-1937,44.0,33.0,
12-12-1937,36.0,33.0,
12-13-1937,41.0,34.0,
12-14-1937,43.0,35.0,
12-15-1937,43.0,38.0,
12-16-1937,41.0,38.0,
12-17-1937,48.0,34.0,
12-18-1937,40.0,33.0,
12-19-1937,37.0,32.0,
12-20-1937,47.0,31.0,
12-21-1937,34.0,27.0,
12-22-1937,28.0,26.0,
12-23-1937,31.0,21.0,
12-24-1937,33.0,21.0,
12-25-1937,33.0,24.0,
12-26-1937,42.0,27.0,
12-27-1937,43.0,29.0,
12-28-1937,45.0,36.0,
12-29-1937,46.0,39.0,
12-30-1937,44.0,37.0,
12-31-1937,38.0,29.0,
01-01-1938,37.0,29.0,
01-02-1938,37.0,76.0,
01-03-1938,29.0,25.0,
01-04-1938,28.0,2.0,
01-05-1938,18.0,27.0,
01-06-1938,27.0,1.0,
01-07-1938,28.0,26.0,
01-08-1938,28.0,26.0,.2
01-09-1938,34.0,25.0,
01-10-1938,44.0,31.0,
01-11-1938,32.0,28.0,
01-12-1938,38.0,30.0,
01-13-1938,37.0,33.0,
01-14-1938,46.0,37.0,09
01-15-1938,42.0,36.0,
01-16-1938,38.0,31.0,
01-17-1938,39.0,37.0,
01-18-1938,39.0,32.0,1.5
01-19-1938,37.0,28.0,
01-20-1938,37.0,27.0,
01-21-1938,44.0,3.0,
01-22-1938,46.0,31.0,
01-23-1938,33.0,28.0,
01-24-1938,37.0,25.0,
01-25-1938,37.0,28.0,
01-26-1938,41.0,28.0,
01-27-1938,42.0,31.0,
01-28-1938,45.0,31.0,
01-29-1938,31.0,6.0,2.0
01-30-1938,21.0,6.0,"10%
0.1"
01-31-1938,39.0,20.0,"5
s"
02-01-1938,39.0,18.0,
02-02-1938,40.0,22.0,
02-03-1938,42.0,33.0,
02-04-1938,39.0,31.0,
02-05-1938,42.0,26.0,
02-06-1938,33.0,31.0,
02-07-1938,35.0,36.0,
02-08-1938,35.0,23.0,
02-09-1938,38.0,12.0,
02-10-1938,42.0,33.0,
02-11-1938,42.0,30.0,
02-12-1938,31.0,24.0,
02-13-1938,39.0,25.0,
02-14-1938,41.0,30.0,
02-15-1938,32.0,23.0,
02-16-1938,26.0,19.0,
02-17-1938,32.0,16.0,
02-18-1938,35.0,25.0,
02-19-1938,33.0,28.0,
02-20-1938,36.0,26.0,
02-21-1938,36.0,34.0,
02-22-1938,42.0,33.0,
02-23-1938,38.0,33.0,
02-24-1938,40.0,34.0,
02-25-1938,46.0,30.0,
02-26-1938,42.0,26.0,
02-27-1938,43.0,32.0,
02-28-1938,29.0,32.0,
03-01-1938,44.0,41.0,
03-02-1938,46.0,35.0,
03-03-1938,48.0,36.0,
03-04-1938,47.0,34.0,
03-05-1938,45.0,34.0,
03-06-1938,46.0,34.0,
03-07-1938,51.0,32.0,
03-08-1938,53.0,34.0,
03-09-1938,49.0,35.0,
03-10-1938,52.0,33.0,
03-11-1938,56.0,42.0,
03-12-1938,57.0,43.0,
03-13-1938,49.0,44.0,
03-14-1938,45.0,37.0,
03-15-1938,49.0,34.0,
03-16-1938,39.0,33.0,
03-17-1938,36.0,36.0,
03-18-1938,41.0,30.0,
03-19-1938,38.0,32.0,
03-20-1938,37.0,26.0,
03-21-1938,39.0,26.0,
03-22-1938,39.0,27.0,
03-23-1938,48.0,35.0,
03-24-1938,47.0,36.0,
03-25-1938,48.0,34.0,
03-26-1938,52.0,31.0,
03-27-1938,55.0,35.0,
03-28-1938,37.0,29.0,
03-29-1938,39.0,25.0,
03-30-1938,47.0,28.0,
03-31-1938,41.0,30.0,
04-01-1938,50.0,27.0,
04-02-1938,56.0,31.0,
04-03-1938,51.0,34.0,
04-04-1938,41.0,35.0,0.12
04-05-1938,46.0,35.0,0.08
04-06-1938,50.0,33.0,
04-07-1938,59.0,33.0,
04-08-1938,58.0,38.0,
04-09-1938,49.0,38.0,0.01
04-10-1938,56.0,32.0,
04-11-1938,75.0,40.0,
04-12-1938,43.0,37.0,0.12
04-13-1938,53.0,35.0,
04-14-1938,54.0,36.0,
04-15-1938,56.0,38.0,
04-16-1938,55.0,44.0,0.15
04-17-1938,52.0,44.0,0.26
04-18-1938,53.0,44.0,0.22
04-19-1938,53.0,34.0,
04-20-1938,59.0,34.0,
04-21-1938,60.0,37.0,
04-22-1938,59.0,43.0,
04-23-1938,62.0,40.0,
04-24-1938,60.0,44.0,
04-25-1938,58.0,43.0,0.02
04-26-1938,56.0,41.0,
04-27-1938,64.0,38.0,
04-28-1938,72.0,44.0,
04-29-1938,24.0,45.0,
04-30-1938,72.0,45.0,
05-01-1938,54.0,44.0,
05-02-1938,53.0,36.0,
05-03-1938,48.0,34.0,
05-04-1938,49.0,35.0,
05-05-1938,54.0,34.0,0.03
05-06-1938,58.0,36.0,
05-07-1938,62.0,34.0,
05-08-1938,59.0,39.0,
05-09-1938,63.0,38.0,
05-10-1938,63.0,44.0,
05-11-1938,57.0,46.0,0.24
05-12-1938,63.0,49.0,
05-13-1938,61.0,38.0,
05-14-1938,69.0,40.0,
05-15-1938,71.0,40.0,
05-16-1938,67.0,41.0,
05-17-1938,50.0,42.0,
05-18-1938,52.0,37.0,0.34
05-19-1938,61.0,45.0,
05-20-1938,68.0,41.0,
05-21-1938,73.0,44.0,
05-22-1938,78.0,48.0,
05-23-1938,80.0,53.0,
05-24-1938,80.0,52.0,
05-25-1938,79.0,55.0,
05-26-1938,82.0,52.0,
05-27-1938,72.0,27.0,0.02
05-28-1938,66.0,50.0,0.17
05-29-1938,62.0,49.0,
05-30-1938,67.0,46.0,
05-31-1938,68.0,45.0,
06-01-1938,78.0,48.0,
06-02-1938,71.0,53.0,
06-03-1938,78.0,44.0,
06-04-1938,83.0,52.0,
06-05-1938,82.0,54.0,
06-06-1938,77.0,52.0,
06-07-1938,83.0,51.0,
06-08-1938,57.0,46.0,
06-09-1938,54.0,38.0,
06-10-1938,71.0,38.0,
06-11-1938,80.0,50.0,
06-12-1938,19.0,52.0,
06-13-1938,71.0,58.0,
06-14-1938,72.0,52.0,
06-15-1938,77.0,49.0,
06-16-1938,60.0,50.0,0.05
06-17-1938,50.0,43.0,0.75
06-18-1938,63.0,42.0,0.41
06-19-1938,67.0,49.0,0.14
06-20-1938,76.0,47.0,
06-21-1938,75.0,57.0,
06-22-1938,75.0,58.0,0.01
06-23-1938,79.0,58.0,
06-24-1938,82.0,60.0,
06-25-1938,78.0,61.0,0.15
06-26-1938,77.0,57.0,
06-27-1938,85.0,52.0,
06-28-1938,83.0,59.0,
06-29-1938,84.0,58.0,
06-30-1938,77.0,58.0,
07-01-1938,87.0,55.0,
07-02-1938,71.0,47.0,0.02
07-03-1938,71.0,46.0,
07-04-1938,66.0,51.0,
07-05-1938,76.0,47.0,0.07
07-06-1938,82.0,57.0,
07-07-1938,87.0,59.0,
07-08-1938,76.0,60.0,0.17
07-09-1938,82.0,49.0,
07-10-1938,78.0,56.0,
07-11-1938,75.0,57.0,
07-12-1938,83.0,49.0,
07-13-1938,90.0,56.0,
07-14-1938,94.0,64.0,
07-15-1938,93.0,69.0,
07-16-1938,93.0,65.0,
07-17-1938,92.0,45.0,
07-18-1938,88.0,65.0,
07-19-1938,89.0,59.0,
07-20-1938,93.0,61.0,
07-21-1938,97.0,65.0,
07-22-1938,97.0,66.0,
07-23-1938,89.0,68.0,
07-24-1938,85.0,60.0,
07-25-1938,83.0,57.0,
07-26-1938,88.0,54.0,
07-27-1938,88.0,59.0,
07-28-1938,86.0,65.0,
07-29-1938,82.0,63.0,
07-30-1938,82.0,55.0,
07-31-1938,81.0,59.0,
08-01-1938,74.0,61.0,
08-02-1938,71.0,50.0,
08-03-1938,81.0,49.0,
08-04-1938,85.0,53.0,
08-05-1938,80.0,61.0,
08-06-1938,79.0,59.0,
08-07-1938,12.0,55.0,
08-08-1938,78.0,45.0,
08-09-1938,82.0,49.0,
08-10-1938,84.0,50.0,
08-11-1938,74.0,59.0,
08-12-1938,69.0,50.0,
08-13-1938,58.0,50.0,0.01
08-14-1938,69.0,51.0,
08-15-1938,75.0,49.0,
08-16-1938,81.0,54.0,
08-17-1938,87.0,48.0,
08-18-1938,68.0,48.0,0.06
08-19-1938,73.0,50.0,
08-20-1938,81.0,50.0,
08-21-1938,75.0,56.0,
08-22-1938,73.0,51.0,
08-23-1938,80.0,50.0,
08-24-1938,91.0,53.0,
08-25-1938,84.0,56.0,
08-26-1938,90.0,60.0,
08-27-1938,88.0,54.0,
08-28-1938,84.0,56.0,
08-29-1938,82.0,55.0,
08-30-1938,88.0,48.0,
08-31-1938,89.0,60.0,
09-01-1938,,66.0,
09-02-1938,,65.0,
09-03-1938,,61.0,
09-04-1938,,59.0,
09-05-1938,,51.0,
09-06-1938,,52.0,
09-07-1938,,50.0,0.06
09-08-1938,,49.0,0.49
09-09-1938,,46.0,
09-10-1938,,46.0,
09-11-1938,,48.0,
09-12-1938,,51.0,
09-13-1938,,55.0,
09-14-1938,,59.0,
09-15-1938,,56.0,
09-16-1938,,59.0,
09-17-1938,,58.0,
09-18-1938,,63.0,
09-19-1938,,61.0,
09-20-1938,,56.0,
09-21-1938,,56.0,
09-22-1938,,56.0,
09-23-1938,,63.0,
09-24-1938,,54.0,
09-25-1938,,46.0,
09-26-1938,,46.0,
09-27-1938,,52.0,
09-28-1938,,52.0,
09-29-1938,,55.0,
09-30-1938,,53.0,0.32
10-01-1938,76.0,37.0,
10-02-1938,74.0,56.0,.05
10-03-1938,59.0,52.0,38
10-04-1938,54.0,44.0,
10-05-1938,49.0,44.0,
10-06-1938,46.0,44.0,10°
10-07-1938,55.0,37.0,
10-08-1938,60.0,38.0,
10-09-1938,66.0,43.0,
10-10-1938,64.0,46.0,
10-11-1938,54.0,45.0,40.0
10-12-1938,57.0,45.0,02
10-13-1938,51.0,41.0,21.0
10-14-1938,49.0,36.0,
10-15-1938,43.0,37.0,3.0
10-16-1938,50.0,40.0,04
10-17-1938,52.0,31.0,
10-18-1938,55.0,35.0,
10-19-1938,62.0,41.0,
10-20-1938,65.0,44.0,
10-21-1938,64.0,42.0,
10-22-1938,64.0,43.0,
10-23-1938,67.0,43.0,
10-24-1938,55.0,43.0,
10-25-1938,60.0,46.0,
10-26-1938,71.0,42.0,
10-27-1938,57.0,43.0,
10-28-1938,64.0,45.0,
10-29-1938,49.0,45.0,23
10-30-1938,54.0,40.0,10
10-31-1938,49.0,37.0,710
11-01-1938,43.0,36.0,
11-02-1938,48.0,37.0,
11-03-1938,53.0,37.0,
11-04-1938,43.0,35.0,
11-05-1938,40.0,30.0,
11-06-1938,40.0,28.0,
11-07-1938,47.0,30.0,
11-08-1938,40.0,33.0,
11-09-1938,34.0,30.0,
11-10-1938,34.0,22.0,
11-11-1938,25.0,17.0,
11-12-1938,31.0,14.0,
11-13-1938,35.0,24.0,
11-14-1938,42.0,30.0,
11-15-1938,44.0,33.0,
11-16-1938,47.0,38.0,
11-17-1938,44.0,34.0,
11-18-1938,46.0,35.0,
11-19-1938,47.0,35.0,
11-20-1938,36.0,28.0,
11-21-1938,34.0,24.0,
11-22-1938,30.0,19.0,
11-23-1938,31.0,19.0,
11-24-1938,38.0,19.0,
11-25-1938,36.0,20.0,
11-26-1938,38.0,22.0,
11-27-1938,41.0,26.0,
11-28-1938,44.0,29.0,
11-29-1938,45.0,36.0,
11-30-1938,42.0,35.0,
12-01-1938,45.0,36.0,
12-02-1938,44.0,34.0,
12-03-1938,39.0,33.0,
12-04-1938,47.0,32.0,
12-05-1938,45.0,40.0,
12-06-1938,43.0,34.0,
12-07-1938,55.0,39.0,
12-08-1938,54.0,42.0,
12-09-1938,40.0,38.0,
12-10-1938,34.0,28.0,
12-11-1938,32.0,28.0,
12-12-1938,29.0,18.0,
12-13-1938,34.0,17.0,
12-14-1938,36.0,23.0,
12-15-1938,39.0,25.0,
12-16-1938,29.0,17.0,
12-17-1938,38.0,19.0,
12-18-1938,25.0,19.0,
12-19-1938,30.0,21.0,
12-20-1938,26.0,21.0,
12-21-1938,30.0,21.0,
12-22-1938,38.0,19.0,
12-23-1938,40.0,25.0,
12-24-1938,40.0,36.0,
12-25-1938,32.0,30.0,
12-26-1938,34.0,13.0,
12-27-1938,41.0,17.0,
12-28-1938,42.0,28.0,
12-29-1938,44.0,35.0,
12-30-1938,42.0,25.0,
12-31-1938,56.0,38.0,
01-01-1939,,39.0,
01-02-1939,,39.0,
01-03-1939,,37.0,15
01-04-1939,,31.0,T
01-05-1939,,31.0,
01-06-1939,,31.0,
01-07-1939,,31.0,
01-08-1939,,32.0,10
01-09-1939,,32.0,T
01-10-1939,,32.0,
01-11-1939,,34.0,
01-12-1939,,30.0,
01-13-1939,,32.0,"./
12"
01-14-1939,,32.0,
01-15-1939,,33.0,T
01-16-1939,,29.0,".3
.03"
01-17-1939,,31.0,"1.3
.12"
01-18-1939,,31.0,".2
.08"
01-19-1939,,35.0,10
01-20-1939,,32.0,
01-21-1939,,25.0,
01-22-1939,,26.0,
01-23-1939,,28.0,
01-24-1939,,30.0,
01-25-1939,,82.0,.03
01-26-1939,,30.0,
01-27-1939,,33.0,
01-28-1939,,29.0,15
01-29-1939,,30.0,22
01-30-1939,,27.0,T
01-31-1939,,25.0,
02-01-1939,31.0,23.0,
02-02-1939,29.0,23.0,
02-03-1939,35.0,24.0,
02-04-1939,37.0,27.0,
02-05-1939,39.0,29.0,
02-06-1939,33.0,30.0,
02-07-1939,31.0,25.0,
02-08-1939,25.0,10.0,
02-09-1939,14.0,-6.0,
02-10-1939,27.0,6.0,
02-11-1939,40.0,7.0,
02-12-1939,38.0,34.0,
02-13-1939,37.0,31.0,
02-14-1939,42.0,32.0,
02-15-1939,38.0,31.0,
02-16-1939,8.0,22.0,
02-17-1939,42.0,24.0,
02-18-1939,45.0,35.0,
02-19-1939,36.0,20.0,
02-20-1939,35.0,25.0,
02-21-1939,36.0,21.0,
02-22-1939,40.0,24.0,
02-23-1939,40.0,25.0,
02-24-1939,43.0,27.0,
02-25-1939,35.0,29.0,
02-26-1939,36.0,23.0,
02-27-1939,33.0,25.0,
02-28-1939,34.0,20.0,
03-01-1939,36.0,23.0,
03-02-1939,39.0,29.0,
03-03-1939,33.0,29.0,
03-04-1939,27.0,24.0,
03-05-1939,34.0,15.0,
03-06-1939,36.0,29.0,
03-07-1939,37.0,21.0,
03-08-1939,40.0,23.0,
03-09-1939,36.0,26.0,
03-10-1939,41.0,30.0,
03-11-1939,40.0,36.0,
03-12-1939,39.0,32.0,
03-13-1939,38.0,29.0,
03-14-1939,39.0,28.0,
03-15-1939,36.0,30.0,
03-16-1939,42.0,31.0,
03-17-1939,45.0,35.0,
03-18-1939,54.0,35.0,
03-19-1939,62.0,34.0,
03-20-1939,66.0,39.0,
03-21-1939,29.0,41.0,
03-22-1939,68.0,41.0,
03-23-1939,68.0,42.0,
03-24-1939,67.0,42.0,
03-25-1939,58.0,46.0,
03-26-1939,47.0,36.0,
03-27-1939,53.0,31.0,
03-28-1939,54.0,32.0,
03-29-1939,56.0,33.0,
03-30-1939,67.0,38.0,
03-31-1939,60.0,45.0,
04-01-1939,61.0,46.0,
04-02-1939,63.0,41.0,
04-03-1939,54.0,46.0,
04-04-1939,46.0,30.0,
04-05-1939,49.0,33.0,
04-06-1939,56.0,29.0,
04-07-1939,60.0,36.0,
04-08-1939,57.0,41.0,
04-09-1939,50.0,38.0,
04-10-1939,56.0,31.0,
04-11-1939,57.0,37.0,
04-12-1939,42.0,31.0,0.4
04-13-1939,48.0,34.0,
04-14-1939,57.0,32.0,
04-15-1939,53.0,43.0,
04-16-1939,61.0,31.0,
04-17-1939,70.0,39.0,
04-18-1939,72.0,43.0,
04-19-1939,62.0,38.0,
04-20-1939,73.0,39.0,
04-21-1939,73.0,46.0,
04-22-1939,63.0,47.0,
04-23-1939,61.0,37.0,
04-24-1939,52.0,37.0,
04-25-1939,54.0,38.0,0.12
04-26-1939,69.0,39.0,
04-27-1939,82.0,48.0,
04-28-1939,86.0,54.0,
04-29-1939,57.0,49.0,
04-30-1939,66.0,40.0,
05-01-1939,76.0,42.0,
05-02-1939,73.0,56.0,
05-03-1939,66.0,50.0,
05-04-1939,58.0,43.0,
05-05-1939,58.0,34.0,
05-06-1939,63.0,37.0,
05-07-1939,63.0,42.0,
05-08-1939,73.0,43.0,
05-09-1939,39.0,43.0,
05-10-1939,70.0,34.0,
05-11-1939,73.0,40.0,
05-12-1939,77.0,48.0,
05-13-1939,81.0,47.0,
05-14-1939,85.0,42.0,
05-15-1939,87.0,54.0,
05-16-1939,57.0,54.0,0.17
05-17-1939,56.0,45.0,0.03
05-18-1939,63.0,41.0,
05-19-1939,59.0,42.0,0.34
05-20-1939,66.0,40.0,
05-21-1939,67.0,48.0,0.03
05-22-1939,60.0,44.0,0.07
05-23-1939,64.0,45.0,
05-24-1939,68.0,44.0,
05-25-1939,71.0,46.0,
05-26-1939,68.0,33.0,0.09
05-27-1939,76.0,50.0,
05-28-1939,73.0,60.0,
05-29-1939,66.0,61.0,0.03
05-30-1939,60.0,44.0,
05-31-1939,9.0,42.0,
06-01-1939,65.0,38.0,
06-02-1939,72.0,43.0,
06-03-1939,68.0,55.0,
06-04-1939,58.0,44.0,0.07
06-05-1939,55.0,38.0,
06-06-1939,61.0,43.0,0.01
06-07-1939,61.0,46.0,
06-08-1939,61.0,43.0,
06-09-1939,64.0,41.0,0.06
06-10-1939,68.0,40.0,
06-11-1939,72.0,44.0,
06-12-1939,75.0,52.0,
06-13-1939,76.0,48.0,
06-14-1939,76.0,47.0,
06-15-1939,58.0,52.0,0.02
06-16-1939,60.0,42.0,0.03
06-17-1939,57.0,47.0,0.01
06-18-1939,62.0,46.0,
06-19-1939,64.0,49.0,0.06
06-20-1939,68.0,51.0,
06-21-1939,77.0,42.0,
06-22-1939,77.0,53.0,
06-23-1939,65.0,50.0,
06-24-1939,66.0,48.0,
06-25-1939,68.0,45.0,
06-26-1939,73.0,42.0,
06-27-1939,84.0,50.0,
06-28-1939,91.0,59.0,
06-29-1939,93.0,71.0,
06-30-1939,76.0,56.0,
07-01-1939,79.0,48.0,
07-02-1939,76.0,49.0,
07-03-1939,61.0,52.0,0.42
07-04-1939,71.0,54.0,0.05
07-05-1939,67.0,51.0,0.12
07-06-1939,75.0,52.0,
07-07-1939,76.0,52.0,
07-08-1939,86.0,58.0,
07-09-1939,91.0,60.0,
07-10-1939,91.0,61.0,
07-11-1939,88.0,63.0,
07-12-1939,90.0,54.0,
07-13-1939,93.0,65.0,0.06
07-14-1939,80.0,63.0,
07-15-1939,73.0,54.0,
07-16-1939,69.0,48.0,
07-17-1939,77.0,45.0,
07-18-1939,78.0,48.0,
07-19-1939,69.0,54.0,
07-20-1939,74.0,51.0,
07-21-1939,81.0,49.0,
07-22-1939,87.0,51.0,
07-23-1939,90.0,59.0,
07-24-1939,88.0,67.0,
07-25-1939,92.0,60.0,
07-26-1939,98.0,64.0,
07-27-1939,100.0,67.0,
07-28-1939,97.0,72.0,
07-29-1939,91.0,60.0,
07-30-1939,86.0,52.0,
07-31-1939,75.0,60.0,
08-01-1939,82.0,52.0,
08-02-1939,90.0,48.0,
08-03-1939,90.0,62.0,
08-04-1939,87.0,66.0,
08-05-1939,84.0,66.0,
08-06-1939,73.0,54.0,
08-07-1939,76.0,48.0,
08-08-1939,82.0,46.0,
08-09-1939,83.0,52.0,
08-10-1939,89.0,59.0,
08-11-1939,89.0,62.0,
08-12-1939,82.0,63.0,
08-13-1939,83.0,59.0,
08-14-1939,82.0,56.0,
08-15-1939,81.0,56.0,
08-16-1939,88.0,53.0,
08-17-1939,81.0,59.0,
08-18-1939,82.0,56.0,
08-19-1939,86.0,49.0,
08-20-1939,88.0,55.0,
08-21-1939,88.0,54.0,
08-22-1939,91.0,58.0,
08-23-1939,90.0,58.0,
08-24-1939,83.0,59.0,
08-25-1939,83.0,64.0,
08-26-1939,84.0,52.0,
08-27-1939,82.0,54.0,
08-28-1939,69.0,57.0,
08-29-1939,74.0,42.0,
08-30-1939,76.0,52.0,
08-31-1939,73.0,51.0,
09-01-1939,,50.0,0.04
09-02-1939,,40.0,
09-03-1939,,48.0,
09-04-1939,,54.0,
09-05-1939,,54.0,
09-06-1939,,44.0,
09-07-1939,,40.0,
09-08-1939,,46.0,
09-09-1939,,47.0,
09-10-1939,,47.0,
09-11-1939,,52.0,
09-12-1939,,44.0,0.06
09-13-1939,,49.0,0.02
09-14-1939,,47.0,0.13
09-15-1939,,50.0,
09-16-1939,,52.0,
09-17-1939,,62.0,
09-18-1939,,52.0,
09-19-1939,,59.0,
09-20-1939,,60.0,
09-21-1939,,57.0,
09-22-1939,,57.0,
09-23-1939,,51.0,
09-24-1939,,51.0,
09-25-1939,,44.0,
09-26-1939,,43.0,
09-27-1939,,43.0,
09-28-1939,,43.0,
09-29-1939,,39.0,
09-30-1939,,45.0,
10-01-1939,61.0,44.0,
10-02-1939,50.0,43.0,15
10-03-1939,60.0,43.0,
10-04-1939,60.0,42.0,34.0
10-05-1939,54.0,43.0,
10-06-1939,55.0,36.0,
10-07-1939,55.0,33.0,
10-08-1939,56.0,32.0,
10-09-1939,61.0,36.0,
10-10-1939,62.0,44.0,
10-11-1939,64.0,41.0,
10-12-1939,87.0,44.0,
10-13-1939,70.0,44.0,
10-14-1939,70.0,47.0,
10-15-1939,53.0,48.0,
10-16-1939,64.0,43.0,
10-17-1939,58.0,45.0,
10-18-1939,19.0,46.0,9.0
10-19-1939,59.0,43.0,
10-20-1939,65.0,43.0,
10-21-1939,67.0,45.0,
10-22-1939,67.0,43.0,
10-23-1939,69.0,43.0,
10-24-1939,42.0,37.0,05
10-25-1939,42.0,31.0,
10-26-1939,38.0,31.0,
10-27-1939,57.0,29.0,20
10-28-1939,61.0,35.0,
10-29-1939,56.0,32.0,
10-30-1939,62.0,38.0,
10-31-1939,58.0,37.0,
11-01-1939,59.0,34.0,
11-02-1939,60.0,39.0,
11-03-1939,46.0,41.0,
11-04-1939,49.0,28.0,
11-05-1939,57.0,28.0,
11-06-1939,57.0,37.0,
11-07-1939,57.0,44.0,
11-08-1939,47.0,44.0,
11-09-1939,44.0,33.0,
11-10-1939,50.0,32.0,
11-11-1939,57.0,36.0,
11-12-1939,60.0,39.0,
11-13-1939,60.0,40.0,
11-14-1939,55.0,35.0,
11-15-1939,57.0,24.0,
11-16-1939,58.0,35.0,
11-17-1939,57.0,28.0,
11-18-1939,52.0,36.0,
11-19-1939,52.0,33.0,
11-20-1939,52.0,31.0,
11-21-1939,53.0,31.0,
11-22-1939,54.0,42.0,
11-23-1939,28.0,38.0,
11-24-1939,62.0,43.0,
11-25-1939,64.0,42.0,
11-26-1939,33.0,41.0,
11-27-1939,48.0,35.0,
11-28-1939,44.0,27.0,
11-29-1939,50.0,33.0,
11-30-1939,33.0,37.0,
12-01-1939,50.0,35.0,
12-02-1939,34.0,41.0,
12-03-1939,55.0,39.0,
12-04-1939,57.0,38.0,
12-05-1939,64.0,42.0,
12-06-1939,52.0,32.0,
12-07-1939,54.0,38.0,
12-08-1939,51.0,43.0,
12-09-1939,29.0,40.0,
12-10-1939,57.0,44.0,
12-11-1939,43.0,36.0,
12-12-1939,40.0,31.0,
12-13-1939,42.0,33.0,
12-14-1939,50.0,34.0,
12-15-1939,53.0,40.0,
12-16-1939,54.0,38.0,
12-17-1939,45.0,39.0,
12-18-1939,41.0,31.0,
12-19-1939,44.0,33.0,
12-20-1939,42.0,36.0,
12-21-1939,40.0,33.0,
12-22-1939,33.0,30.0,
12-23-1939,35.0,24.0,
12-24-1939,30.0,20.0,
12-25-1939,27.0,21.0,
12-26-1939,26.0,22.0,
12-27-1939,30.0,16.0,
12-28-1939,35.0,27.0,
12-29-1939,39.0,28.0,
12-30-1939,39.0,25.0,
12-31-1939,47.0,32.0,
01-01-1940,48.0,32.0,22
01-02-1940,51.0,37.0,
01-03-1940,44.0,33.0,
01-04-1940,23.0,36.0,
01-05-1940,40.0,30.0,
01-06-1940,32.0,30.0,as
01-07-1940,35.0,27.0,
01-08-1940,33.0,28.0,"4
04"
01-09-1940,38.0,29.0,"2.3
.23"
01-10-1940,38.0,26.0,"20
25"
01-11-1940,30.0,16.0,
01-12-1940,31.0,19.0,"3.0
30"
01-13-1940,35.0,18.0,
01-14-1940,37.0,28.0,
01-15-1940,43.0,24.0,T
01-16-1940,42.0,30.0,T
01-17-1940,39.0,34.0,
01-18-1940,26.0,14.0,
01-19-1940,25.0,16.0,
01-20-1940,31.0,17.0,
01-21-1940,28.0,15.0,
01-22-1940,35.0,21.0,T
01-23-1940,31.0,22.0,
01-24-1940,22.0,14.0,
01-25-1940,36.0,15.0,"1.5
13"
01-26-1940,41.0,12.0,25
01-27-1940,48.0,24.0,14
01-28-1940,30.0,37.0,
01-29-1940,50.0,36.0,
01-30-1940,49.0,34.0,
01-31-1940,49.0,26.0,
02-01-1940,43.0,22.0,
02-02-1940,37.0,24.0,
02-03-1940,42.0,30.0,
02-04-1940,45.0,30.0,
02-05-1940,44.0,36.0,
02-06-1940,47.0,37.0,
02-07-1940,43.0,36.0,
02-08-1940,44.0,32.0,
02-09-1940,49.0,34.0,
02-10-1940,42.0,24.0,
02-11-1940,43.0,31.0,
02-12-1940,43.0,30.0,
02-13-1940,37.0,32.0,
02-14-1940,39.0,32.0,
02-15-1940,40.0,29.0,
02-16-1940,40.0,29.0,
02-17-1940,42.0,31.0,
02-18-1940,41.0,31.0,
02-19-1940,45.0,32.0,
02-20-1940,46.0,28.0,
02-21-1940,43.0,29.0,
02-22-1940,35.0,30.0,
02-23-1940,41.0,28.0,
02-24-1940,47.0,28.0,
02-25-1940,49.0,34.0,
02-26-1940,49.0,38.0,
02-27-1940,49.0,37.0,
02-28-1940,52.0,39.0,
02-29-1940,50.0,40.0,
03-01-1940,50.0,34.0,
03-02-1940,49.0,38.0,
03-03-1940,50.0,31.0,
03-04-1940,48.0,36.0,
03-05-1940,45.0,32.0,
03-06-1940,47.0,32.0,
03-07-1940,47.0,35.0,
03-08-1940,44.0,33.0,
03-09-1940,46.0,30.0,
03-10-1940,44.0,29.0,
03-11-1940,44.0,29.0,
03-12-1940,45.0,30.0,
03-13-1940,50.0,31.0,
03-14-1940,58.0,34.0,
03-15-1940,62.0,40.0,
03-16-1940,50.0,44.0,
03-17-1940,51.0,34.0,
03-18-1940,33.0,32.0,
03-19-1940,58.0,32.0,
03-20-1940,62.0,37.0,
03-21-1940,65.0,36.0,
03-22-1940,62.0,36.0,
03-23-1940,62.0,41.0,
03-24-1940,36.0,40.0,
03-25-1940,54.0,43.0,
03-26-1940,57.0,42.0,
03-27-1940,54.0,42.0,
03-28-1940,53.0,40.0,
03-29-1940,51.0,41.0,
03-30-1940,51.0,43.0,
03-31-1940,52.0,43.0,
04-01-1940,49.0,40.0,0.4
04-02-1940,49.0,35.0,0.07
04-03-1940,56.0,32.0,
04-04-1940,59.0,38.0,
04-05-1940,52.0,41.0,0.26
04-06-1940,58.0,36.0,
04-07-1940,52.0,42.0,0.01
04-08-1940,57.0,44.0,0.07
04-09-1940,48.0,42.0,0.29
04-10-1940,55.0,36.0,0.91
04-11-1940,61.0,27.0,
04-12-1940,72.0,46.0,
04-13-1940,68.0,51.0,
04-14-1940,57.0,41.0,
04-15-1940,61.0,40.0,
04-16-1940,39.0,35.0,
04-17-1940,67.0,42.0,
04-18-1940,61.0,47.0,
04-19-1940,63.0,41.0,
04-20-1940,56.0,42.0,
04-21-1940,59.0,37.0,
04-22-1940,68.0,40.0,
04-23-1940,37.0,43.0,0.26
04-24-1940,56.0,40.0,0.17
04-25-1940,54.0,40.0,
04-26-1940,57.0,44.0,0.31
04-27-1940,57.0,42.0,
04-28-1940,55.0,42.0,0.15
04-29-1940,53.0,36.0,
04-30-1940,55.0,34.0,
05-01-1940,71.0,43.0,0.08
05-02-1940,67.0,53.0,
05-03-1940,62.0,41.0,0.08
05-04-1940,55.0,46.0,0.03
05-05-1940,56.0,38.0,0.05
05-06-1940,61.0,39.0,
05-07-1940,69.0,40.0,
05-08-1940,73.0,47.0,
05-09-1940,83.0,49.0,
05-10-1940,79.0,57.0,
05-11-1940,69.0,33.0,
05-12-1940,64.0,43.0,
05-13-1940,68.0,34.0,
05-14-1940,62.0,51.0,
05-15-1940,63.0,45.0,0.03
05-16-1940,67.0,46.0,
05-17-1940,68.0,40.0,
05-18-1940,77.0,44.0,
05-19-1940,72.0,56.0,
05-20-1940,72.0,46.0,
05-21-1940,79.0,50.0,
05-22-1940,84.0,52.0,
05-23-1940,86.0,56.0,
05-24-1940,78.0,56.0,
05-25-1940,62.0,45.0,0.05
05-26-1940,61.0,38.0,
05-27-1940,70.0,36.0,
05-28-1940,77.0,42.0,
05-29-1940,81.0,47.0,
05-30-1940,74.0,59.0,0.08
05-31-1940,9.0,53.0,0.1
06-01-1940,60.0,50.0,0.07
06-02-1940,65.0,49.0,
06-03-1940,70.0,47.0,
06-04-1940,66.0,47.0,
06-05-1940,68.0,44.0,
06-06-1940,69.0,44.0,
06-07-1940,58.0,44.0,0.21
06-08-1940,72.0,45.0,0.07
06-09-1940,70.0,48.0,
06-10-1940,85.0,43.0,
06-11-1940,88.0,54.0,
06-12-1940,91.0,59.0,
06-13-1940,76.0,58.0,
06-14-1940,77.0,46.0,
06-15-1940,83.0,50.0,
06-16-1940,72.0,52.0,
06-17-1940,83.0,51.0,
06-18-1940,76.0,54.0,
06-19-1940,93.0,63.0,
06-20-1940,74.0,55.0,
06-21-1940,74.0,45.0,
06-22-1940,76.0,53.0,
06-23-1940,83.0,49.0,
06-24-1940,92.0,54.0,
06-25-1940,86.0,63.0,
06-26-1940,76.0,57.0,
06-27-1940,75.0,50.0,
06-28-1940,85.0,49.0,
06-29-1940,89.0,54.0,
06-30-1940,75.0,66.0,
07-01-1940,88.0,57.0,
07-02-1940,85.0,62.0,
07-03-1940,85.0,57.0,
07-04-1940,85.0,60.0,
07-05-1940,79.0,60.0,
07-06-1940,80.0,55.0,
07-07-1940,86.0,51.0,
07-08-1940,86.0,52.0,
07-09-1940,84.0,55.0,
07-10-1940,88.0,55.0,
07-11-1940,96.0,51.0,
07-12-1940,90.0,64.0,
07-13-1940,81.0,59.0,
07-14-1940,88.0,54.0,
07-15-1940,98.0,51.0,
07-16-1940,83.0,63.0,
07-17-1940,81.0,55.0,
07-18-1940,83.0,55.0,0.18
07-19-1940,86.0,59.0,
07-20-1940,77.0,59.0,0.1
07-21-1940,80.0,54.0,
07-22-1940,89.0,55.0,
07-23-1940,84.0,63.0,
07-24-1940,78.0,62.0,
07-25-1940,74.0,55.0,
07-26-1940,62.0,55.0,0.1
07-27-1940,66.0,52.0,0.2
07-28-1940,72.0,52.0,
07-29-1940,76.0,59.0,
07-30-1940,69.0,58.0,
07-31-1940,76.0,49.0,
08-01-1940,72.0,58.0,
08-02-1940,78.0,50.0,
08-03-1940,79.0,51.0,
08-04-1940,80.0,50.0,
08-05-1940,86.0,52.0,
08-06-1940,87.0,56.0,
08-07-1940,87.0,57.0,
08-08-1940,91.0,54.0,
08-09-1940,82.0,57.0,
08-10-1940,85.0,58.0,
08-11-1940,91.0,54.0,
08-12-1940,82.0,66.0,
08-13-1940,75.0,52.0,
08-14-1940,77.0,46.0,
08-15-1940,77.0,53.0,
08-16-1940,83.0,47.0,
08-17-1940,90.0,53.0,
08-18-1940,93.0,59.0,
08-19-1940,94.0,61.0,
08-20-1940,88.0,61.0,
08-21-1940,78.0,56.0,
08-22-1940,79.0,57.0,
08-23-1940,78.0,54.0,
08-24-1940,80.0,51.0,
08-25-1940,79.0,58.0,
08-26-1940,81.0,53.0,
08-27-1940,67.0,62.0,
08-28-1940,73.0,50.0,
08-29-1940,83.0,51.0,
08-30-1940,89.0,62.0,
08-31-1940,77.0,56.0,
09-01-1940,,52.0,
09-02-1940,,53.0,
09-03-1940,,53.0,0.05
09-04-1940,,52.0,0.01
09-05-1940,,48.0,0.69
09-06-1940,,46.0,
09-07-1940,,53.0,
09-08-1940,,61.0,
09-09-1940,,62.0,
09-10-1940,,60.0,
09-11-1940,,61.0,
09-12-1940,,66.0,
09-13-1940,,59.0,0.51
09-14-1940,,51.0,0.04
09-15-1940,,56.0,
09-16-1940,,57.0,
09-17-1940,,55.0,0.12
09-18-1940,,51.0,0.8
09-19-1940,,50.0,
09-20-1940,,48.0,
09-21-1940,,50.0,
09-22-1940,,44.0,
09-23-1940,,51.0,
09-24-1940,,55.0,
09-25-1940,,54.0,
09-26-1940,,56.0,
09-27-1940,,45.0,0.91
09-28-1940,,47.0,0.29
09-29-1940,,46.0,
09-30-1940,,50.0,0.36
10-01-1940,57.0,46.0,25
10-02-1940,61.0,45.0,T
10-03-1940,50.0,41.0,1.14
10-04-1940,58.0,42.0,0.35
10-05-1940,61.0,44.0,T
10-06-1940,66.0,45.0,
10-07-1940,69.0,47.0,
10-08-1940,64.0,45.0,
10-09-1940,63.0,43.0,
10-10-1940,63.0,46.0,
10-11-1940,60.0,54.0,0.05
10-12-1940,62.0,47.0,T
10-13-1940,61.0,48.0,2.0
10-14-1940,64.0,46.0,
10-15-1940,64.0,44.0,
10-16-1940,66.0,47.0,
10-17-1940,68.0,51.0,
10-18-1940,73.0,52.0,
10-19-1940,72.0,50.0,
10-20-1940,72.0,56.0,
10-21-1940,58.0,48.0,19
10-22-1940,59.0,41.0,
10-23-1940,61.0,45.0,T
10-24-1940,60.0,47.0,.35
10-25-1940,53.0,39.0,25
10-26-1940,41.0,39.0,05
10-27-1940,45.0,38.0,70
10-28-1940,56.0,31.0,T
10-29-1940,52.0,38.0,
10-30-1940,54.0,39.0,28
10-31-1940,51.0,40.0,.04
11-01-1940,51.0,36.0,
11-02-1940,45.0,38.0,
11-03-1940,43.0,33.0,
11-04-1940,43.0,30.0,
11-05-1940,38.0,32.0,
11-06-1940,48.0,32.0,
11-07-1940,47.0,36.0,
11-08-1940,40.0,37.0,
11-09-1940,35.0,31.0,
11-10-1940,27.0,15.0,
11-11-1940,28.0,14.0,
11-12-1940,26.0,7.0,
11-13-1940,32.0,12.0,
11-14-1940,40.0,21.0,
11-15-1940,44.0,25.0,
11-16-1940,48.0,30.0,
11-17-1940,43.0,30.0,
11-18-1940,36.0,28.0,
11-19-1940,38.0,26.0,
11-20-1940,34.0,28.0,
11-21-1940,31.0,26.0,
11-22-1940,31.0,26.0,
11-23-1940,27.0,19.0,
11-24-1940,35.0,27.0,
11-25-1940,38.0,32.0,
11-26-1940,36.0,28.0,
11-27-1940,44.0,27.0,
11-28-1940,51.0,28.0,
11-29-1940,48.0,36.0,
11-30-1940,44.0,31.0,
12-01-1940,40.0,32.0,
12-02-1940,52.0,36.0,
12-03-1940,48.0,39.0,
12-04-1940,48.0,38.0,
12-05-1940,48.0,39.0,
12-06-1940,44.0,34.0,
12-07-1940,45.0,34.0,
12-08-1940,50.0,38.0,
12-09-1940,39.0,29.0,
12-10-1940,31.0,24.0,
12-11-1940,30.0,18.0,
12-12-1940,32.0,19.0,
12-13-1940,28.0,14.0,
12-14-1940,28.0,14.0,
12-15-1940,32.0,14.0,
12-16-1940,38.0,18.0,
12-17-1940,42.0,22.0,
12-18-1940,46.0,32.0,
12-19-1940,45.0,29.0,
12-20-1940,47.0,34.0,
12-21-1940,54.0,41.0,
12-22-1940,45.0,40.0,
12-23-1940,45.0,34.0,
12-24-1940,45.0,36.0,
12-25-1940,40.0,34.0,
12-26-1940,39.0,33.0,
12-27-1940,40.0,33.0,
12-28-1940,43.0,32.0,
12-29-1940,40.0,34.0,
12-30-1940,37.0,32.0,
12-31-1940,35.0,28.0,
01-01-1941,29.0,19.0,
01-02-1941,29.0,18.0,
01-03-1941,30.0,24.0,
01-04-1941,28.0,20.0,"1.50
15"
01-05-1941,32.0,20.0,
01-06-1941,36.0,23.0,"4.0
44"
01-07-1941,35.0,25.0,"1.0
16"
01-08-1941,39.0,29.0,
01-09-1941,41.0,30.0,
01-10-1941,41.0,33.0,
01-11-1941,42.0,26.0,
01-12-1941,40.0,18.0,
01-13-1941,38.0,23.0,02
01-14-1941,36.0,34.0,06
01-15-1941,35.0,28.0,"10
07"
01-16-1941,35.0,28.0,T
01-17-1941,39.0,26.0,1.25
01-18-1941,41.0,32.0,27
01-19-1941,46.0,33.0,13
01-20-1941,34.0,30.0,T
01-21-1941,39.0,31.0,T
01-22-1941,34.0,31.0,T
01-23-1941,36.0,31.0,T
01-24-1941,44.0,32.0,12
01-25-1941,44.0,36.0,
01-26-1941,44.0,36.0,24
01-27-1941,44.0,31.0,T
01-28-1941,47.0,32.0,
01-29-1941,45.0,30.0,
01-30-1941,48.0,28.0,
01-31-1941,46.0,35.0,
02-01-1941,43.0,38.0,
02-02-1941,45.0,31.0,
02-03-1941,47.0,33.0,
02-04-1941,52.0,34.0,
02-05-1941,53.0,35.0,
02-06-1941,50.0,36.0,
02-07-1941,43.0,35.0,
02-08-1941,45.0,30.0,
02-09-1941,42.0,34.0,
02-10-1941,4.0,34.0,
02-11-1941,44.0,35.0,
02-12-1941,41.0,33.0,
02-13-1941,42.0,30.0,
02-14-1941,43.0,27.0,
02-15-1941,42.0,28.0,
02-16-1941,43.0,28.0,
02-17-1941,42.0,29.0,
02-18-1941,46.0,27.0,
02-19-1941,42.0,29.0,
02-20-1941,51.0,31.0,
02-21-1941,51.0,33.0,
02-22-1941,50.0,33.0,
02-23-1941,42.0,29.0,
02-24-1941,33.0,27.0,
02-25-1941,41.0,28.0,
02-26-1941,41.0,29.0,
02-27-1941,56.0,32.0,
02-28-1941,50.0,42.0,
03-01-1941,53.0,44.0,
03-02-1941,47.0,40.0,
03-03-1941,51.0,35.0,
03-04-1941,54.0,34.0,
03-05-1941,51.0,39.0,
03-06-1941,52.0,34.0,
03-07-1941,59.0,36.0,
03-08-1941,55.0,42.0,
03-09-1941,48.0,30.0,
03-10-1941,50.0,28.0,
03-11-1941,52.0,32.0,
03-12-1941,44.0,29.0,
03-13-1941,44.0,24.0,
03-14-1941,49.0,24.0,
03-15-1941,57.0,31.0,
03-16-1941,60.0,36.0,
03-17-1941,67.0,39.0,
03-18-1941,50.0,39.0,
03-19-1941,53.0,34.0,
03-20-1941,50.0,31.0,
03-21-1941,55.0,30.0,
03-22-1941,42.0,34.0,
03-23-1941,46.0,32.0,
03-24-1941,55.0,32.0,
03-25-1941,60.0,34.0,
03-26-1941,62.0,40.0,
03-27-1941,65.0,41.0,
03-28-1941,68.0,42.0,
03-29-1941,61.0,42.0,
03-30-1941,63.0,45.0,
03-31-1941,64.0,41.0,
04-01-1941,65.0,43.0,
04-02-1941,50.0,43.0,0.44
04-03-1941,52.0,41.0,0.33
04-04-1941,50.0,37.0,0.03
04-05-1941,52.0,42.0,0.01
04-06-1941,54.0,36.0,
04-07-1941,61.0,36.0,
04-08-1941,65.0,37.0,
04-09-1941,61.0,46.0,
04-10-1941,44.0,40.0,0.32
04-11-1941,49.0,39.0,0.82
04-12-1941,54.0,40.0,
04-13-1941,60.0,38.0,
04-14-1941,65.0,38.0,
04-15-1941,47.0,36.0,0.01
04-16-1941,47.0,30.0,
04-17-1941,48.0,34.0,
04-18-1941,56.0,31.0,
04-19-1941,61.0,33.0,
04-20-1941,66.0,37.0,
04-21-1941,68.0,40.0,
04-22-1941,70.0,43.0,
04-23-1941,67.0,44.0,
04-24-1941,68.0,45.0,
04-25-1941,68.0,42.0,
04-26-1941,67.0,45.0,
04-27-1941,64.0,48.0,0.01
04-28-1941,70.0,45.0,
04-29-1941,76.0,50.0,
04-30-1941,72.0,49.0,
05-01-1941,55.0,50.0,0.31
05-02-1941,64.0,42.0,0.01
05-03-1941,55.0,44.0,0.11
05-04-1941,57.0,40.0,0.1
05-05-1941,53.0,40.0,0.41
05-06-1941,53.0,38.0,0.02
05-07-1941,52.0,41.0,0.02
05-08-1941,57.0,40.0,0.91
05-09-1941,68.0,37.0,
05-10-1941,77.0,49.0,
05-11-1941,85.0,54.0,
05-12-1941,69.0,53.0,0.09
05-13-1941,54.0,51.0,0.28
05-14-1941,53.0,43.0,0.05
05-15-1941,60.0,40.0,
05-16-1941,67.0,49.0,0.04
05-17-1941,53.0,50.0,0.86
05-18-1941,52.0,35.0,0.19
05-19-1941,57.0,36.0,0.02
05-20-1941,64.0,40.0,
05-21-1941,70.0,47.0,
05-22-1941,77.0,44.0,
05-23-1941,84.0,51.0,
05-24-1941,75.0,55.0,
05-25-1941,72.0,52.0,
05-26-1941,63.0,47.0,0.17
05-27-1941,55.0,45.0,0.31
05-28-1941,55.0,42.0,0.03
05-29-1941,69.0,39.0,0.16
05-30-1941,62.0,48.0,0.4
05-31-1941,59.0,48.0,0.16
06-01-1941,65.0,45.0,
06-02-1941,67.0,50.0,0.03
06-03-1941,69.0,53.0,
06-04-1941,70.0,47.0,
06-05-1941,72.0,48.0,
06-06-1941,64.0,53.0,0.02
06-07-1941,48.0,44.0,0.52
06-08-1941,58.0,44.0,0.27
06-09-1941,65.0,46.0,
06-10-1941,74.0,46.0,
06-11-1941,18.0,53.0,
06-12-1941,65.0,57.0,
06-13-1941,71.0,60.0,
06-14-1941,77.0,47.0,
06-15-1941,65.0,47.0,0.43
06-16-1941,65.0,50.0,
06-17-1941,66.0,48.0,0.11
06-18-1941,61.0,51.0,0.45
06-19-1941,62.0,47.0,0.04
06-20-1941,66.0,44.0,0.02
06-21-1941,80.0,43.0,
06-22-1941,82.0,63.0,
06-23-1941,76.0,52.0,
06-24-1941,65.0,57.0,
06-25-1941,62.0,50.0,0.04
06-26-1941,72.0,47.0,
06-27-1941,69.0,55.0,
06-28-1941,59.0,48.0,0.59
06-29-1941,57.0,48.0,0.86
06-30-1941,70.0,51.0,
07-01-1941,78.0,52.0,
07-02-1941,81.0,57.0,
07-03-1941,82.0,59.0,
07-04-1941,77.0,58.0,0.03
07-05-1941,82.0,58.0,
07-06-1941,90.0,59.0,
07-07-1941,79.0,61.0,0.16
07-08-1941,72.0,58.0,
07-09-1941,81.0,54.0,
07-10-1941,81.0,53.0,
07-11-1941,82.0,51.0,
07-12-1941,82.0,55.0,
07-13-1941,86.0,55.0,
07-14-1941,89.0,63.0,
07-15-1941,93.0,64.0,
07-16-1941,96.0,68.0,
07-17-1941,96.0,70.0,
07-18-1941,91.0,67.0,
07-19-1941,88.0,67.0,
07-20-1941,85.0,67.0,
07-21-1941,85.0,61.0,
07-22-1941,78.0,60.0,
07-23-1941,77.0,53.0,
07-24-1941,78.0,53.0,
07-25-1941,81.0,53.0,
07-26-1941,85.0,55.0,
07-27-1941,76.0,61.0,0.02
07-28-1941,72.0,54.0,
07-29-1941,80.0,53.0,
07-30-1941,86.0,55.0,
07-31-1941,79.0,63.0,
08-01-1941,72.0,52.0,
08-02-1941,69.0,54.0,
08-03-1941,72.0,54.0,
08-04-1941,68.0,53.0,0.09
08-05-1941,78.0,55.0,0.04
08-06-1941,83.0,50.0,
08-07-1941,86.0,49.0,
08-08-1941,85.0,57.0,
08-09-1941,87.0,64.0,
08-10-1941,91.0,63.0,
08-11-1941,78.0,63.0,
08-12-1941,67.0,57.0,0.07
08-13-1941,81.0,59.0,0.05
08-14-1941,88.0,60.0,
08-15-1941,90.0,64.0,
08-16-1941,84.0,63.0,0.03
08-17-1941,84.0,54.0,
08-18-1941,83.0,53.0,
08-19-1941,86.0,58.0,
08-20-1941,85.0,61.0,0.01
08-21-1941,86.0,58.0,
08-22-1941,84.0,65.0,
08-23-1941,72.0,59.0,0.01
08-24-1941,68.0,51.0,
08-25-1941,66.0,54.0,
08-26-1941,69.0,51.0,0.04
08-27-1941,63.0,50.0,0.17
08-28-1941,65.0,48.0,
08-29-1941,71.0,44.0,
08-30-1941,69.0,51.0,
08-31-1941,71.0,49.0,
09-01-1941,,53.0,0.14
09-02-1941,,54.0,0.22
09-03-1941,,49.0,0.12
09-04-1941,,53.0,0.13
09-05-1941,,55.0,
09-06-1941,,50.0,
09-07-1941,,44.0,0.01
09-08-1941,,41.0,
09-09-1941,,57.0,
09-10-1941,,55.0,0.06
09-11-1941,,46.0,0.36
09-12-1941,,45.0,0.15
09-13-1941,,48.0,0.07
09-14-1941,,48.0,0.01
09-15-1941,,45.0,0.27
09-16-1941,,43.0,
09-17-1941,,52.0,
09-18-1941,,46.0,0.47
09-19-1941,,39.0,0.02
09-20-1941,,37.0,0.01
09-21-1941,,35.0,
09-22-1941,,36.0,
09-23-1941,,40.0,
09-24-1941,,46.0,
09-25-1941,,48.0,
09-26-1941,,56.0,
09-27-1941,,44.0,
09-28-1941,,39.0,
09-29-1941,,48.0,
09-30-1941,,47.0,0.04
10-01-1941,55.0,46.0,04
10-02-1941,55.0,35.0,10
10-03-1941,60.0,39.0,
10-04-1941,55.0,41.0,37.0
10-05-1941,51.0,37.0,20
10-06-1941,51.0,35.0,
10-07-1941,49.0,41.0,13
10-08-1941,51.0,39.0,
10-09-1941,60.0,37.0,70
10-10-1941,60.0,41.0,
10-11-1941,65.0,40.0,
10-12-1941,51.0,45.0,07
10-13-1941,54.0,36.0,10.0
10-14-1941,62.0,38.0,
10-15-1941,61.0,44.0,
10-16-1941,56.0,43.0,
10-17-1941,61.0,41.0,103
10-18-1941,65.0,48.0,
10-19-1941,50.0,47.0,
10-20-1941,55.0,48.0,T
10-21-1941,53.0,41.0,
10-22-1941,57.0,43.0,
10-23-1941,57.0,38.0,
10-24-1941,52.0,41.0,
10-25-1941,47.0,41.0,05
10-26-1941,57.0,40.0,02
10-27-1941,58.0,42.0,2
10-28-1941,44.0,42.0,
10-29-1941,45.0,37.0,2/
10-30-1941,46.0,31.0,
10-31-1941,47.0,35.0,
11-01-1941,51.0,40.0,
11-02-1941,46.0,33.0,
11-03-1941,52.0,39.0,
11-04-1941,55.0,42.0,
11-05-1941,55.0,42.0,
11-06-1941,52.0,32.0,
11-07-1941,55.0,35.0,
11-08-1941,55.0,37.0,
11-09-1941,59.0,35.0,
11-10-1941,61.0,43.0,
11-11-1941,57.0,42.0,
11-12-1941,48.0,42.0,
11-13-1941,52.0,40.0,
11-14-1941,47.0,42.0,
11-15-1941,42.0,41.0,
11-16-1941,42.0,34.0,
11-17-1941,34.0,33.0,
11-18-1941,36.0,30.0,
11-19-1941,36.0,23.0,
11-20-1941,36.0,26.0,
11-21-1941,36.0,27.0,
11-22-1941,37.0,27.0,
11-23-1941,35.0,25.0,
11-24-1941,49.0,25.0,
11-25-1941,51.0,33.0,
11-26-1941,49.0,36.0,
11-27-1941,49.0,35.0,
11-28-1941,52.0,37.0,
11-29-1941,55.0,39.0,
11-30-1941,51.0,44.0,
12-01-1941,52.0,39.0,
12-02-1941,54.0,43.0,
12-03-1941,39.0,37.0,
12-04-1941,40.0,30.0,
12-05-1941,40.0,24.0,
12-06-1941,44.0,30.0,
12-07-1941,43.0,31.0,
12-08-1941,42.0,31.0,
12-09-1941,36.0,29.0,
12-10-1941,29.0,26.0,
12-11-1941,30.0,27.0,
12-12-1941,35.0,28.0,
12-13-1941,38.0,22.0,
12-14-1941,41.0,29.0,
12-15-1941,52.0,34.0,
12-16-1941,48.0,48.0,
12-17-1941,39.0,34.0,
12-18-1941,48.0,33.0,
12-19-1941,52.0,36.0,
12-20-1941,42.0,40.0,
12-21-1941,39.0,31.0,
12-22-1941,43.0,31.0,
12-23-1941,34.0,32.0,
12-24-1941,30.0,28.0,
12-25-1941,32.0,25.0,
12-26-1941,28.0,19.0,
12-27-1941,30.0,18.0,
12-28-1941,36.0,20.0,
12-29-1941,28.0,18.0,
12-30-1941,24.0,23.0,
12-31-1941,13.0,10.0,
01-01-1942,12.0,-9.0,
01-02-1942,15.0,5.0,
01-03-1942,12.0,9.0,"3.7
20"
01-04-1942,12.0,-7.0,"0.8
06"
01-05-1942,13.0,-4.0,to
01-06-1942,14.0,0.0,"0.1
10'"
01-07-1942,19.0,4.0,
01-08-1942,24.0,4.0,"2.4
0.20"
01-09-1942,28.0,12.0,"0,3
0.03"
01-10-1942,38.0,20.0,T
01-11-1942,32.0,17.0,
01-12-1942,32.0,17.0,
01-13-1942,36.0,21.0,
01-14-1942,31.0,15.0,
01-15-1942,31.0,6.0,
01-16-1942,29.0,13.0,
01-17-1942,35.0,19.0,
01-18-1942,34.0,23.0,
01-19-1942,35.0,22.0,
01-20-1942,35.0,24.0,
01-21-1942,37.0,23.0,
01-22-1942,42.0,23.0,
01-23-1942,41.0,28.0,
01-24-1942,45.0,34.0,0.24
01-25-1942,44.0,37.0,
01-26-1942,43.0,32.0,T
01-27-1942,40.0,36.0,0.59
01-28-1942,35.0,35.0,0.14
01-29-1942,36.0,31.0,T
01-30-1942,35.0,29.0,
01-31-1942,40.0,30.0,
02-01-1942,45.0,32.0,
02-02-1942,40.0,34.0,
02-03-1942,44.0,34.0,
02-04-1942,44.0,36.0,
02-05-1942,45.0,34.0,
02-06-1942,38.0,34.0,
02-07-1942,43.0,31.0,
02-08-1942,39.0,35.0,
02-09-1942,39.0,31.0,
02-10-1942,37.0,30.0,
02-11-1942,39.0,33.0,
02-12-1942,33.0,27.0,
02-13-1942,36.0,26.0,
02-14-1942,38.0,28.0,
02-15-1942,42.0,28.0,
02-16-1942,36.0,29.0,
02-17-1942,30.0,14.0,
02-18-1942,32.0,13.0,
02-19-1942,36.0,20.0,
02-20-1942,35.0,20.0,
02-21-1942,34.0,24.0,
02-22-1942,28.0,22.0,
02-23-1942,33.0,12.0,
02-24-1942,37.0,21.0,
02-25-1942,38.0,25.0,
02-26-1942,39.0,22.0,
02-27-1942,32.0,23.0,
02-28-1942,37.0,29.0,
03-01-1942,51.0,31.0,
03-02-1942,45.0,31.0,
03-03-1942,41.0,28.0,
03-04-1942,44.0,29.0,
03-05-1942,46.0,29.0,
03-06-1942,42.0,28.0,
03-07-1942,42.0,28.0,
03-08-1942,53.0,33.0,
03-09-1942,49.0,41.0,
03-10-1942,52.0,35.0,
03-11-1942,51.0,35.0,
03-12-1942,40.0,31.0,
03-13-1942,40.0,30.0,
03-14-1942,37.0,28.0,
03-15-1942,41.0,21.0,
03-16-1942,38.0,30.0,
03-17-1942,41.0,30.0,
03-18-1942,42.0,30.0,
03-19-1942,43.0,27.0,
03-20-1942,49.0,28.0,
03-21-1942,55.0,30.0,
03-22-1942,43.0,35.0,
03-23-1942,41.0,32.0,
03-24-1942,39.0,27.0,
03-25-1942,42.0,28.0,
03-26-1942,46.0,29.0,
03-27-1942,54.0,29.0,
03-28-1942,59.0,32.0,
03-29-1942,64.0,37.0,
03-30-1942,68.0,42.0,
03-31-1942,69.0,44.0,
04-01-1942,53.0,40.0,0.17
04-02-1942,61.0,34.0,
04-03-1942,59.0,38.0,
04-04-1942,64.0,37.0,
04-05-1942,59.0,40.0,
04-06-1942,59.0,41.0,
04-07-1942,61.0,37.0,
04-08-1942,62.0,41.0,
04-09-1942,73.0,42.0,
04-10-1942,65.0,44.0,
04-11-1942,70.0,45.0,
04-12-1942,64.0,42.0,
04-13-1942,61.0,47.0,
04-14-1942,53.0,38.0,0.17
04-15-1942,57.0,38.0,
04-16-1942,67.0,42.0,
04-17-1942,54.0,36.0,0.33
04-18-1942,59.0,40.0,
04-19-1942,73.0,41.0,
04-20-1942,79.0,49.0,
04-21-1942,69.0,54.0,
04-22-1942,46.0,34.0,0.03
04-23-1942,51.0,31.0,
04-24-1942,49.0,31.0,
04-25-1942,47.0,33.0,0.14
04-26-1942,51.0,35.0,0.01
04-27-1942,53.0,35.0,
04-28-1942,50.0,39.0,
04-29-1942,54.0,38.0,0.11
04-30-1942,63.0,37.0,
05-01-1942,46.0,34.0,0.05
05-02-1942,50.0,34.0,
05-03-1942,52.0,34.0,
05-04-1942,56.0,40.0,0.08
05-05-1942,63.0,37.0,0.02
05-06-1942,70.0,41.0,
05-07-1942,65.0,48.0,
05-08-1942,71.0,46.0,
05-09-1942,47.0,46.0,0.05
05-10-1942,46.0,33.0,0.3
05-11-1942,54.0,33.0,
05-12-1942,44.0,37.0,0.14
05-13-1942,61.0,37.0,0.02
05-14-1942,61.0,43.0,0.02
05-15-1942,54.0,43.0,0.13
05-16-1942,53.0,34.0,
05-17-1942,60.0,35.0,
05-18-1942,60.0,41.0,
05-19-1942,60.0,45.0,
05-20-1942,73.0,50.0,
05-21-1942,84.0,44.0,
05-22-1942,74.0,51.0,0.02
05-23-1942,58.0,50.0,0.16
05-24-1942,71.0,51.0,
05-25-1942,59.0,53.0,
05-26-1942,55.0,44.0,8.0
05-27-1942,52.0,42.0,0.06
05-28-1942,60.0,41.0,
05-29-1942,63.0,40.0,
05-30-1942,57.0,43.0,0.01
05-31-1942,55.0,45.0,0.07
06-01-1942,46.0,46.0,0.12
06-02-1942,70.0,46.0,
06-03-1942,58.0,50.0,
06-04-1942,68.0,43.0,
06-05-1942,73.0,46.0,
06-06-1942,73.0,54.0,0.02
06-07-1942,62.0,47.0,0.08
06-08-1942,62.0,45.0,0.16
06-09-1942,56.0,49.0,
06-10-1942,55.0,46.0,0.01
06-11-1942,60.0,43.0,
06-12-1942,67.0,41.0,
06-13-1942,71.0,45.0,
06-14-1942,70.0,52.0,
06-15-1942,59.0,51.0,0.09
06-16-1942,60.0,43.0,0.09
06-17-1942,64.0,47.0,
06-18-1942,57.0,47.0,0.1
06-19-1942,58.0,42.0,
06-20-1942,63.0,44.0,
06-21-1942,67.0,39.0,
06-22-1942,73.0,43.0,0.04
06-23-1942,76.0,51.0,
06-24-1942,67.0,52.0,0.23
06-25-1942,51.0,48.0,0.18
06-26-1942,59.0,45.0,0.14
06-27-1942,64.0,46.0,
06-28-1942,74.0,52.0,
06-29-1942,83.0,56.0,
06-30-1942,87.0,58.0,
07-01-1942,88.0,61.0,
07-02-1942,90.0,61.0,
07-03-1942,93.0,62.0,
07-04-1942,82.0,66.0,
07-05-1942,84.0,61.0,
07-06-1942,86.0,55.0,
07-07-1942,83.0,56.0,
07-08-1942,78.0,58.0,
07-09-1942,81.0,57.0,
07-10-1942,80.0,51.0,0.15
07-11-1942,78.0,50.0,
07-12-1942,72.0,45.0,
07-13-1942,79.0,53.0,
07-14-1942,80.0,54.0,0.18
07-15-1942,65.0,58.0,0.53
07-16-1942,69.0,54.0,0.02
07-17-1942,66.0,50.0,
07-18-1942,72.0,49.0,
07-19-1942,78.0,51.0,
07-20-1942,84.0,55.0,
07-21-1942,89.0,59.0,
07-22-1942,91.0,62.0,
07-23-1942,85.0,61.0,
07-24-1942,88.0,57.0,
07-25-1942,89.0,56.0,
07-26-1942,82.0,57.0,
07-27-1942,85.0,55.0,
07-28-1942,81.0,59.0,
07-29-1942,79.0,50.0,
07-30-1942,78.0,52.0,
07-31-1942,78.0,48.0,
08-01-1942,81.0,49.0,
08-02-1942,89.0,52.0,
08-03-1942,90.0,56.0,
08-04-1942,88.0,66.0,
08-05-1942,87.0,59.0,
08-06-1942,91.0,64.0,
08-07-1942,9.0,61.0,
08-08-1942,91.0,60.0,
08-09-1942,93.0,63.0,
08-10-1942,89.0,62.0,
08-11-1942,80.0,61.0,
08-12-1942,76.0,56.0,
08-13-1942,78.0,44.0,
08-14-1942,74.0,51.0,
08-15-1942,89.0,58.0,
08-16-1942,91.0,58.0,
08-17-1942,91.0,63.0,
08-18-1942,91.0,58.0,
08-19-1942,95.0,65.0,
08-20-1942,81.0,67.0,
08-21-1942,82.0,61.0,
08-22-1942,87.0,57.0,
08-23-1942,88.0,61.0,
08-24-1942,74.0,62.0,
08-25-1942,67.0,49.0,
08-26-1942,67.0,52.0,
08-27-1942,66.0,42.0,
08-28-1942,58.0,49.0,0.02
08-29-1942,68.0,38.0,
08-30-1942,72.0,46.0,
08-31-1942,69.0,40.0,
09-01-1942,,46.0,
09-02-1942,,57.0,
09-03-1942,,52.0,
09-04-1942,,56.0,
09-05-1942,,59.0,
09-06-1942,,50.0,
09-07-1942,,48.0,
09-08-1942,,48.0,
09-09-1942,,58.0,
09-10-1942,,49.0,0.15
09-11-1942,,44.0,
09-12-1942,,44.0,
09-13-1942,,52.0,
09-14-1942,,54.0,
09-15-1942,,56.0,
09-16-1942,,43.0,
09-17-1942,,41.0,0.27
09-18-1942,,35.0,0.02
09-19-1942,,40.0,
09-20-1942,,47.0,
09-21-1942,,45.0,
09-22-1942,,47.0,
09-23-1942,,49.0,
09-24-1942,,50.0,
09-25-1942,,49.0,
09-26-1942,,51.0,
09-27-1942,,52.0,
09-28-1942,,46.0,
09-29-1942,,48.0,
09-30-1942,,46.0,0.02
10-01-1942,64.0,49.0,0.29
10-01-1942,58.0,49.0,0.29
10-02-1942,62.0,41.0,
10-02-1942,60.0,41.0,
10-03-1942,64.0,47.0,T
10-03-1942,71.0,47.0,T
10-04-1942,69.0,45.0,
10-04-1942,67.0,45.0,
10-05-1942,76.0,48.0,
10-05-1942,54.0,48.0,
10-06-1942,54.0,54.0,
10-06-1942,75.0,54.0,
10-07-1942,52.0,46.0,
10-07-1942,65.0,46.0,
10-08-1942,74.0,45.0,
10-08-1942,52.0,45.0,
10-09-1942,79.0,49.0,
10-09-1942,60.0,49.0,
10-10-1942,76.0,51.0,
10-10-1942,57.0,51.0,
10-11-1942,52.0,43.0,0.17
10-11-1942,52.0,43.0,0.17
10-12-1942,59.0,39.0,
10-12-1942,53.0,39.0,
10-13-1942,59.0,39.0,
10-13-1942,77.0,39.0,
10-14-1942,58.0,42.0,
10-14-1942,60.0,42.0,
10-15-1942,55.0,41.0,0.05
10-15-1942,58.0,41.0,0.05
10-16-1942,60.0,37.0,
10-16-1942,52.0,37.0,
10-17-1942,61.0,40.0,
10-17-1942,53.0,40.0,
10-18-1942,68.0,44.0,
10-18-1942,58.0,44.0,
10-19-1942,50.0,43.0,
10-19-1942,64.0,43.0,
10-20-1942,48.0,43.0,T
10-20-1942,65.0,43.0,T
10-21-1942,62.0,43.0,
10-21-1942,37.0,43.0,
10-22-1942,48.0,45.0,
10-22-1942,61.0,45.0,
10-23-1942,54.0,32.0,
10-23-1942,46.0,32.0,
10-24-1942,55.0,29.0,0.02
10-24-1942,59.0,29.0,0.02
10-25-1942,58.0,31.0,
10-25-1942,55.0,31.0,
10-26-1942,55.0,42.0,990
10-26-1942,52.0,42.0,990
10-27-1942,51.0,37.0,
10-27-1942,51.0,37.0,
10-28-1942,42.0,29.0,T
10-28-1942,48.0,29.0,T
10-29-1942,48.0,29.0,0.65
10-29-1942,53.0,29.0,0.65
10-30-1942,52.0,34.0,
10-30-1942,50.0,34.0,
10-31-1942,53.0,32.0,
10-31-1942,55.0,32.0,
11-01-1942,48.0,36.0,
11-02-1942,50.0,35.0,
11-03-1942,44.0,35.0,
11-04-1942,40.0,32.0,
11-05-1942,35.0,29.0,
11-06-1942,39.0,30.0,
11-07-1942,43.0,31.0,
11-08-1942,36.0,31.0,
11-09-1942,41.0,32.0,
11-10-1942,44.0,30.0,
11-11-1942,42.0,31.0,
11-12-1942,43.0,26.0,
11-13-1942,53.0,27.0,
11-14-1942,47.0,30.0,
11-15-1942,42.0,39.0,
11-16-1942,41.0,33.0,
11-17-1942,44.0,33.0,
11-18-1942,38.0,33.0,
11-19-1942,37.0,35.0,
11-20-1942,35.0,26.0,
11-21-1942,40.0,28.0,
11-22-1942,48.0,32.0,
11-23-1942,50.0,37.0,
11-24-1942,39.0,35.0,
11-25-1942,36.0,29.0,
11-26-1942,33.0,28.0,
11-27-1942,29.0,27.0,
11-28-1942,37.0,21.0,
11-29-1942,36.0,24.0,
11-30-1942,38.0,30.0,
12-01-1942,42.0,29.0,
12-02-1942,35.0,32.0,
12-03-1942,35.0,21.0,
12-04-1942,29.0,21.0,
12-05-1942,30.0,24.0,
12-06-1942,28.0,23.0,
12-07-1942,33.0,21.0,
12-08-1942,33.0,23.0,
12-09-1942,38.0,29.0,
12-10-1942,40.0,30.0,
12-11-1942,38.0,30.0,
12-12-1942,40.0,32.0,
12-13-1942,38.0,33.0,
12-14-1942,42.0,33.0,
12-15-1942,43.0,35.0,
12-16-1942,37.0,36.0,
12-17-1942,42.0,35.0,
12-18-1942,37.0,29.0,
12-19-1942,40.0,30.0,
12-20-1942,39.0,34.0,
12-21-1942,37.0,32.0,
12-22-1942,42.0,40.0,
12-23-1942,34.0,32.0,
12-24-1942,35.0,30.0,
12-25-1942,32.0,27.0,
12-26-1942,31.0,19.0,
12-27-1942,40.0,24.0,
12-28-1942,41.0,27.0,
12-29-1942,36.0,28.0,
12-30-1942,44.0,29.0,
12-31-1942,43.0,30.0,
01-01-1943,38.0,37.0,10.42
01-02-1943,31.0,28.0,
01-03-1943,28.0,22.0,"3.0
0.30"
01-04-1943,37.0,20.0,
01-05-1943,33.0,26.0,"3.0
0.30"
01-06-1943,35.0,24.0,"0.25
0.02"
01-07-1943,28.0,20.0,"T2
12"
01-08-1943,24.0,19.0,
01-09-1943,23.0,18.0,
01-10-1943,27.0,17.0,
01-11-1943,23.0,18.0,
01-12-1943,28.0,21.0,
01-13-1943,38.0,21.0,
01-14-1943,48.0,36.0,
01-15-1943,48.0,21.0,"T2
0.02"
01-16-1943,19.0,3.0,
01-17-1943,6.0,-3.0,
01-18-1943,13.0,-4.0,
01-19-1943,24.0,-3.0,"Tr
Ta"
01-20-1943,32.0,19.0,"6.5
0.96"
01-21-1943,24.0,19.0,"4.0
0.40"
01-22-1943,22.0,1.0,"0.75
0.07"
01-23-1943,10.0,7.0,"0.50
0.05"
01-24-1943,20.0,0.0,"0.50
0.05"
01-25-1943,27.0,9.0,
01-26-1943,38.0,2.0,
01-27-1943,38.0,31.0,"1.75
8.17"
01-28-1943,33.0,26.0,"2.0
0.20"
01-29-1943,33.0,21.0,"4.0
0.40"
01-30-1943,24.0,3.0,
01-31-1943,25.0,9.0,
02-01-1943,32.0,23.0,
02-02-1943,38.0,30.0,
02-03-1943,40.0,28.0,
02-04-1943,38.0,29.0,
02-05-1943,40.0,30.0,
02-06-1943,39.0,33.0,
02-07-1943,36.0,31.0,
02-08-1943,30.0,23.0,
02-09-1943,30.0,17.0,
02-10-1943,32.0,22.0,
02-11-1943,40.0,30.0,
02-12-1943,43.0,35.0,
02-13-1943,45.0,37.0,
02-14-1943,44.0,28.0,
02-15-1943,44.0,29.0,
02-16-1943,48.0,30.0,
02-17-1943,49.0,27.0,
02-18-1943,40.0,27.0,
02-19-1943,46.0,30.0,
02-20-1943,54.0,36.0,
02-21-1943,36.0,30.0,
02-22-1943,37.0,29.0,
02-23-1943,34.0,27.0,
02-24-1943,42.0,28.0,
02-25-1943,42.0,26.0,
02-26-1943,49.0,30.0,
02-27-1943,47.0,29.0,
02-28-1943,48.0,31.0,
03-01-1943,43.0,30.0,
03-02-1943,40.0,21.0,
03-03-1943,43.0,23.0,
03-04-1943,44.0,30.0,
03-05-1943,32.0,11.0,
03-06-1943,35.0,10.0,
03-07-1943,33.0,24.0,
03-08-1943,41.0,29.0,
03-09-1943,37.0,22.0,
03-10-1943,41.0,22.0,
03-11-1943,42.0,22.0,
03-12-1943,44.0,36.0,
03-13-1943,39.0,32.0,
03-14-1943,37.0,30.0,
03-15-1943,36.0,27.0,
03-16-1943,35.0,24.0,
03-17-1943,34.0,20.0,
03-18-1943,35.0,19.0,
03-19-1943,37.0,26.0,
03-20-1943,42.0,24.0,
03-21-1943,53.0,35.0,
03-22-1943,54.0,37.0,
03-23-1943,55.0,38.0,
03-24-1943,55.0,34.0,
03-25-1943,57.0,42.0,
03-26-1943,55.0,40.0,
03-27-1943,59.0,44.0,
03-28-1943,54.0,44.0,
03-29-1943,55.0,40.0,
03-30-1943,46.0,34.0,
03-31-1943,57.0,37.0,
04-01-1943,59.0,41.0,0.19
04-02-1943,59.0,43.0,
04-03-1943,48.0,34.0,0.02
04-04-1943,51.0,32.0,
04-05-1943,52.0,37.0,
04-06-1943,58.0,40.0,
04-07-1943,66.0,38.0,
04-08-1943,55.0,38.0,
04-09-1943,44.0,36.0,0.06
04-10-1943,57.0,37.0,
04-11-1943,69.0,38.0,
04-12-1943,69.0,43.0,
04-13-1943,76.0,46.0,
04-14-1943,77.0,49.0,
04-15-1943,72.0,49.0,
04-16-1943,69.0,42.0,
04-17-1943,69.0,47.0,
04-18-1943,76.0,49.0,
04-19-1943,49.0,42.0,
04-20-1943,49.0,37.0,0.01
04-21-1943,53.0,40.0,0.3
04-22-1943,54.0,36.0,0.01
04-23-1943,53.0,44.0,
04-24-1943,55.0,32.0,
04-25-1943,50.0,38.0,
04-26-1943,54.0,36.0,
04-27-1943,55.0,41.0,
04-28-1943,48.0,43.0,0.25
04-29-1943,54.0,41.0,0.31
04-30-1943,53.0,41.0,
05-01-1943,57.0,42.0,0.14
05-02-1943,60.0,39.0,0.01
05-03-1943,60.0,43.0,
05-04-1943,50.0,41.0,0.03
05-05-1943,47.0,37.0,
05-06-1943,54.0,37.0,0.24
05-07-1943,52.0,36.0,
05-08-1943,59.0,36.0,
05-09-1943,58.0,47.0,
05-10-1943,48.0,37.0,
05-11-1943,47.0,32.0,0.28
05-12-1943,50.0,33.0,0.02
05-13-1943,49.0,35.0,0.17
05-14-1943,51.0,35.0,0.03
05-15-1943,55.0,31.0,
05-16-1943,71.0,28.0,0.05
05-17-1943,58.0,34.0,0.06
05-18-1943,69.0,39.0,
05-19-1943,72.0,43.0,
05-20-1943,58.0,49.0,0.1
05-21-1943,64.0,43.0,
05-22-1943,65.0,51.0,0.01
05-23-1943,70.0,48.0,
05-24-1943,76.0,45.0,
05-25-1943,73.0,55.0,
05-26-1943,70.0,52.0,
05-27-1943,69.0,51.0,
05-28-1943,70.0,45.0,
05-29-1943,64.0,43.0,
05-30-1943,60.0,46.0,0.23
05-31-1943,59.0,47.0,0.09
06-01-1943,45.0,47.0,0.1
06-02-1943,54.0,39.0,
06-03-1943,60.0,40.0,
06-04-1943,65.0,43.0,
06-05-1943,71.0,41.0,
06-06-1943,72.0,46.0,
06-07-1943,76.0,50.0,
06-08-1943,80.0,53.0,
06-09-1943,77.0,56.0,
06-10-1943,65.0,48.0,
06-11-1943,67.0,41.0,
06-12-1943,54.0,47.0,0.16
06-13-1943,55.0,45.0,0.01
06-14-1943,55.0,47.0,0.29
06-15-1943,62.0,47.0,
06-16-1943,71.0,47.0,
06-17-1943,63.0,56.0,
06-18-1943,59.0,51.0,0.56
06-19-1943,59.0,46.0,0.28
06-20-1943,64.0,43.0,
06-21-1943,61.0,41.0,
06-22-1943,65.0,46.0,0.15
06-23-1943,62.0,42.0,0.19
06-24-1943,69.0,41.0,
06-25-1943,61.0,49.0,
06-26-1943,71.0,46.0,
06-27-1943,75.0,47.0,
06-28-1943,79.0,50.0,
06-29-1943,80.0,53.0,
06-30-1943,80.0,57.0,
07-01-1943,84.0,54.0,
07-02-1943,80.5,54.5,
07-03-1943,66.0,54.5,0.25
07-04-1943,69.0,50.0,
07-05-1943,80.5,52.0,
07-06-1943,85.0,52.5,
07-07-1943,86.0,62.5,
07-08-1943,82.0,59.0,
07-09-1943,76.5,57.5,
07-10-1943,71.0,51.0,
07-11-1943,61.5,45.0,
07-12-1943,65.0,47.0,
07-13-1943,78.0,48.0,
07-14-1943,71.0,55.5,
07-15-1943,73.0,49.5,
07-16-1943,77.0,46.5,
07-17-1943,77.5,53.0,
07-18-1943,85.0,54.5,
07-19-1943,91.0,58.5,
07-20-1943,91.0,60.5,
07-21-1943,85.5,64.5,
07-22-1943,81.0,60.5,0.28
07-23-1943,88.5,59.5,
07-24-1943,91.0,63.5,
07-25-1943,89.5,62.0,
07-26-1943,88.0,61.0,
07-27-1943,84.5,56.0,
07-28-1943,83.0,44.5,
07-29-1943,76.0,52.0,
07-30-1943,83.0,59.0,
07-31-1943,87.0,56.0,
08-01-1943,84.0,56.0,
08-02-1943,77.0,60.0,
08-03-1943,76.0,54.0,
08-04-1943,76.0,56.0,0.03
08-05-1943,76.0,56.0,
08-06-1943,84.0,56.0,
08-07-1943,68.0,58.0,
08-08-1943,74.0,45.0,
08-09-1943,82.0,50.0,
08-10-1943,81.0,50.0,
08-11-1943,78.0,55.0,
08-12-1943,80.0,58.0,
08-13-1943,86.0,54.0,
08-14-1943,82.0,61.0,
08-15-1943,83.0,53.0,
08-16-1943,89.0,56.0,
08-17-1943,83.0,55.0,
08-18-1943,77.0,56.0,
08-19-1943,72.0,44.0,
08-20-1943,75.0,50.0,
08-21-1943,75.0,55.0,
08-22-1943,67.0,49.0,0.25
08-23-1943,72.0,45.0,
08-24-1943,75.0,45.0,
08-25-1943,81.0,47.0,
08-26-1943,88.0,56.0,
08-27-1943,81.0,60.0,
08-28-1943,88.0,46.0,
08-29-1943,62.0,59.0,0.11
08-30-1943,64.0,48.0,
08-31-1943,70.0,46.0,
09-01-1943,,50.0,
09-02-1943,,49.0,0.4
09-03-1943,,46.0,
09-04-1943,,43.0,
09-05-1943,,50.0,
09-06-1943,,47.0,
09-07-1943,,46.0,
09-08-1943,,53.0,
09-09-1943,,52.0,
09-10-1943,,50.0,
09-11-1943,,54.0,
09-12-1943,,49.0,
09-13-1943,,54.0,
09-14-1943,,50.0,
09-15-1943,,46.0,
09-16-1943,,56.0,
09-17-1943,,52.0,
09-18-1943,,51.0,
09-19-1943,,36.0,
09-20-1943,,51.0,
09-21-1943,,51.0,
09-22-1943,,44.0,
09-23-1943,,48.0,
09-24-1943,,56.0,
09-25-1943,,57.0,
09-26-1943,,59.0,
09-27-1943,,52.0,
09-28-1943,,42.0,
09-29-1943,,45.0,
09-30-1943,,48.0,
10-01-1943,83.0,55.0,A
10-02-1943,80.0,59.0,
10-03-1943,79.0,56.0,
10-04-1943,83.0,57.0,
10-05-1943,76.0,52.0,04
10-06-1943,78.0,51.0,
10-07-1943,82.0,51.0,
10-08-1943,80.0,53.0,
10-09-1943,77.0,46.0,
10-10-1943,71.0,52.0,0.03
10-11-1943,54.0,45.0,4.2
10-12-1943,54.0,38.0,TR.
10-13-1943,54.0,45.0,
10-14-1943,61.0,31.0,
10-15-1943,50.0,45.0,
10-16-1943,56.0,37.0,04
10-17-1943,53.0,42.0,
10-18-1943,50.0,32.0,2.0
10-19-1943,47.0,32.0,
10-20-1943,50.0,30.0,
10-21-1943,42.0,34.0,3
10-22-1943,45.0,34.0,"TR.
40"
10-23-1943,46.0,32.0,"TR.
13"
10-24-1943,57.0,39.0,
10-25-1943,58.0,43.0,",02"
10-26-1943,56.0,39.0,
10-27-1943,44.0,40.0,
10-28-1943,45.0,40.0,
10-29-1943,46.0,38.0,
10-30-1943,42.0,32.0,
10-31-1943,40.0,32.0,"TR.
TR"
11-01-1943,44.0,28.0,
11-02-1943,50.0,35.0,
11-03-1943,48.0,40.0,
11-04-1943,55.0,40.0,
11-05-1943,48.0,35.0,
11-06-1943,42.0,29.0,
11-07-1943,48.0,36.0,
11-08-1943,49.0,34.0,
11-09-1943,45.0,32.0,
11-10-1943,48.0,34.0,
11-11-1943,52.0,34.0,
11-12-1943,44.0,36.0,
11-13-1943,47.0,29.0,
11-14-1943,50.0,35.0,
11-15-1943,50.0,22.0,
11-16-1943,44.0,24.0,
11-17-1943,47.0,30.0,
11-18-1943,51.0,37.0,
11-19-1943,51.0,36.0,
11-20-1943,56.0,38.0,
11-21-1943,54.0,36.0,
11-22-1943,41.0,34.0,
11-23-1943,39.0,34.0,
11-24-1943,39.0,34.0,
11-25-1943,40.0,28.0,
11-26-1943,38.0,30.0,
11-27-1943,35.0,28.0,
11-28-1943,41.0,32.0,
11-29-1943,46.0,35.0,
11-30-1943,46.0,33.0,
12-01-1943,42.0,36.0,
12-02-1943,42.0,36.0,
12-03-1943,54.0,40.0,
12-04-1943,46.0,32.0,
12-05-1943,39.0,26.0,
12-06-1943,34.0,27.0,
12-07-1943,41.0,30.0,
12-08-1943,39.0,30.0,
12-09-1943,36.0,28.0,
12-10-1943,35.0,23.0,
12-11-1943,38.0,26.0,
12-12-1943,38.0,24.0,
12-13-1943,25.0,22.0,
12-14-1943,28.0,21.0,
12-15-1943,28.0,21.0,
12-16-1943,27.0,22.0,
12-17-1943,26.0,18.0,
12-18-1943,27.0,24.0,
12-19-1943,28.0,22.0,
12-20-1943,31.0,24.0,
12-21-1943,37.0,23.0,
12-22-1943,28.0,23.0,
12-23-1943,36.0,26.0,
12-24-1943,44.0,32.0,
12-25-1943,44.0,34.0,
12-26-1943,39.0,30.0,
12-27-1943,38.0,26.0,
12-28-1943,34.0,24.0,
12-29-1943,32.0,26.0,
12-30-1943,31.0,24.0,
12-31-1943,36.0,25.0,
01-01-1944,39.0,32.0,
01-02-1944,41.0,32.0,
01-03-1944,35.0,25.0,
01-04-1944,32.0,20.0,
01-05-1944,32.0,26.0,".10
10°"
01-06-1944,30.0,20.0,
01-07-1944,33.0,20.0,
01-08-1944,35.0,23.0,
01-09-1944,34.0,20.0,
01-10-1944,27.0,14.0,
01-11-1944,35.0,13.0,
01-12-1944,40.0,30.0,
01-13-1944,44.0,30.0,
01-14-1944,44.0,30.0,
01-15-1944,38.0,32.0,TR
01-16-1944,43.0,33.0,
01-17-1944,49.0,34.0,TR
01-18-1944,44.0,34.0,
01-19-1944,49.0,36.0,
01-20-1944,46.0,20.0,
01-21-1944,45.0,31.0,
01-22-1944,45.0,34.0,
01-23-1944,43.0,34.0,27
01-24-1944,37.0,31.0,"TR.
TR"
01-25-1944,33.0,28.0,TR.
01-26-1944,33.0,22.0,"TR.
TR"
01-27-1944,30.0,18.0,
01-28-1944,33.0,8.0,
01-29-1944,30.0,20.0,
01-30-1944,34.0,20.0,
01-31-1944,33.0,25.0,
02-01-1944,44.0,28.0,
02-02-1944,44.0,30.0,
02-03-1944,42.0,34.0,
02-04-1944,43.0,33.0,
02-05-1944,44.0,32.0,
02-06-1944,50.0,38.0,
02-07-1944,48.0,33.0,
02-08-1944,38.0,29.0,
02-09-1944,35.0,27.0,
02-10-1944,33.0,18.0,
02-11-1944,35.0,30.0,
02-12-1944,32.0,14.0,
02-13-1944,31.0,8.0,
02-14-1944,31.0,26.0,
02-15-1944,30.0,22.0,
02-16-1944,34.0,26.0,
02-17-1944,33.0,9.0,
02-18-1944,36.0,23.0,
02-19-1944,38.0,20.0,
02-20-1944,35.0,15.0,
02-21-1944,40.0,27.0,
02-22-1944,38.0,25.0,
02-23-1944,36.0,8.0,
02-24-1944,34.0,30.0,
02-25-1944,36.0,28.0,
02-26-1944,33.0,29.0,
02-27-1944,34.0,19.0,
02-28-1944,39.0,30.0,
02-29-1944,40.0,6.0,
03-01-1944,34.0,26.0,
03-02-1944,40.0,25.0,
03-03-1944,40.0,30.0,
03-04-1944,36.0,27.0,
03-05-1944,35.0,28.0,
03-06-1944,38.0,22.0,
03-07-1944,39.0,24.0,
03-08-1944,44.0,34.0,
03-09-1944,56.0,38.0,
03-10-1944,54.0,30.0,
03-11-1944,39.0,26.0,
03-12-1944,38.0,26.0,
03-13-1944,30.0,17.0,
03-14-1944,32.0,12.0,
03-15-1944,37.0,20.0,
03-16-1944,48.0,24.0,
03-17-1944,54.0,30.0,
03-18-1944,52.0,31.0,
03-19-1944,48.0,32.0,
03-20-1944,42.0,30.0,
03-21-1944,43.0,25.0,
03-22-1944,43.0,33.0,
03-23-1944,48.0,39.0,
03-24-1944,44.0,26.0,
03-25-1944,39.0,26.0,
03-26-1944,36.0,28.0,
03-27-1944,40.0,12.0,
03-28-1944,50.0,25.0,
03-29-1944,60.0,31.0,
03-30-1944,62.0,38.0,
03-31-1944,61.0,38.0,
04-01-1944,60.0,33.0,
04-02-1944,70.0,39.0,
04-03-1944,74.0,45.0,
04-04-1944,73.0,52.0,
04-05-1944,58.0,41.0,0.11
04-06-1944,60.0,34.0,
04-07-1944,53.0,38.0,0.06
04-08-1944,50.0,32.0,0.31
04-09-1944,53.0,35.0,0.2
04-10-1944,52.0,38.0,
04-11-1944,60.0,42.0,
04-12-1944,51.0,38.0,0.53
04-13-1944,46.0,33.0,0.11
04-14-1944,46.0,33.0,0.15
04-15-1944,48.0,35.0,0.01
04-16-1944,48.0,32.0,
04-17-1944,56.0,33.0,
04-18-1944,53.0,35.0,
04-19-1944,52.0,38.0,0.15
04-20-1944,52.0,32.0,0.2
04-21-1944,59.0,34.0,0.06
04-22-1944,60.0,39.0,
04-23-1944,69.0,39.0,
04-24-1944,65.0,36.0,0.4
04-25-1944,52.0,35.0,0.0
04-26-1944,63.0,36.0,
04-27-1944,70.0,42.0,
04-28-1944,70.0,46.0,
04-29-1944,70.0,48.0,
04-30-1944,63.0,43.0,
05-01-1944,55.0,36.0,
05-02-1944,62.0,34.0,
05-03-1944,68.0,40.0,
05-04-1944,78.0,46.0,
05-05-1944,78.0,48.0,
05-06-1944,75.0,50.0,
05-07-1944,68.0,40.0,
05-08-1944,65.0,50.0,
05-09-1944,85.0,41.0,0.03
05-10-1944,60.0,36.0,0.17
05-11-1944,64.0,43.0,0.02
05-12-1944,70.0,42.0,
05-13-1944,76.0,47.0,
05-14-1944,80.0,55.0,
05-15-1944,72.0,51.0,0.01
05-16-1944,66.0,47.0,
05-17-1944,66.0,44.0,
05-18-1944,64.0,47.0,
05-19-1944,60.0,44.0,
05-20-1944,67.0,40.0,
05-21-1944,62.0,43.0,
05-22-1944,51.0,35.0,
05-23-1944,52.0,38.0,6.05
05-24-1944,56.0,42.0,0.03
05-25-1944,66.0,40.0,
05-26-1944,76.0,42.0,
05-27-1944,84.0,54.0,
05-28-1944,79.0,54.0,0.08
05-29-1944,74.0,55.0,
05-30-1944,72.0,48.0,0.04
05-31-1944,8.0,48.0,0.01
06-01-1944,57.0,48.0,0.22
06-02-1944,79.0,41.0,
06-03-1944,66.0,45.0,
06-04-1944,66.0,44.0,
06-05-1944,74.0,44.0,
06-06-1944,75.0,51.0,
06-07-1944,63.0,52.0,
06-08-1944,68.0,42.0,0.49
06-09-1944,65.0,54.0,0.02
06-10-1944,73.0,46.0,
06-11-1944,76.0,51.0,
06-12-1944,89.0,48.0,
06-13-1944,60.0,44.0,
06-14-1944,68.0,40.0,
06-15-1944,70.0,54.0,
06-16-1944,60.0,49.0,0.05
06-17-1944,59.0,48.0,0.0
06-18-1944,71.0,46.0,
06-19-1944,68.0,52.0,
06-20-1944,70.0,50.0,
06-21-1944,68.0,45.0,
06-22-1944,66.0,50.0,0.33
06-23-1944,78.0,52.0,
06-24-1944,82.0,56.0,
06-25-1944,77.0,56.0,
06-26-1944,70.0,54.0,
06-27-1944,66.0,48.0,0.05
06-28-1944,78.0,49.0,
06-29-1944,87.0,56.0,
06-30-1944,81.0,61.0,
07-01-1944,79.0,52.0,
07-01-1944,80.0,52.0,
07-02-1944,68.0,44.0,
07-02-1944,76.0,44.0,
07-03-1944,72.0,41.0,
07-03-1944,74.0,41.0,
07-04-1944,80.0,52.0,
07-04-1944,80.0,52.0,
07-05-1944,75.0,57.0,
07-05-1944,79.0,57.0,
07-06-1944,78.0,55.0,
07-06-1944,79.0,55.0,
07-07-1944,72.0,40.0,
07-07-1944,72.0,40.0,
07-08-1944,64.0,43.0,
07-08-1944,76.0,43.0,
07-09-1944,70.0,46.0,
07-09-1944,81.0,46.0,
07-10-1944,82.0,54.0,
07-10-1944,82.0,54.0,
07-11-1944,84.0,59.0,
07-11-1944,87.0,59.0,
07-12-1944,80.0,60.0,
07-12-1944,81.0,60.0,
07-13-1944,72.0,48.0,
07-13-1944,74.0,48.0,
07-14-1944,75.0,49.0,
07-14-1944,81.0,49.0,
07-15-1944,87.0,55.0,
07-15-1944,68.0,55.0,
07-16-1944,83.0,60.0,
07-16-1944,73.0,60.0,
07-17-1944,88.0,53.0,0.19
07-17-1944,76.0,53.0,0.19
07-18-1944,96.0,58.0,
07-18-1944,81.0,58.0,
07-19-1944,88.0,65.0,
07-19-1944,87.0,65.0,
07-20-1944,84.0,61.0,
07-20-1944,95.0,61.0,
07-21-1944,81.0,59.0,
07-21-1944,95.0,59.0,
07-22-1944,84.0,54.0,
07-22-1944,88.0,54.0,
07-23-1944,87.0,52.0,
07-23-1944,88.0,52.0,
07-24-1944,81.0,57.0,
07-24-1944,88.0,57.0,
07-25-1944,84.0,61.0,
07-25-1944,89.0,61.0,
07-26-1944,90.0,57.0,
07-26-1944,81.0,57.0,
07-27-1944,79.0,62.0,
07-27-1944,93.0,62.0,
07-28-1944,92.0,60.0,
07-28-1944,92.0,60.0,
07-29-1944,85.0,62.0,
07-29-1944,83.0,62.0,
07-30-1944,72.0,58.0,
07-30-1944,75.0,58.0,
07-31-1944,77.0,47.0,
07-31-1944,74.0,47.0,
08-01-1944,79.0,46.0,
08-02-1944,81.0,51.0,
08-03-1944,78.0,58.0,
08-04-1944,84.0,59.0,
08-05-1944,88.0,56.0,
08-06-1944,73.0,53.0,
08-07-1944,69.0,51.0,
08-08-1944,73.0,45.0,
08-09-1944,72.0,48.0,
08-10-1944,80.0,55.0,
08-11-1944,84.0,60.0,
08-12-1944,85.0,63.0,
08-13-1944,69.0,56.0,
08-14-1944,66.0,52.0,0.6
08-15-1944,72.0,50.0,0.09
08-16-1944,78.0,49.0,
08-17-1944,81.0,52.0,
08-18-1944,69.0,53.0,
08-19-1944,72.0,48.0,
08-20-1944,77.0,45.0,
08-21-1944,82.0,49.0,
08-22-1944,81.0,48.0,
08-23-1944,84.0,53.0,
08-24-1944,66.0,53.0,
08-25-1944,89.0,49.0,0.04
08-26-1944,79.0,51.0,
08-27-1944,85.0,57.0,
08-28-1944,94.0,61.0,
08-29-1944,79.0,48.0,
08-30-1944,85.0,53.0,
08-31-1944,72.0,64.0,
09-01-1944,,55.0,
09-02-1944,,48.0,0.03
09-03-1944,,46.0,
09-04-1944,,53.0,
09-05-1944,,57.0,
09-06-1944,,62.0,
09-07-1944,,59.0,
09-08-1944,,61.0,
09-09-1944,,56.0,
09-10-1944,,58.0,
09-11-1944,,54.0,
09-12-1944,,57.0,
09-13-1944,,58.0,
09-14-1944,,47.0,
09-15-1944,,46.0,
09-16-1944,,48.0,0.22
09-17-1944,,47.0,
09-18-1944,,32.0,
09-19-1944,,34.0,
09-20-1944,,44.0,0.06
09-21-1944,,55.0,
09-22-1944,,53.0,2.02
09-23-1944,,51.0,
09-24-1944,,49.0,
09-25-1944,,48.0,
09-26-1944,,53.0,
09-27-1944,,45.0,0.18
09-28-1944,,45.0,0.06
09-29-1944,,49.0,
09-30-1944,,43.0,
10-01-1944,60.0,38.0,
10-02-1944,65.0,41.0,
10-03-1944,67.0,45.0,
10-04-1944,64.0,51.0,
10-05-1944,55.0,42.0,
10-06-1944,62.0,38.0,
10-07-1944,71.0,41.0,
10-08-1944,62.0,44.0,
10-09-1944,62.0,45.0,
10-10-1944,72.0,46.0,
10-11-1944,77.0,50.0,
10-12-1944,89.0,45.0,
10-13-1944,62.0,42.0,
10-14-1944,60.0,44.0,
10-15-1944,64.0,40.0,
10-16-1944,63.0,41.0,
10-17-1944,66.0,42.0,
10-18-1944,20.0,46.0,
10-19-1944,71.0,48.0,
10-20-1944,69.0,49.0,
10-21-1944,67.0,46.0,
10-22-1944,63.0,46.0,
10-23-1944,70.0,46.0,
10-24-1944,69.0,45.0,
10-25-1944,72.0,46.0,
10-26-1944,75.0,48.0,
10-27-1944,75.0,51.0,
10-28-1944,74.0,50.0,
10-29-1944,71.0,47.0,
10-30-1944,68.0,51.0,
10-31-1944,49.0,46.0,
11-01-1944,48.0,40.0,
11-01-1944,47.0,40.0,
11-02-1944,49.0,34.0,
11-02-1944,44.0,34.0,
11-03-1944,51.0,38.0,
11-03-1944,41.0,38.0,
11-04-1944,37.0,39.0,
11-04-1944,55.0,39.0,
11-05-1944,52.0,44.0,
11-05-1944,39.0,44.0,
11-06-1944,49.0,37.0,
11-06-1944,44.0,37.0,
11-07-1944,49.0,40.0,
11-07-1944,50.0,40.0,
11-08-1944,44.0,38.0,
11-08-1944,49.0,38.0,
11-09-1944,40.0,40.0,
11-09-1944,48.0,40.0,
11-10-1944,47.0,38.0,
11-10-1944,44.0,38.0,
11-11-1944,42.0,36.0,
11-11-1944,44.0,36.0,
11-12-1944,40.0,26.0,
11-12-1944,47.0,26.0,
11-13-1944,40.0,29.0,
11-13-1944,40.0,29.0,
11-14-1944,41.0,25.0,
11-14-1944,38.0,25.0,
11-15-1944,35.0,24.0,
11-15-1944,35.0,24.0,
11-16-1944,37.0,24.0,
11-16-1944,36.0,24.0,
11-17-1944,38.0,18.0,
11-17-1944,41.0,18.0,
11-18-1944,36.0,22.0,
11-18-1944,27.0,22.0,
11-19-1944,32.0,24.0,
11-19-1944,28.0,24.0,
11-20-1944,30.0,24.0,
11-20-1944,36.0,24.0,
11-21-1944,38.0,26.0,
11-21-1944,30.0,26.0,
11-22-1944,43.0,30.0,
11-22-1944,32.0,30.0,
11-23-1944,36.0,37.0,
11-23-1944,44.0,37.0,
11-24-1944,40.0,32.0,
11-24-1944,43.0,32.0,
11-25-1944,48.0,30.0,
11-25-1944,39.0,30.0,
11-26-1944,41.0,32.0,
11-26-1944,47.0,32.0,
11-27-1944,40.0,33.0,
11-27-1944,44.0,33.0,
11-28-1944,37.0,28.0,
11-28-1944,44.0,28.0,
11-29-1944,36.0,29.0,
11-29-1944,40.0,29.0,
11-30-1944,42.0,32.0,
11-30-1944,37.0,32.0,
12-01-1944,44.0,36.0,
12-02-1944,35.0,32.0,
12-03-1944,40.0,30.0,
12-04-1944,42.0,32.0,
12-05-1944,47.0,33.0,
12-06-1944,45.0,42.0,
12-07-1944,41.0,39.0,
12-08-1944,37.0,25.0,
12-09-1944,35.0,24.0,
12-10-1944,34.0,24.0,
12-11-1944,34.0,16.0,
12-12-1944,28.0,16.0,
12-13-1944,24.0,17.0,
12-14-1944,23.0,18.0,
12-15-1944,22.0,18.0,
12-16-1944,21.0,18.0,
12-17-1944,27.0,19.0,
12-18-1944,27.0,16.0,
12-19-1944,27.0,16.0,
12-20-1944,33.0,25.0,
12-21-1944,34.0,27.0,
12-22-1944,34.0,22.0,
12-23-1944,24.0,11.0,
12-24-1944,27.0,13.0,
12-25-1944,22.0,20.0,
12-26-1944,30.0,17.0,
12-27-1944,37.0,19.0,
12-28-1944,38.0,27.0,
12-29-1944,34.0,31.0,
12-30-1944,34.0,26.0,
12-31-1944,34.0,2.0,
01-01-1945,35.0,21.0,
01-02-1945,37.0,23.0,
01-03-1945,35.0,29.0,
01-04-1945,40.0,30.0,
01-05-1945,42.0,35.0,
01-06-1945,54.0,36.0,
01-07-1945,52.0,36.0,
01-08-1945,46.0,34.0,
01-09-1945,50.0,34.0,
01-10-1945,43.0,38.0,
01-11-1945,6.0,37.0,
01-12-1945,55.0,38.0,
01-13-1945,55.0,43.0,
01-14-1945,40.0,3.0,
01-15-1945,37.0,32.0,
01-16-1945,38.0,32.0,
01-17-1945,35.0,30.0,
01-18-1945,35.0,32.0,
01-19-1945,34.0,32.0,
01-20-1945,29.0,24.0,
01-21-1945,30.0,26.0,
01-22-1945,31.0,22.0,
01-23-1945,30.0,20.0,
01-24-1945,26.0,21.0,
01-25-1945,31.0,22.0,
01-26-1945,27.0,25.0,
01-27-1945,25.0,23.0,
01-28-1945,25.0,21.0,
01-29-1945,25.0,22.0,
01-30-1945,36.0,22.0,
01-31-1945,36.0,25.0,
02-01-1945,41.0,30.0,
02-02-1945,45.0,34.0,
02-03-1945,45.0,38.0,
02-04-1945,46.0,34.0,
02-05-1945,46.0,29.0,
02-06-1945,46.0,33.0,
02-07-1945,50.0,35.0,
02-08-1945,50.0,41.0,
02-09-1945,43.0,34.0,
02-10-1945,44.0,36.0,
02-11-1945,47.0,37.0,
02-12-1945,36.0,34.0,
02-13-1945,37.0,32.0,
02-14-1945,32.0,25.0,
02-15-1945,36.0,26.0,
02-16-1945,39.0,27.0,
02-17-1945,38.0,30.0,
02-18-1945,29.0,24.0,
02-19-1945,33.0,15.0,
02-20-1945,37.0,25.0,
02-21-1945,37.0,24.0,
02-22-1945,42.0,28.0,
02-23-1945,36.0,32.0,
02-24-1945,39.0,29.0,
02-25-1945,41.0,28.0,
02-26-1945,39.0,29.0,
02-27-1945,40.0,32.0,
02-28-1945,38.0,28.0,
03-01-1945,38.0,32.0,
03-02-1945,38.0,32.0,
03-03-1945,35.0,30.0,
03-04-1945,24.0,12.0,
03-05-1945,25.0,6.0,
03-06-1945,31.0,16.0,
03-07-1945,40.0,22.0,
03-08-1945,45.0,30.0,
03-09-1945,47.0,32.0,
03-10-1945,44.0,36.0,
03-11-1945,50.0,35.0,
03-12-1945,40.0,38.0,
03-13-1945,47.0,36.0,
03-14-1945,41.0,33.0,
03-15-1945,46.0,31.0,
03-16-1945,43.0,30.0,
03-17-1945,43.0,32.0,
03-18-1945,44.0,32.0,
03-19-1945,44.0,34.0,
03-20-1945,49.0,40.0,
03-21-1945,30.0,38.0,
03-22-1945,44.0,38.0,
03-23-1945,43.0,34.0,
03-24-1945,44.0,28.0,
03-25-1945,41.0,33.0,
03-26-1945,45.0,32.0,
03-27-1945,51.0,34.0,
03-28-1945,45.0,36.0,
03-29-1945,49.0,32.0,
03-30-1945,58.0,33.0,
03-31-1945,43.0,35.0,
04-01-1945,44.0,27.0,
04-02-1945,43.0,26.0,
04-03-1945,43.0,24.0,0.01
04-04-1945,48.0,29.0,
04-05-1945,48.0,32.0,0.05
04-06-1945,52.0,37.0,0.22
04-07-1945,48.0,36.0,
04-08-1945,43.0,34.0,0.5
04-09-1945,42.0,28.0,0.02
04-10-1945,25.0,50.0,
04-11-1945,39.0,32.0,0.36
04-12-1945,45.0,30.0,0.06
04-13-1945,49.0,30.0,
04-14-1945,54.0,31.0,
04-15-1945,58.0,40.0,
04-16-1945,55.0,32.0,
04-17-1945,52.0,34.0,
04-18-1945,58.0,42.0,
04-19-1945,62.0,41.0,
04-20-1945,73.0,43.0,
04-21-1945,54.0,43.0,
04-22-1945,54.0,36.0,
04-23-1945,49.0,39.0,0.12
04-24-1945,54.0,38.0,0.05
04-25-1945,56.0,38.0,
04-26-1945,54.0,38.0,
04-27-1945,58.0,39.0,
04-28-1945,64.0,33.0,
04-29-1945,64.0,44.0,0.04
04-30-1945,65.0,47.0,0.01
05-01-1945,72.0,44.0,
05-02-1945,78.0,48.0,
05-03-1945,80.0,50.0,
05-04-1945,72.0,54.0,0.01
05-05-1945,74.0,46.0,
05-06-1945,68.0,49.0,
05-07-1945,68.0,40.0,
05-08-1945,71.0,45.0,
05-09-1945,72.0,50.0,
05-10-1945,62.0,47.0,
05-11-1945,58.0,46.0,
05-12-1945,55.0,45.0,
05-13-1945,56.0,45.0,0.41
05-14-1945,59.0,43.0,0.11
05-15-1945,56.0,44.0,0.2
05-16-1945,49.0,42.0,0.01
05-17-1945,58.0,40.0,0.18
05-18-1945,58.0,44.0,
05-19-1945,58.0,40.0,
05-20-1945,58.0,44.0,0.05
05-21-1945,59.0,42.0,0.22
05-22-1945,66.0,41.0,
05-23-1945,59.0,48.0,
05-24-1945,61.0,44.0,0.06
05-25-1945,61.0,45.0,0.14
05-26-1945,68.0,39.0,
05-27-1945,70.0,47.0,0.28
05-28-1945,76.0,45.0,
05-29-1945,32.0,46.0,
05-30-1945,78.0,46.0,
05-31-1945,72.0,52.0,0.03
06-01-1945,65.0,45.0,
06-02-1945,70.0,42.0,
06-03-1945,57.0,51.0,0.04
06-04-1945,66.0,44.0,0.03
06-05-1945,52.0,47.0,0.4
06-06-1945,51.0,47.0,0.32
06-07-1945,56.0,48.0,0.09
06-08-1945,68.0,48.0,
06-09-1945,64.0,48.0,0.09
06-10-1945,64.0,44.0,
06-11-1945,65.0,51.0,
06-12-1945,19.0,41.0,
06-13-1945,55.0,40.0,
06-14-1945,60.0,39.0,0.01
06-15-1945,68.0,38.0,0.01
06-16-1945,74.0,45.0,
06-17-1945,78.0,46.0,
06-18-1945,83.0,45.0,
06-19-1945,80.0,46.0,
06-20-1945,85.0,54.0,
06-21-1945,84.0,61.0,
06-22-1945,59.0,51.0,0.04
06-23-1945,78.0,44.0,
06-24-1945,83.0,47.0,
06-25-1945,84.0,55.0,
06-26-1945,68.0,56.0,
06-27-1945,79.0,44.0,
06-28-1945,63.0,45.0,
06-29-1945,65.0,47.0,0.15
06-30-1945,12.0,43.0,0.01
07-01-1945,81.0,49.0,
07-02-1945,84.0,54.0,
07-03-1945,79.0,56.0,
07-04-1945,79.0,54.0,
07-05-1945,84.0,49.0,
07-06-1945,87.0,49.0,
07-07-1945,89.0,55.0,
07-08-1945,89.0,55.0,
07-09-1945,91.0,57.0,
07-10-1945,92.0,60.0,
07-11-1945,90.0,63.0,
07-12-1945,92.0,60.0,
07-13-1945,85.0,60.0,
07-14-1945,82.0,65.0,
07-15-1945,78.0,54.0,
07-16-1945,73.0,57.0,
07-17-1945,71.0,50.0,
07-18-1945,76.0,45.0,
07-19-1945,87.0,52.0,
07-20-1945,92.0,55.0,
07-21-1945,87.0,56.0,
07-22-1945,79.0,60.0,
07-23-1945,79.0,58.0,
07-24-1945,88.0,52.0,
07-25-1945,82.0,62.0,
07-26-1945,98.0,52.0,
07-27-1945,92.0,51.0,
07-28-1945,85.0,60.0,
07-29-1945,80.0,58.0,
07-30-1945,72.0,48.0,
07-31-1945,81.0,47.0,
08-01-1945,87.0,49.0,
08-02-1945,88.0,54.0,
08-03-1945,77.0,57.0,
08-04-1945,83.0,50.0,
08-05-1945,89.0,55.0,
08-06-1945,94.0,63.0,
08-07-1945,80.0,66.0,
08-08-1945,86.0,64.0,0.01
08-09-1945,87.0,63.0,
08-10-1945,78.0,58.0,
08-11-1945,80.0,54.0,
08-12-1945,82.0,64.0,0.05
08-13-1945,82.0,57.0,
08-14-1945,88.0,55.0,
08-15-1945,92.0,62.0,
08-16-1945,89.0,60.0,0.04
08-17-1945,81.0,64.0,
08-18-1945,81.0,56.0,
08-19-1945,74.0,51.0,
08-20-1945,78.0,41.0,
08-21-1945,87.0,52.0,
08-22-1945,88.0,63.0,
08-23-1945,90.0,56.0,
08-24-1945,79.0,61.0,
08-25-1945,65.0,53.0,
08-26-1945,57.0,49.0,0.2
08-27-1945,72.0,42.0,0.02
08-28-1945,84.0,49.0,
08-29-1945,83.0,60.0,
08-30-1945,77.0,60.0,
08-31-1945,83.0,52.0,
09-01-1945,,57.0,
09-02-1945,,64.0,
09-03-1945,,50.0,
09-04-1945,,55.0,0.02
09-05-1945,,52.0,0.7
09-06-1945,,47.0,
09-07-1945,,47.0,
09-08-1945,,52.0,
09-09-1945,,41.0,
09-10-1945,,48.0,
09-11-1945,,54.0,
09-12-1945,,55.0,
09-13-1945,,55.0,
09-14-1945,,54.0,
09-15-1945,,53.0,0.18
09-16-1945,,49.0,0.19
09-17-1945,,46.0,0.05
09-18-1945,,40.0,
09-19-1945,,38.0,
09-20-1945,,45.0,0.63
09-21-1945,,44.0,
09-22-1945,,42.0,0.99
09-23-1945,,41.0,0.26
09-24-1945,,43.0,0.06
09-25-1945,,46.0,0.04
09-26-1945,,41.0,
09-27-1945,,35.0,
09-28-1945,,37.0,
09-29-1945,,38.0,
09-30-1945,,42.0,
10-01-1945,71.0,47.0,
10-02-1945,75.0,51.0,
10-03-1945,68.0,45.0,
10-04-1945,61.0,41.0,
10-05-1945,65.0,44.0,
10-06-1945,73.0,45.0,
10-07-1945,79.0,49.0,
10-08-1945,74.0,49.0,
10-09-1945,72.0,42.0,
10-10-1945,74.0,50.0,
10-11-1945,72.0,49.0,
10-12-1945,89.0,48.0,
10-13-1945,70.0,46.0,
10-14-1945,75.0,50.0,
10-15-1945,75.0,53.0,
10-16-1945,64.0,48.0,02
10-17-1945,50.0,45.0,02
10-18-1945,49.0,29.0,
10-19-1945,44.0,35.0,6.0
10-20-1945,45.0,33.0,28
10-21-1945,43.0,30.0,
10-22-1945,43.0,35.0,"Lob
06"
10-23-1945,47.0,34.0,
10-24-1945,68.0,38.0,
10-25-1945,65.0,43.0,
10-26-1945,56.0,46.0,
10-27-1945,51.0,41.0,tro
10-28-1945,53.0,33.0,
10-29-1945,57.0,43.0,tr
10-30-1945,57.0,43.0,tr
10-31-1945,59.0,39.0,21
11-01-1945,45.0,39.0,
11-02-1945,53.0,35.0,
11-03-1945,60.0,43.0,
11-04-1945,55.0,43.0,
11-05-1945,40.0,36.0,
11-06-1945,41.0,25.0,
11-07-1945,30.0,27.0,
11-08-1945,28.0,12.0,
11-09-1945,34.0,10.0,
11-10-1945,37.0,15.0,
11-11-1945,38.0,30.0,
11-12-1945,36.0,29.0,
11-13-1945,43.0,32.0,
11-14-1945,46.0,35.0,
11-15-1945,40.0,39.0,
11-16-1945,41.0,32.0,
11-17-1945,40.0,35.0,
11-18-1945,45.0,34.0,
11-19-1945,36.0,32.0,
11-20-1945,29.0,24.0,
11-21-1945,33.0,23.0,
11-22-1945,32.0,25.0,
11-23-1945,44.0,31.0,
11-24-1945,40.0,31.0,
11-25-1945,45.0,31.0,
11-26-1945,44.0,32.0,
11-27-1945,47.0,32.0,
11-28-1945,49.0,39.0,
11-29-1945,43.0,34.0,
11-30-1945,41.0,29.0,
12-01-1945,37.0,28.0,
12-02-1945,40.0,29.0,
12-03-1945,45.0,33.0,
12-04-1945,45.0,36.0,
12-05-1945,47.0,36.0,
12-06-1945,49.0,36.0,
12-07-1945,34.0,31.0,
12-08-1945,31.0,26.0,
12-09-1945,30.0,22.0,
12-10-1945,29.0,25.0,
12-11-1945,30.0,26.0,
12-12-1945,25.0,24.0,
12-13-1945,25.0,16.0,
12-14-1945,21.0,8.0,
12-15-1945,19.0,12.0,
12-16-1945,20.0,15.0,
12-17-1945,19.0,16.0,
12-18-1945,20.0,9.0,
12-19-1945,25.0,10.0,
12-20-1945,30.0,10.0,
12-21-1945,35.0,23.0,
12-22-1945,41.0,30.0,
12-23-1945,39.0,34.0,
12-24-1945,41.0,34.0,
12-25-1945,39.0,34.0,
12-26-1945,41.0,31.0,
12-27-1945,45.0,33.0,
12-28-1945,51.0,34.0,
12-29-1945,46.0,34.0,
12-30-1945,42.0,31.0,
12-31-1945,45.0,33.0,
01-01-1946,47.0,36.0,12
01-02-1946,46.0,36.0,.04
01-03-1946,41.0,33.0,+44
01-04-1946,45.0,34.0,32
01-05-1946,38.0,36.0,45
01-06-1946,34.0,21.0,"2.5
25"
01-07-1946,35.0,28.0,"2.0
20"
01-08-1946,35.0,29.0,"3.0
30"
01-09-1946,35.0,22.0,
01-10-1946,24.0,22.0,Tr.
01-11-1946,30.0,16.0,
01-12-1946,32.0,16.0,
01-13-1946,30.0,24.0,
01-14-1946,35.0,26.0,
01-15-1946,35.0,26.0,
01-16-1946,37.0,23.0,
01-17-1946,40.0,29.0,
01-18-1946,44.0,28.0,
01-19-1946,38.0,30.0,
01-20-1946,36.0,28.0,
01-21-1946,40.0,29.0,
01-22-1946,39.0,32.0,58
01-23-1946,39.0,27.0,
01-24-1946,38.0,28.0,6.0
01-25-1946,30.0,27.0,15
01-26-1946,30.0,9.0,"-20
.02"
01-27-1946,34.0,10.0,"50
05"
01-28-1946,33.0,23.0,"N.
Tv."
01-29-1946,29.0,25.0,"1.5
.15"
01-30-1946,35.0,14.0,
01-31-1946,35.0,18.0,"20
102"
02-01-1946,88.0,28.0,
02-02-1946,45.0,32.0,
02-03-1946,33.0,28.0,
02-04-1946,28.0,17.0,
02-05-1946,37.0,2.0,
02-06-1946,38.0,23.0,
02-07-1946,35.0,29.0,
02-08-1946,33.0,22.0,
02-09-1946,3.0,26.0,
02-10-1946,34.0,27.0,
02-11-1946,32.0,20.0,
02-12-1946,34.0,21.0,
02-13-1946,35.0,22.0,
02-14-1946,40.0,24.0,
02-15-1946,43.0,32.0,
02-16-1946,41.0,29.0,
02-17-1946,41.0,29.0,
02-18-1946,40.0,27.0,
02-19-1946,48.0,27.0,
02-20-1946,43.0,32.0,
02-21-1946,40.0,32.0,
02-22-1946,43.0,29.0,
02-23-1946,48.0,24.0,
02-24-1946,52.0,36.0,
02-25-1946,41.0,33.0,
02-26-1946,42.0,28.0,
02-27-1946,48.0,32.0,
02-28-1946,42.0,34.0,
03-01-1946,50.0,34.0,
03-02-1946,42.0,38.0,
03-03-1946,43.0,31.0,
03-04-1946,41.0,30.0,
03-05-1946,47.0,33.0,
03-06-1946,43.0,36.0,
03-07-1946,45.0,33.0,
03-08-1946,48.0,35.0,
03-09-1946,57.0,33.0,
03-10-1946,55.0,40.0,
03-11-1946,45.0,36.0,
03-12-1946,41.0,38.0,
03-13-1946,39.0,24.0,
03-14-1946,43.0,30.0,
03-15-1946,39.0,32.0,
03-16-1946,44.0,30.0,
03-17-1946,53.0,31.0,
03-18-1946,46.0,31.0,
03-19-1946,44.0,31.0,
03-20-1946,45.0,36.0,
03-21-1946,42.0,30.0,
03-22-1946,54.0,33.0,
03-23-1946,48.0,38.0,
03-24-1946,42.0,32.0,
03-25-1946,48.0,34.0,
03-26-1946,65.0,37.0,
03-27-1946,48.0,47.0,
03-28-1946,57.0,31.0,
03-29-1946,45.0,36.0,
03-30-1946,46.0,32.0,
03-31-1946,45.0,35.0,
04-01-1946,50.0,32.0,
04-02-1946,49.0,36.0,
04-03-1946,48.0,34.0,
04-04-1946,53.0,32.0,
04-05-1946,56.0,34.0,
04-06-1946,46.0,33.0,
04-07-1946,59.0,31.0,
04-08-1946,46.0,39.0,0.12
04-09-1946,43.0,33.0,
04-10-1946,49.0,30.0,0.04
04-11-1946,64.0,34.0,0.13
04-12-1946,59.0,42.0,
04-13-1946,60.0,44.0,0.02
04-14-1946,63.0,40.0,
04-15-1946,62.0,44.0,
04-16-1946,62.0,43.0,
04-17-1946,70.0,43.0,
04-18-1946,74.0,47.0,
04-19-1946,64.0,42.0,
04-20-1946,52.0,43.0,
04-21-1946,50.0,38.0,
04-22-1946,54.0,32.0,
04-23-1946,66.0,31.0,
04-24-1946,78.0,45.0,
04-25-1946,86.0,54.0,
04-26-1946,55.0,40.0,
04-27-1946,59.0,35.0,
04-28-1946,65.0,36.0,
04-29-1946,45.0,44.0,0.38
04-30-1946,50.0,32.0,0.1
05-01-1946,61.0,33.0,
05-02-1946,74.0,39.0,
05-03-1946,80.0,42.0,
05-04-1946,67.0,51.0,
05-05-1946,64.0,44.0,
05-06-1946,68.0,40.0,
05-07-1946,67.0,40.0,
05-08-1946,67.0,46.0,
05-09-1946,66.0,48.0,
05-10-1946,65.0,33.0,
05-11-1946,70.0,39.0,
05-12-1946,67.0,50.0,
05-13-1946,58.0,41.0,
05-14-1946,60.0,41.0,
05-15-1946,66.0,37.0,
05-16-1946,74.0,43.0,
05-17-1946,75.0,49.0,
05-18-1946,72.0,51.0,
05-19-1946,69.0,46.0,
05-20-1946,73.0,47.0,
05-21-1946,72.0,42.0,
05-22-1946,57.0,50.0,
05-23-1946,68.0,49.0,
05-24-1946,72.0,42.0,
05-25-1946,70.0,51.0,0.14
05-26-1946,69.0,52.0,
05-27-1946,52.0,50.0,0.72
05-28-1946,57.0,43.0,0.07
05-29-1946,59.0,39.0,
05-30-1946,67.0,40.0,
05-31-1946,67.0,49.0,
06-01-1946,72.0,56.0,
06-02-1946,80.0,52.0,
06-03-1946,70.0,52.0,
06-04-1946,73.0,49.0,
06-05-1946,62.0,52.0,
06-06-1946,58.0,41.0,0.38
06-07-1946,89.0,40.0,
06-08-1946,70.0,53.0,
06-09-1946,69.0,49.0,
06-10-1946,66.0,45.0,
06-11-1946,23.0,43.0,
06-12-1946,26.0,46.0,
06-13-1946,81.0,52.0,
06-14-1946,79.0,47.0,0.33
06-15-1946,63.0,46.0,0.06
06-16-1946,61.0,41.0,
06-17-1946,66.0,44.0,
06-18-1946,76.0,47.0,
06-19-1946,18.0,53.0,
06-20-1946,84.0,54.0,
06-21-1946,82.0,58.0,
06-22-1946,53.0,48.0,0.26
06-23-1946,53.0,43.0,0.2
06-24-1946,58.0,45.0,
06-25-1946,60.0,46.0,0.05
06-26-1946,60.0,47.0,
06-27-1946,64.0,48.0,
06-28-1946,56.0,47.0,0.01
06-29-1946,72.0,46.0,0.32
06-30-1946,26.0,51.0,
07-01-1946,,53.0,
07-02-1946,,61.0,
07-03-1946,,52.0,
07-04-1946,,46.0,
07-05-1946,,52.0,
07-06-1946,,49.0,
07-07-1946,,58.0,
07-08-1946,,50.0,0.02
07-09-1946,,51.0,0.24
07-10-1946,,50.0,
07-11-1946,,60.0,
07-12-1946,,55.0,
07-13-1946,,66.0,
07-14-1946,,55.0,
07-15-1946,,51.0,
07-16-1946,,45.0,
07-17-1946,,49.0,
07-18-1946,,47.0,
07-19-1946,,49.0,
07-20-1946,,59.0,
07-21-1946,,62.0,
07-22-1946,,64.0,
07-23-1946,,60.0,
07-24-1946,,55.0,
07-25-1946,,53.0,
07-26-1946,,55.0,
07-27-1946,,62.0,
07-28-1946,,60.0,
07-29-1946,,65.0,
07-30-1946,,55.0,
07-31-1946,,53.0,
08-01-1946,82.0,53.0,
08-02-1946,81.0,53.0,
08-03-1946,83.0,51.0,
08-04-1946,89.0,56.0,
08-05-1946,82.0,58.0,
08-06-1946,66.0,57.0,
08-07-1946,23.0,42.0,
08-08-1946,80.0,45.0,
08-09-1946,86.0,51.0,
08-10-1946,89.0,54.0,
08-11-1946,86.0,53.0,
08-12-1946,77.0,52.0,
08-13-1946,71.0,50.0,
08-14-1946,73.0,54.0,
08-15-1946,73.0,50.0,
08-16-1946,71.0,53.0,
08-17-1946,79.0,39.0,
08-18-1946,88.0,52.0,
08-19-1946,96.0,65.0,
08-20-1946,93.0,69.0,
08-21-1946,92.0,64.0,
08-22-1946,95.0,63.0,
08-23-1946,74.0,65.0,
08-24-1946,84.0,60.0,0.01
08-25-1946,82.0,58.0,
08-26-1946,75.0,59.0,0.2
08-27-1946,76.0,50.0,
08-28-1946,78.0,50.0,
08-29-1946,78.0,54.0,
08-30-1946,74.0,54.0,
08-31-1946,72.0,55.0,
09-01-1946,,51.0,
09-02-1946,,60.0,
09-03-1946,,55.0,0.01
09-04-1946,,55.0,
09-05-1946,,53.0,0.02
09-06-1946,,49.0,0.15
09-07-1946,,48.0,0.02
09-08-1946,,45.0,
09-09-1946,,46.0,
09-10-1946,,52.0,
09-11-1946,,56.0,
09-12-1946,,56.0,
09-13-1946,,52.0,
09-14-1946,,54.0,
09-15-1946,,47.0,0.37
09-16-1946,,45.0,0.02
09-17-1946,,44.0,0.24
09-18-1946,,41.0,
09-19-1946,,41.0,
09-20-1946,,51.0,
09-21-1946,,48.0,
09-22-1946,,35.0,
09-23-1946,,41.0,
09-24-1946,,50.0,
09-25-1946,,52.0,
09-26-1946,,50.0,
09-27-1946,,40.0,
09-28-1946,,37.0,
09-29-1946,,47.0,
09-30-1946,,46.0,
10-01-1946,54.0,49.0,
10-02-1946,55.0,42.0,
10-03-1946,55.0,44.0,
10-04-1946,48.0,37.0,
10-05-1946,58.0,37.0,
10-06-1946,52.0,33.0,
10-07-1946,53.0,36.0,
10-08-1946,53.0,33.0,
10-09-1946,55.0,39.0,
10-10-1946,52.0,27.0,
10-11-1946,60.0,32.0,
10-12-1946,52.0,41.0,
10-13-1946,63.0,36.0,
10-14-1946,52.0,40.0,
10-15-1946,50.0,31.0,
10-16-1946,51.0,26.0,
10-17-1946,49.0,28.0,
10-18-1946,52.0,27.0,
10-19-1946,55.0,32.0,
10-20-1946,55.0,38.0,
10-21-1946,52.0,41.0,
10-22-1946,50.0,43.0,
10-23-1946,52.0,38.0,
10-24-1946,59.0,40.0,
10-25-1946,52.0,48.0,
10-26-1946,42.0,32.0,
10-27-1946,39.0,30.0,
10-28-1946,39.0,26.0,
10-29-1946,35.0,29.0,
10-30-1946,36.0,32.0,
10-31-1946,44.0,31.0,
11-01-1946,36.0,32.0,
11-02-1946,37.0,24.0,
11-03-1946,41.0,26.0,
11-04-1946,47.0,30.0,
11-05-1946,49.0,34.0,
11-06-1946,41.0,35.0,
11-07-1946,36.0,34.0,
11-08-1946,35.0,32.0,
11-09-1946,39.0,26.0,
11-10-1946,34.0,29.0,
11-11-1946,41.0,31.0,
11-12-1946,42.0,31.0,
11-13-1946,45.0,31.0,
11-14-1946,37.0,26.0,
11-15-1946,36.0,26.0,
11-16-1946,39.0,25.0,
11-17-1946,52.0,28.0,
11-18-1946,51.0,38.0,
11-19-1946,25.0,34.0,
11-20-1946,34.0,24.0,
11-21-1946,37.0,19.0,
11-22-1946,45.0,24.0,
11-23-1946,44.0,36.0,
11-24-1946,40.0,33.0,
11-25-1946,47.0,33.0,
11-26-1946,46.0,34.0,
11-27-1946,48.0,40.0,
11-28-1946,43.0,38.0,
11-29-1946,40.0,32.0,
11-30-1946,40.0,30.0,
12-01-1946,41.0,32.0,
12-02-1946,47.0,50.0,
12-03-1946,48.0,36.0,
12-04-1946,54.0,42.0,
12-05-1946,45.0,38.0,
12-06-1946,42.0,32.0,
12-07-1946,42.0,32.0,
12-08-1946,32.0,32.0,
12-09-1946,44.0,32.0,
12-10-1946,52.0,36.0,
12-11-1946,45.0,44.0,
12-12-1946,48.0,32.0,
12-13-1946,50.0,32.0,
12-14-1946,50.0,41.0,
12-15-1946,38.0,35.0,
12-16-1946,28.0,20.0,
12-17-1946,26.0,14.0,
12-18-1946,31.0,14.0,
12-19-1946,35.0,23.0,
12-20-1946,41.0,30.0,
12-21-1946,43.0,34.0,
12-22-1946,40.0,36.0,
12-23-1946,42.0,30.0,
12-24-1946,33.0,27.0,
12-25-1946,31.0,22.0,
12-26-1946,33.0,28.0,
12-27-1946,28.0,24.0,
12-28-1946,22.0,14.0,
12-29-1946,17.0,14.0,
12-30-1946,24.0,12.0,
12-31-1946,27.0,2.0,
01-01-1947,23.0,20.0,"20
02"
01-02-1947,20.0,2.0,
01-03-1947,21.0,10.0,
01-04-1947,24.0,9.0,
01-05-1947,30.0,8.0,"Tr
T"
01-06-1947,29.0,13.0,"3,0
30"
01-07-1947,34.0,14.0,
01-08-1947,35.0,20.0,
01-09-1947,42.0,27.0,
01-10-1947,39.0,29.0,
01-11-1947,32.0,23.0,"1,0
10"
01-12-1947,29.0,24.0,15
01-13-1947,25.0,17.0,27
01-14-1947,9.0,2.0,"2. R
22"
01-15-1947,24.0,-2.0,
01-16-1947,28.0,8.0,
01-17-1947,31.0,21.0,
01-18-1947,41.0,22.0,
01-19-1947,34.0,25.0,
01-20-1947,37.0,25.0,05
01-21-1947,38.0,30.0,
01-22-1947,45.0,34.0,04
01-23-1947,47.0,36.0,27
01-24-1947,44.0,40.0,12
01-25-1947,48.0,36.0,"Th
45"
01-26-1947,35.0,30.0,28
01-27-1947,32.0,24.0,06
01-28-1947,30.0,12.0,
01-29-1947,32.0,19.0,
01-30-1947,28.0,22.0,12
01-31-1947,35.0,13.0,Tr
02-01-1947,48.0,13.0,
02-02-1947,42.0,33.0,
02-03-1947,35.0,22.0,
02-04-1947,46.0,22.0,
02-05-1947,44.0,31.0,
02-06-1947,44.0,30.0,
02-07-1947,44.0,3.0,
02-08-1947,41.0,25.0,
02-09-1947,41.0,24.0,
02-10-1947,35.0,19.0,
02-11-1947,46.0,23.0,
02-12-1947,49.0,34.0,
02-13-1947,50.0,37.0,
02-14-1947,50.0,38.0,
02-15-1947,50.0,36.0,
02-16-1947,41.0,33.0,
02-17-1947,40.0,34.0,
02-18-1947,45.0,30.0,
02-19-1947,40.0,30.0,
02-20-1947,43.0,30.0,
02-21-1947,48.0,32.0,
02-22-1947,48.0,38.0,
02-23-1947,54.0,38.0,
02-24-1947,47.0,33.0,
02-25-1947,44.0,34.0,
02-26-1947,35.0,19.0,
02-27-1947,31.0,20.0,
02-28-1947,38.0,24.0,
03-01-1947,45.0,28.0,
03-02-1947,45.0,30.0,
03-03-1947,43.0,34.0,
03-04-1947,40.0,32.0,
03-05-1947,39.0,26.0,
03-06-1947,40.0,25.0,
03-07-1947,37.0,27.0,
03-08-1947,42.0,31.0,
03-09-1947,41.0,31.0,
03-10-1947,49.0,36.0,
03-11-1947,47.0,36.0,
03-12-1947,48.0,32.0,
03-13-1947,55.0,33.0,
03-14-1947,55.0,35.0,
03-15-1947,65.0,35.0,
03-16-1947,64.0,42.0,
03-17-1947,64.0,41.0,
03-18-1947,63.0,41.0,
03-19-1947,61.0,37.0,
03-20-1947,64.0,36.0,
03-21-1947,62.0,42.0,
03-22-1947,46.0,41.0,
03-23-1947,46.0,32.0,
03-24-1947,48.0,33.0,
03-25-1947,52.0,35.0,
03-26-1947,48.0,31.0,
03-27-1947,57.0,31.0,
03-28-1947,63.0,36.0,
03-29-1947,63.0,43.0,
03-30-1947,54.0,41.0,
03-31-1947,51.0,38.0,
04-01-1947,51.0,28.0,0.12
04-02-1947,50.0,36.0,
04-03-1947,40.0,34.0,0.02
04-04-1947,39.0,31.0,0.15
04-05-1947,41.0,30.0,
04-06-1947,44.0,33.0,0.19
04-07-1947,51.0,30.0,0.03
04-08-1947,48.0,35.0,
04-09-1947,51.0,39.0,0.1
04-10-1947,49.0,38.0,0.07
04-11-1947,52.0,33.0,0.04
04-12-1947,63.0,36.0,
04-13-1947,72.0,42.0,
04-14-1947,72.0,47.0,
04-15-1947,64.0,38.0,
04-16-1947,69.0,39.0,
04-17-1947,51.0,47.0,
04-18-1947,57.0,42.0,0.3
04-19-1947,53.0,44.0,0.1
04-20-1947,52.0,36.0,
04-21-1947,56.0,35.0,
04-22-1947,60.0,34.0,
04-23-1947,59.0,32.0,
04-24-1947,63.0,44.0,
04-25-1947,66.0,41.0,
04-26-1947,73.0,41.0,
04-27-1947,75.0,46.0,
04-28-1947,71.0,47.0,
04-29-1947,58.0,46.0,0.06
04-30-1947,60.0,38.0,
05-01-1947,77.0,44.0,
05-02-1947,70.0,54.0,
05-03-1947,75.0,47.0,
05-04-1947,73.0,49.0,
05-05-1947,77.0,48.0,
05-06-1947,84.0,52.0,
05-07-1947,78.0,56.0,
05-08-1947,55.0,52.0,0.02
05-09-1947,57.0,44.0,0.1
05-10-1947,58.0,41.0,
05-11-1947,69.0,40.0,
05-12-1947,62.0,52.0,
05-13-1947,60.0,49.0,
05-14-1947,79.0,41.0,
05-15-1947,70.0,42.0,
05-16-1947,62.0,47.0,
05-17-1947,62.0,42.0,
05-18-1947,62.0,47.0,
05-19-1947,62.0,48.0,
05-20-1947,75.0,44.0,
05-21-1947,68.0,47.0,
05-22-1947,70.0,44.0,
05-23-1947,75.0,45.0,
05-24-1947,75.0,50.0,
05-25-1947,84.0,55.0,
05-26-1947,85.0,58.0,
05-27-1947,78.0,60.0,
05-28-1947,69.0,44.0,
05-29-1947,25.0,42.0,
05-30-1947,71.0,54.0,
05-31-1947,64.0,52.0,0.05
06-01-1947,61.0,57.0,0.03
06-02-1947,63.0,46.0,0.4
06-03-1947,63.0,47.0,0.46
06-04-1947,63.0,47.0,0.25
06-05-1947,62.0,47.0,
06-06-1947,66.0,48.0,0.26
06-07-1947,68.0,52.0,
06-08-1947,63.0,53.0,0.3
06-09-1947,62.0,47.0,0.11
06-10-1947,62.0,46.0,
06-11-1947,65.0,44.0,
06-12-1947,72.0,46.0,
06-13-1947,65.0,53.0,0.1
06-14-1947,65.0,46.0,
06-15-1947,72.0,49.0,
06-16-1947,68.0,52.0,
06-17-1947,71.0,59.0,0.11
06-18-1947,74.0,51.0,
06-19-1947,19.0,49.0,
06-20-1947,64.0,45.0,
06-21-1947,72.0,40.0,
06-22-1947,77.0,40.0,
06-23-1947,80.0,57.0,0.01
06-24-1947,83.0,50.0,
06-25-1947,71.0,53.0,
06-26-1947,62.0,53.0,0.24
06-27-1947,59.0,46.0,0.03
06-28-1947,64.0,43.0,
06-29-1947,70.0,44.0,
06-30-1947,0.8,48.0,
07-01-1947,88.0,56.0,
07-02-1947,84.0,57.0,
07-03-1947,72.0,52.0,
07-04-1947,76.0,46.0,
07-05-1947,89.0,55.0,
07-06-1947,77.0,48.0,
07-07-1947,80.0,54.0,
07-08-1947,83.0,51.0,
07-09-1947,85.0,54.0,
07-10-1947,76.0,55.0,
07-11-1947,74.0,52.0,
07-12-1947,81.0,54.0,
07-13-1947,87.0,55.0,
07-14-1947,92.0,57.0,
07-15-1947,75.0,58.0,
07-16-1947,83.0,49.0,
07-17-1947,93.0,53.0,
07-18-1947,90.0,63.0,
07-19-1947,84.0,58.0,
07-20-1947,76.0,53.0,
07-21-1947,88.0,58.0,
07-22-1947,80.0,59.0,
07-23-1947,77.0,56.0,
07-24-1947,73.0,50.0,
07-25-1947,68.0,49.0,0.08
07-26-1947,77.0,50.0,
07-27-1947,81.0,52.0,
07-28-1947,89.0,51.0,0.91
07-29-1947,77.0,48.0,
07-30-1947,85.0,50.0,
07-31-1947,81.0,60.0,
08-01-1947,84.0,58.0,
08-02-1947,91.0,56.0,
08-03-1947,91.0,59.0,0.2
08-04-1947,76.0,60.0,
08-05-1947,75.0,56.0,
08-06-1947,87.0,47.0,
08-07-1947,83.0,57.0,
08-08-1947,75.0,56.0,
08-09-1947,67.0,54.0,
08-10-1947,72.0,43.0,
08-11-1947,76.0,54.0,
08-12-1947,73.0,54.0,
08-13-1947,80.0,53.0,
08-14-1947,84.0,56.0,
08-15-1947,80.0,62.0,
08-16-1947,74.0,56.0,
08-17-1947,78.0,52.0,
08-18-1947,80.0,50.0,
08-19-1947,77.0,49.0,
08-20-1947,89.0,49.0,
08-21-1947,87.0,49.0,
08-22-1947,79.0,50.0,
08-23-1947,72.0,50.0,
08-24-1947,79.0,49.0,
08-25-1947,82.0,50.0,
08-26-1947,83.0,52.0,
08-27-1947,84.0,52.0,
08-28-1947,81.0,58.0,
08-29-1947,82.0,53.0,
08-30-1947,67.0,53.0,
08-31-1947,77.0,49.0,
09-01-1947,,54.0,
09-02-1947,,52.0,
09-03-1947,,56.0,
09-04-1947,,55.0,
09-05-1947,,50.0,
09-06-1947,,43.0,
09-07-1947,,48.0,0.3
09-08-1947,,50.0,
09-09-1947,,49.0,0.29
09-10-1947,,45.0,
09-11-1947,,46.0,
09-12-1947,,57.0,
09-13-1947,,52.0,
09-14-1947,,37.0,
09-15-1947,,46.0,
09-16-1947,,50.0,1.8
09-17-1947,,40.0,0.53
09-18-1947,,39.0,
09-19-1947,,40.0,0.02
09-20-1947,,42.0,
09-21-1947,,49.0,
09-22-1947,,55.0,
09-23-1947,,56.0,
09-24-1947,,58.0,
09-25-1947,,62.0,
09-26-1947,,57.0,1.1
09-27-1947,,52.0,
09-28-1947,,53.0,
09-29-1947,,52.0,
09-30-1947,,52.0,
10-01-1947,,52.0,
10-02-1947,,52.0,
10-03-1947,,52.0,
10-04-1947,,51.0,
10-05-1947,,45.0,
10-06-1947,,41.0,
10-07-1947,,43.0,
10-08-1947,,43.0,
10-09-1947,,45.0,
10-10-1947,,45.0,
10-11-1947,,41.0,
10-12-1947,,40.0,
10-13-1947,,45.0,
10-14-1947,,49.0,
10-15-1947,,49.0,
10-16-1947,,48.0,
10-17-1947,,42.0,
10-18-1947,,44.0,
10-19-1947,,48.0,
10-20-1947,,42.0,
10-21-1947,,37.0,
10-22-1947,,34.0,
10-23-1947,,38.0,
10-24-1947,,35.0,
10-25-1947,,33.0,
10-26-1947,,42.0,
10-27-1947,,45.0,
10-28-1947,,42.0,
10-29-1947,,37.0,
10-30-1947,,40.0,
10-31-1947,,41.0,
11-01-1947,,44.0,
11-02-1947,,36.0,
11-03-1947,,33.0,
11-04-1947,,31.0,
11-05-1947,,30.0,
11-06-1947,,31.0,
11-07-1947,,33.0,
11-08-1947,,40.0,
11-09-1947,,29.0,
11-10-1947,,30.0,
11-11-1947,,32.0,
11-12-1947,,23.0,
11-13-1947,,33.0,
11-14-1947,,31.0,
11-15-1947,,32.0,
11-16-1947,,31.0,
11-17-1947,,31.0,
11-18-1947,,34.0,
11-19-1947,,29.0,
11-20-1947,,28.0,
11-21-1947,,20.0,
11-22-1947,,22.0,
11-23-1947,,25.0,
11-24-1947,,31.0,
11-25-1947,,34.0,
11-26-1947,,38.0,
11-27-1947,,37.0,
11-28-1947,,31.0,
11-29-1947,,28.0,
11-30-1947,,32.0,
12-01-1947,33.0,37.0,
12-02-1947,37.0,30.0,
12-03-1947,34.0,31.0,
12-04-1947,34.0,32.0,
12-05-1947,34.0,32.0,
12-06-1947,28.0,26.0,
12-07-1947,31.0,26.0,
12-08-1947,32.0,22.0,
12-09-1947,31.0,22.0,
12-10-1947,33.0,23.0,
12-11-1947,35.0,25.0,
12-12-1947,37.0,26.0,
12-13-1947,43.0,26.0,
12-14-1947,38.0,33.0,
12-15-1947,41.0,33.0,
12-16-1947,39.0,31.0,
12-17-1947,44.0,32.0,
12-18-1947,44.0,37.0,
12-19-1947,38.0,31.0,
12-20-1947,44.0,31.0,
12-21-1947,38.0,29.0,
12-22-1947,41.0,30.0,
12-23-1947,45.0,31.0,
12-24-1947,46.0,36.0,
12-25-1947,45.0,35.0,
12-26-1947,45.0,34.0,
12-27-1947,45.0,38.0,
12-28-1947,38.0,34.0,
12-29-1947,31.0,29.0,
12-30-1947,29.0,23.0,
12-31-1947,34.0,23.0,
01-01-1948,31.0,26.0,"0.6
03"
01-02-1948,42.0,40.0,43
01-03-1948,39.0,32.0,04
01-04-1948,36.0,32.0,"3.2
30"
01-05-1948,42.0,25.0,
01-06-1948,45.0,31.0,
01-07-1948,45.0,38.0,1.18
01-08-1948,39.0,34.0,
01-09-1948,38.0,29.0,.06
01-10-1948,37.0,28.0,
01-11-1948,33.0,30.0,"1.2
1.06"
01-12-1948,29.0,18.0,
01-13-1948,30.0,19.0,
01-14-1948,33.0,21.0,
01-15-1948,31.0,19.0,
01-16-1948,24.0,17.0,
01-17-1948,23.0,81.0,
01-18-1948,25.0,21.0,
01-19-1948,30.0,19.0,
01-20-1948,28.0,19.0,
01-21-1948,42.0,23.0,
01-22-1948,43.0,26.0,
01-23-1948,42.0,36.0,.04
01-24-1948,37.0,32.0,tr.
01-25-1948,33.0,27.0,
01-26-1948,28.0,16.0,
01-27-1948,31.0,16.0,
01-28-1948,35.0,16.0,
01-29-1948,31.0,20.0,
01-30-1948,35.0,25.0,
01-31-1948,31.0,22.0,
02-01-1948,28.0,23.0,
02-02-1948,27.0,13.0,
02-03-1948,28.0,2.0,
02-04-1948,35.0,14.0,
02-05-1948,27.0,19.0,
02-06-1948,22.0,10.0,
02-07-1948,35.0,9.0,
02-08-1948,38.0,19.0,
02-09-1948,32.0,23.0,
02-10-1948,26.0,22.0,
02-11-1948,21.0,3.0,
02-12-1948,29.0,7.0,
02-13-1948,38.0,15.0,
02-14-1948,43.0,29.0,
02-15-1948,42.0,35.0,
02-16-1948,49.0,34.0,
02-17-1948,57.0,34.0,
02-18-1948,43.0,42.0,
02-19-1948,36.0,28.0,
02-20-1948,39.0,28.0,
02-21-1948,45.0,30.0,
02-22-1948,40.0,37.0,
02-23-1948,39.0,31.0,
02-24-1948,40.0,29.0,
02-25-1948,46.0,30.0,
02-26-1948,46.0,38.0,
02-27-1948,37.0,29.0,
02-28-1948,40.0,28.0,
02-29-1948,38.0,29.0,
03-01-1948,42.0,32.0,
03-02-1948,38.0,26.0,
03-03-1948,34.0,22.0,
03-04-1948,38.0,21.0,
03-05-1948,44.0,26.0,
03-06-1948,38.0,30.0,
03-07-1948,40.0,30.0,
03-08-1948,41.0,24.0,
03-09-1948,32.0,24.0,
03-10-1948,31.0,13.0,
03-11-1948,40.0,16.0,
03-12-1948,53.0,28.0,
03-13-1948,48.0,32.0,
03-14-1948,43.0,32.0,
03-15-1948,44.0,30.0,
03-16-1948,46.0,30.0,
03-17-1948,41.0,32.0,
03-18-1948,40.0,30.0,
03-19-1948,39.0,29.0,
03-20-1948,40.0,26.0,
03-21-1948,49.0,29.0,
03-22-1948,42.0,32.0,
03-23-1948,41.0,31.0,
03-24-1948,52.0,33.0,
03-25-1948,44.0,32.0,
03-26-1948,47.0,30.0,
03-27-1948,52.0,32.0,
03-28-1948,61.0,36.0,
03-29-1948,52.0,44.0,
03-30-1948,50.0,32.0,
03-31-1948,50.0,34.0,
04-01-1948,51.0,36.0,
04-02-1948,46.0,38.0,0.29
04-03-1948,45.0,30.0,0.25
04-04-1948,44.0,31.0,
04-05-1948,45.0,28.0,0.1
04-06-1948,38.0,31.0,0.2
04-07-1948,44.0,27.0,0.09
04-08-1948,50.0,30.0,
04-09-1948,42.0,37.0,0.08
04-10-1948,47.0,34.0,0.01
04-11-1948,42.0,34.0,0.08
04-12-1948,46.0,30.0,0.04
04-13-1948,55.0,34.0,
04-14-1948,55.0,39.0,
04-15-1948,66.0,41.0,0.06
04-16-1948,66.0,50.0,
04-17-1948,54.0,44.0,0.45
04-18-1948,56.0,40.0,0.05
04-19-1948,64.0,38.0,
04-20-1948,72.0,43.0,
04-21-1948,72.0,49.0,
04-22-1948,56.0,42.0,0.03
04-23-1948,52.0,40.0,0.04
04-24-1948,49.0,37.0,0.03
04-25-1948,49.0,35.0,0.24
04-26-1948,46.0,31.0,
04-27-1948,57.0,30.0,
04-28-1948,73.0,48.0,
04-29-1948,41.0,32.0,0.53
04-30-1948,50.0,31.0,0.03
05-01-1948,50.0,33.0,0.01
05-02-1948,56.0,32.0,
05-03-1948,52.0,41.0,0.03
05-04-1948,50.0,36.0,0.4
05-05-1948,60.0,37.0,0.02
05-06-1948,60.0,46.0,0.11
05-07-1948,46.0,40.0,0.15
05-08-1948,42.0,36.0,0.58
05-09-1948,45.0,36.0,1.11
05-10-1948,53.0,36.0,0.02
05-11-1948,57.0,39.0,
05-12-1948,63.0,40.0,
05-13-1948,54.0,42.0,0.31
05-14-1948,57.0,37.0,
05-15-1948,71.0,40.0,
05-16-1948,71.0,50.0,
05-17-1948,53.0,47.0,0.63
05-18-1948,50.0,42.0,
05-19-1948,66.0,42.0,0.28
05-20-1948,69.0,46.0,0.51
05-21-1948,59.0,50.0,
05-22-1948,52.0,46.0,0.56
05-23-1948,65.0,45.0,0.33
05-24-1948,72.0,47.0,
05-25-1948,78.0,50.0,
05-26-1948,85.0,56.0,
05-27-1948,86.0,61.0,0.07
05-28-1948,56.0,52.0,
05-29-1948,,45.0,0.83
05-30-1948,,48.0,0.08
05-31-1948,,,
06-01-1948,76.0,54.0,
06-02-1948,80.0,54.0,
06-03-1948,65.0,60.0,0.12
06-04-1948,63.0,51.0,0.02
06-05-1948,72.0,50.0,
06-06-1948,83.0,48.0,
06-07-1948,85.0,60.0,
06-08-1948,83.0,60.0,
06-09-1948,83.0,62.0,
06-10-1948,76.0,57.0,
06-11-1948,63.0,56.0,0.29
06-12-1948,12.0,51.0,0.02
06-13-1948,65.0,56.0,
06-14-1948,74.0,53.0,
06-15-1948,70.0,55.0,0.17
06-16-1948,61.0,54.0,0.1
06-17-1948,63.0,49.0,0.81
06-18-1948,71.0,50.0,
06-19-1948,73.0,55.0,0.04
06-20-1948,61.0,53.0,0.07
06-21-1948,57.0,47.0,0.11
06-22-1948,63.0,48.0,0.03
06-23-1948,72.0,49.0,
06-24-1948,70.0,54.0,
06-25-1948,72.0,52.0,
06-26-1948,74.0,53.0,
06-27-1948,79.0,53.0,
06-28-1948,84.0,58.0,
06-29-1948,90.0,60.0,
06-30-1948,18.0,66.0,
07-01-1948,75.0,56.0,
07-02-1948,75.0,47.0,
07-03-1948,76.0,46.0,
07-04-1948,74.0,52.0,
07-05-1948,64.0,52.0,0.25
07-06-1948,69.0,51.0,
07-07-1948,65.0,50.0,0.26
07-08-1948,66.0,45.0,
07-09-1948,73.0,48.0,
07-10-1948,78.0,56.0,0.06
07-11-1948,69.0,53.0,0.05
07-12-1948,73.0,49.0,
07-13-1948,76.0,49.0,
07-14-1948,79.0,50.0,
07-15-1948,87.0,53.0,
07-16-1948,80.0,55.0,
07-17-1948,85.0,61.0,
07-18-1948,82.0,62.0,
07-19-1948,62.0,55.0,0.36
07-20-1948,75.0,54.0,0.12
07-21-1948,82.0,58.0,
07-22-1948,84.0,62.0,
07-23-1948,78.0,57.0,
07-24-1948,72.0,50.0,
07-25-1948,79.0,49.0,
07-26-1948,84.0,49.0,
07-27-1948,60.0,52.0,0.61
07-28-1948,59.0,46.0,0.57
07-29-1948,76.0,47.0,0.03
07-30-1948,81.0,55.0,
07-31-1948,83.0,55.0,
08-01-1948,79.0,59.0,
08-02-1948,82.0,59.0,
08-03-1948,84.0,59.0,
08-04-1948,72.0,58.0,
08-05-1948,70.0,48.0,
08-06-1948,71.0,52.0,
08-07-1948,16.0,47.0,
08-08-1948,79.0,50.0,
08-09-1948,80.0,55.0,
08-10-1948,74.0,56.0,0.03
08-11-1948,78.0,53.0,
08-12-1948,79.0,51.0,
08-13-1948,78.0,49.0,
08-14-1948,78.0,54.0,0.03
08-15-1948,67.0,56.0,
08-16-1948,81.0,46.0,
08-17-1948,80.0,52.0,
08-18-1948,78.0,54.0,
08-19-1948,70.0,46.0,
08-20-1948,73.0,47.0,
08-21-1948,74.0,52.0,
08-22-1948,74.0,53.0,0.02
08-23-1948,71.0,52.0,
08-24-1948,61.0,49.0,
08-25-1948,77.0,53.0,
08-26-1948,79.0,53.0,
08-27-1948,76.0,50.0,
08-28-1948,82.0,50.0,
08-29-1948,89.0,60.0,
08-30-1948,75.0,57.0,
08-31-1948,,48.0,
09-01-1948,,48.0,
09-02-1948,,49.0,
09-03-1948,,54.0,
09-04-1948,,47.0,
09-05-1948,,40.0,
09-06-1948,,41.0,
09-07-1948,,44.0,
09-08-1948,,48.0,
09-09-1948,,52.0,
09-10-1948,,56.0,
09-11-1948,,59.0,
09-12-1948,,55.0,
09-13-1948,,57.0,
09-14-1948,,59.0,
09-15-1948,,49.0,
09-16-1948,,46.0,0.05
09-17-1948,,48.0,
09-18-1948,,49.0,
09-19-1948,,43.0,
09-20-1948,,49.0,
09-21-1948,,45.0,
09-22-1948,,47.0,
09-23-1948,,39.0,0.13
09-24-1948,,34.0,
09-25-1948,,37.0,
09-26-1948,,40.0,0.29
09-27-1948,,41.0,0.27
09-28-1948,,43.0,
09-29-1948,,43.0,
09-30-1948,,37.0,
10-01-1948,60.0,39.0,
10-02-1948,67.0,41.0,
10-03-1948,72.0,53.0,
10-04-1948,70.0,49.0,0.39
10-05-1948,59.0,38.0,
10-06-1948,47.0,33.0,02
10-07-1948,49.0,35.0,02
10-08-1948,62.0,37.0,
10-09-1948,59.0,38.0,
10-10-1948,64.0,40.0,
10-11-1948,70.0,43.0,
10-12-1948,62.0,41.0,
10-13-1948,68.0,42.0,
10-14-1948,66.0,45.0,
10-15-1948,61.0,39.0,
10-16-1948,55.0,27.0,
10-17-1948,54.0,32.0,
10-18-1948,59.0,38.0,
10-19-1948,64.0,35.0,
10-20-1948,60.0,36.0,
10-21-1948,63.0,40.0,
10-22-1948,64.0,45.0,
10-23-1948,71.0,50.0,
10-24-1948,77.0,50.0,07
10-25-1948,57.0,35.0,
10-26-1948,56.0,40.0,
10-27-1948,57.0,27.0,
10-28-1948,48.0,27.0,
10-29-1948,50.0,27.0,
10-30-1948,47.0,26.0,
10-31-1948,45.0,30.0,
11-01-1948,43.0,32.0,
11-02-1948,42.0,34.0,
11-03-1948,49.0,37.0,
11-04-1948,43.0,31.0,
11-05-1948,43.0,32.0,
11-06-1948,43.0,30.0,
11-07-1948,40.0,29.0,
11-08-1948,36.0,19.0,
11-09-1948,36.0,22.0,
11-10-1948,36.0,24.0,
11-11-1948,42.0,29.0,
11-12-1948,40.0,32.0,
11-13-1948,45.0,34.0,
11-14-1948,50.0,36.0,
11-15-1948,55.0,38.0,
11-16-1948,42.0,32.0,
11-17-1948,49.0,32.0,
11-18-1948,37.0,27.0,
11-19-1948,38.0,30.0,
11-20-1948,35.0,31.0,
11-21-1948,36.0,31.0,
11-22-1948,46.0,32.0,
11-23-1948,48.0,33.0,
11-24-1948,47.0,34.0,
11-25-1948,41.0,33.0,
11-26-1948,39.0,27.0,
11-27-1948,33.0,23.0,
11-28-1948,42.0,35.0,
11-29-1948,44.0,28.0,
11-30-1948,37.0,28.0,
12-01-1948,38.0,30.0,
12-02-1948,46.0,32.0,
12-03-1948,36.0,28.0,
12-04-1948,33.0,21.0,
12-05-1948,32.0,20.0,
12-06-1948,32.0,26.0,
12-07-1948,35.0,27.0,
12-08-1948,37.0,26.0,
12-09-1948,31.0,22.0,
12-10-1948,36.0,25.0,
12-11-1948,39.0,31.0,
12-12-1948,38.0,31.0,
12-13-1948,38.0,23.0,
12-14-1948,32.0,23.0,
12-15-1948,29.0,24.0,
12-16-1948,29.0,14.0,
12-17-1948,25.0,10.0,
12-18-1948,16.0,8.0,
12-19-1948,25.0,11.0,
12-20-1948,41.0,22.0,
12-21-1948,32.0,25.0,
12-22-1948,30.0,12.0,
12-23-1948,24.0,6.0,
12-24-1948,15.0,7.0,
12-25-1948,16.0,7.0,
12-26-1948,21.0,9.0,
12-27-1948,20.0,10.0,
12-28-1948,27.0,11.0,
12-29-1948,34.0,17.0,
12-30-1948,34.0,11.0,
12-31-1948,32.0,20.0,
01-01-1949,33.0,28.0,
01-02-1949,29.0,10.0,
01-03-1949,9.0,-5.0,
01-04-1949,15.0,-5.0,
01-05-1949,12.0,0.0,
01-06-1949,27.0,10.0,
01-07-1949,34.0,24.0,
01-08-1949,40.0,12.0,
01-09-1949,19.0,-6.0,
01-10-1949,11.0,-7.0,
01-11-1949,5.0,-11.0,
01-12-1949,6.0,-8.0,
01-13-1949,10.0,-4.0,
01-14-1949,11.0,-3.0,
01-15-1949,16.0,4.0,
01-16-1949,16.0,4.0,
01-17-1949,28.0,8.0,
01-18-1949,30.0,9.0,
01-19-1949,23.0,10.0,
01-20-1949,20.0,-7.0,
01-21-1949,16.0,2.0,
01-22-1949,26.0,13.0,
01-23-1949,22.0,9.0,
01-24-1949,24.0,-14.0,
01-25-1949,7.0,-8.0,
01-26-1949,18.0,-3.0,
01-27-1949,21.0,8.0,
01-28-1949,15.0,-2.0,
01-29-1949,19.0,-1.0,
01-30-1949,23.0,8.0,
01-31-1949,22.0,5.0,
02-01-1949,22.0,11.0,
02-02-1949,23.0,11.0,
02-03-1949,24.0,16.0,
02-04-1949,27.0,20.0,
02-05-1949,26.0,9.0,
02-06-1949,25.0,10.0,
02-07-1949,29.0,23.0,
02-08-1949,29.0,23.0,
02-09-1949,34.0,22.0,
02-10-1949,4.0,24.0,
02-11-1949,4.0,19.0,
02-12-1949,27.0,6.0,
02-13-1949,18.0,9.0,
02-14-1949,26.0,10.0,
02-15-1949,33.0,24.0,
02-16-1949,45.0,26.0,
02-17-1949,47.0,40.0,
02-18-1949,42.0,28.0,
02-19-1949,33.0,24.0,
02-20-1949,31.0,25.0,
02-21-1949,35.0,24.0,
02-22-1949,41.0,35.0,
02-23-1949,43.0,36.0,
02-24-1949,46.0,32.0,
02-25-1949,45.0,29.0,
02-26-1949,46.0,30.0,
02-27-1949,48.0,29.0,
02-28-1949,48.0,31.0,
03-01-1949,48.0,32.0,
03-02-1949,50.0,35.0,
03-03-1949,52.0,36.0,
03-04-1949,53.0,34.0,
03-05-1949,55.0,34.0,
03-06-1949,54.0,34.0,
03-07-1949,51.0,32.0,
03-08-1949,49.0,34.0,
03-09-1949,38.0,30.0,
03-10-1949,42.0,28.0,
03-11-1949,49.0,32.0,
03-12-1949,52.0,36.0,
03-13-1949,41.0,37.0,
03-14-1949,48.0,32.0,
03-15-1949,42.0,29.0,
03-16-1949,44.0,31.0,
03-17-1949,46.0,31.0,
03-18-1949,49.0,39.0,
03-19-1949,54.0,43.0,
03-20-1949,53.0,36.0,
03-21-1949,45.0,36.0,
03-22-1949,46.0,32.0,
03-23-1949,52.0,32.0,
03-24-1949,50.0,33.0,
03-25-1949,49.0,35.0,
03-26-1949,41.0,31.0,
03-27-1949,43.0,30.0,
03-28-1949,39.0,26.0,
03-29-1949,43.0,27.0,
03-30-1949,42.0,33.0,
03-31-1949,39.0,29.0,
04-01-1949,49.0,31.0,
04-02-1949,54.0,35.0,
04-03-1949,49.0,31.0,
04-04-1949,57.0,38.0,
04-05-1949,68.0,45.0,
04-06-1949,60.0,37.0,
04-07-1949,65.0,41.0,
04-08-1949,62.0,39.0,
04-09-1949,55.0,35.0,
04-10-1949,79.0,45.0,
04-11-1949,75.0,50.0,
04-12-1949,62.0,40.0,
04-13-1949,59.0,36.0,
04-14-1949,52.0,33.0,
04-15-1949,61.0,40.0,
04-16-1949,70.0,43.0,
04-17-1949,72.0,45.0,
04-18-1949,76.0,45.0,
04-19-1949,69.0,45.0,0.02
04-20-1949,54.0,38.0,0.13
04-21-1949,55.0,40.0,
04-22-1949,50.0,37.0,
04-23-1949,62.0,46.0,
04-24-1949,61.0,34.0,
04-25-1949,57.0,39.0,
04-26-1949,59.0,40.0,
04-27-1949,73.0,50.0,
04-28-1949,71.0,50.0,0.19
04-29-1949,60.0,38.0,0.33
04-30-1949,52.0,33.0,
05-01-1949,49.0,36.0,0.04
05-02-1949,53.0,44.0,0.56
05-03-1949,51.0,36.0,
05-04-1949,49.0,32.0,
05-05-1949,55.0,34.0,
05-06-1949,63.0,40.0,
05-07-1949,69.0,40.0,
05-08-1949,72.0,51.0,
05-09-1949,81.0,55.0,
05-10-1949,81.0,56.0,
05-11-1949,82.0,55.0,
05-12-1949,87.0,56.0,
05-13-1949,86.0,59.0,
05-14-1949,78.0,55.0,
05-15-1949,77.0,60.0,
05-16-1949,64.0,50.0,
05-17-1949,67.0,42.0,0.1
05-18-1949,59.0,42.0,0.02
05-19-1949,65.0,46.0,
05-20-1949,69.0,50.0,
05-21-1949,53.0,49.0,0.03
05-22-1949,61.0,49.0,
05-23-1949,65.0,47.0,
05-24-1949,69.0,51.0,
05-25-1949,71.0,51.0,
05-26-1949,80.0,53.0,
05-27-1949,82.0,53.0,
05-28-1949,71.0,63.0,0.07
05-29-1949,19.0,47.0,
05-30-1949,55.0,48.0,0.18
05-31-1949,19.0,44.0,0.01
06-01-1949,52.0,44.0,0.09
06-02-1949,61.0,43.0,
06-03-1949,61.0,45.0,
06-04-1949,72.0,48.0,
06-05-1949,80.0,53.0,
06-06-1949,85.0,63.0,
06-07-1949,88.0,61.0,
06-08-1949,76.0,47.0,
06-09-1949,79.0,54.0,
06-10-1949,83.0,60.0,
06-11-1949,8.0,56.0,
06-12-1949,26.0,45.0,
06-13-1949,74.0,53.0,
06-14-1949,77.0,55.0,
06-15-1949,79.0,56.0,
06-16-1949,74.0,41.0,
06-17-1949,56.0,38.0,
06-18-1949,65.0,40.0,
06-19-1949,22.0,48.0,
06-20-1949,74.0,50.0,
06-21-1949,69.0,52.0,
06-22-1949,78.0,59.0,
06-23-1949,71.0,52.0,
06-24-1949,74.0,54.0,
06-25-1949,73.0,49.0,
06-26-1949,65.0,46.0,
06-27-1949,60.0,46.0,0.05
06-28-1949,70.0,49.0,
06-29-1949,62.0,41.0,0.24
06-30-1949,58.0,39.0,0.05
07-01-1949,74.0,39.0,
07-02-1949,79.0,51.0,
07-03-1949,78.0,51.0,
07-04-1949,83.0,56.0,
07-05-1949,82.0,58.0,
07-06-1949,78.0,51.0,0.02
07-07-1949,72.0,54.0,
07-08-1949,76.0,50.0,
07-09-1949,86.0,55.0,
07-10-1949,90.0,61.0,
07-11-1949,90.0,61.0,
07-12-1949,88.0,64.0,
07-13-1949,87.0,57.0,
07-14-1949,91.0,60.0,
07-15-1949,93.0,66.0,
07-16-1949,90.0,55.0,
07-17-1949,71.0,47.0,
07-18-1949,76.0,58.0,
07-19-1949,81.0,53.0,10.0
07-20-1949,62.0,49.0,
07-21-1949,68.0,50.0,
07-22-1949,81.0,57.0,
07-23-1949,76.0,57.0,0.58
07-24-1949,82.0,51.0,0.32
07-25-1949,61.0,62.0,
07-26-1949,68.0,56.0,0.1
07-27-1949,99.0,50.0,0.2
07-28-1949,68.0,49.0,
07-29-1949,77.0,50.0,
07-30-1949,86.0,58.0,
07-31-1949,93.0,63.0,
08-01-1949,97.0,65.0,
08-02-1949,92.0,65.0,
08-03-1949,93.0,63.0,
08-04-1949,95.0,60.0,
08-05-1949,82.0,50.0,
08-06-1949,86.0,62.0,
08-07-1949,86.0,56.0,
08-08-1949,69.0,48.0,
08-09-1949,74.0,48.0,
08-10-1949,83.0,56.0,0.1
08-11-1949,82.0,56.0,
08-12-1949,80.0,59.0,
08-13-1949,79.0,49.0,
08-14-1949,70.0,48.0,
08-15-1949,77.0,51.0,
08-16-1949,81.0,53.0,
08-17-1949,80.0,52.0,
08-18-1949,82.0,55.0,
08-19-1949,85.0,63.0,0.01
08-20-1949,84.0,59.0,
08-21-1949,82.0,54.0,0.03
08-22-1949,77.0,54.0,
08-23-1949,77.0,51.0,0.58
08-24-1949,68.0,50.0,0.02
08-25-1949,74.0,52.0,
08-26-1949,69.0,44.0,
08-27-1949,76.0,50.0,
08-28-1949,84.0,53.0,
08-29-1949,86.0,55.0,
08-30-1949,88.0,57.0,
08-31-1949,90.0,58.0,
09-01-1949,,59.0,
09-02-1949,,63.0,
09-03-1949,,57.0,
09-04-1949,,62.0,
09-05-1949,,54.0,0.02
09-06-1949,,52.0,
09-07-1949,,54.0,
09-08-1949,,55.0,
09-09-1949,,49.0,
09-10-1949,,54.0,0.08
09-11-1949,,45.0,0.02
09-12-1949,,34.0,
09-13-1949,,33.0,
09-14-1949,,44.0,
09-15-1949,,51.0,0.08
09-16-1949,,46.0,0.29
09-17-1949,,42.0,
09-18-1949,,44.0,
09-19-1949,,48.0,
09-20-1949,,39.0,
09-21-1949,,41.0,
09-22-1949,,53.0,
09-23-1949,,53.0,
09-24-1949,,48.0,
09-25-1949,,48.0,
09-26-1949,,52.0,
09-27-1949,,54.0,
09-28-1949,,54.0,
09-29-1949,,53.0,
09-30-1949,,51.0,
10-01-1949,54.0,44.0,04.
10-02-1949,59.0,43.0,
10-03-1949,59.0,38.0,
10-04-1949,62.0,46.0,
10-05-1949,58.0,40.0,63
10-06-1949,49.0,40.0,17
10-07-1949,42.0,35.0,.16
10-08-1949,42.0,33.0,3.0
10-09-1949,48.0,33.0,
10-10-1949,52.0,38.0,2.0
10-11-1949,52.0,42.0,
10-12-1949,57.0,40.0,
10-13-1949,51.0,32.0,
10-14-1949,52.0,35.0,
10-15-1949,59.0,40.0,
10-16-1949,51.0,32.0,
10-17-1949,47.0,25.0,7
10-18-1949,45.0,28.0,
10-19-1949,36.0,24.0,
10-20-1949,38.0,24.0,
10-21-1949,42.0,28.0,
10-22-1949,53.0,36.0,
10-23-1949,57.0,41.0,
10-24-1949,61.0,39.0,
10-25-1949,60.0,42.0,
10-26-1949,63.0,41.0,
10-27-1949,55.0,44.0,
10-28-1949,58.0,48.0,28
10-29-1949,56.0,38.0,
10-30-1949,49.0,35.0,
10-31-1949,52.0,38.0,
11-01-1949,60.0,39.0,
11-02-1949,63.0,43.0,
11-03-1949,62.0,41.0,
11-04-1949,63.0,44.0,
11-05-1949,64.0,44.0,
11-06-1949,65.0,42.0,
11-07-1949,63.0,41.0,
11-08-1949,57.0,37.0,
11-09-1949,46.0,34.0,
11-10-1949,46.0,32.0,
11-11-1949,44.0,37.0,
11-12-1949,47.0,40.0,
11-13-1949,52.0,41.0,
11-14-1949,52.0,41.0,
11-15-1949,50.0,35.0,
11-16-1949,52.0,40.0,
11-17-1949,56.0,38.0,
11-18-1949,55.0,38.0,
11-19-1949,55.0,38.0,
11-20-1949,47.0,30.0,
11-21-1949,40.0,30.0,
11-22-1949,36.0,31.0,
11-23-1949,46.0,32.0,
11-24-1949,50.0,41.0,
11-25-1949,55.0,25.0,
11-26-1949,55.0,43.0,
11-27-1949,62.0,40.0,
11-28-1949,48.0,40.0,
11-29-1949,44.0,36.0,
11-30-1949,45.0,32.0,
12-01-1949,45.0,37.0,
12-02-1949,25.0,38.0,
12-03-1949,20.0,28.0,
12-04-1949,40.0,28.0,
12-05-1949,44.0,29.0,
12-06-1949,40.0,29.0,
12-07-1949,38.0,29.0,
12-08-1949,38.0,22.0,
12-09-1949,37.0,27.0,
12-10-1949,35.0,25.0,
12-11-1949,26.0,22.0,
12-12-1949,26.0,23.0,
12-13-1949,29.0,24.0,
12-14-1949,32.0,25.0,
12-15-1949,32.0,26.0,
12-16-1949,39.0,28.0,
12-17-1949,32.0,27.0,
12-18-1949,36.0,30.0,
12-19-1949,33.0,15.0,
12-20-1949,10.0,-2.0,
12-21-1949,27.0,13.0,
12-22-1949,38.0,18.0,
12-23-1949,40.0,36.0,
12-24-1949,39.0,25.0,
12-25-1949,29.0,13.0,
12-26-1949,36.0,22.0,
12-27-1949,43.0,32.0,
12-28-1949,41.0,30.0,
12-29-1949,44.0,39.0,
12-30-1949,47.0,27.0,
12-31-1949,36.0,27.0,
01-01-1950,34.0,21.0,
01-02-1950,38.0,10.0,
01-03-1950,17.0,-5.0,
01-04-1950,12.0,-4.0,
01-05-1950,9.0,-4.0,
01-06-1950,26.0,9.0,
01-07-1950,36.0,26.0,
01-08-1950,35.0,30.0,
01-09-1950,34.0,18.0,
01-10-1950,39.0,25.0,
01-11-1950,40.0,24.0,
01-12-1950,28.0,21.0,
01-13-1950,26.0,15.0,
01-14-1950,24.0,-6.0,
01-15-1950,10.0,-10.0,
01-16-1950,12.0,-1.0,
01-17-1950,8.0,-11.0,
01-18-1950,10.0,-4.0,
01-19-1950,5.0,-3.0,
01-20-1950,41.0,5.0,
01-21-1950,42.0,34.0,
01-22-1950,43.0,33.0,
01-23-1950,41.0,32.0,
01-24-1950,33.0,16.0,
01-25-1950,18.0,-15.0,
01-26-1950,18.0,-13.0,
01-27-1950,13.0,2.0,
01-28-1950,8.0,-1.0,
01-29-1950,6.0,-14.0,
01-30-1950,5.0,-10.0,
01-31-1950,3.0,-20.0,
02-01-1950,3.0,-13.0,
02-02-1950,6.0,-9.0,
02-03-1950,13.0,2.0,
02-04-1950,30.0,10.0,
02-05-1950,40.0,30.0,
02-06-1950,43.0,33.0,
02-07-1950,38.0,30.0,
02-08-1950,38.0,31.0,
02-09-1950,38.0,30.0,
02-10-1950,38.0,28.0,
02-11-1950,35.0,30.0,
02-12-1950,37.0,27.0,
02-13-1950,37.0,32.0,
02-14-1950,38.0,33.0,
02-15-1950,42.0,37.0,
02-16-1950,47.0,38.0,
02-17-1950,41.0,31.0,
02-18-1950,44.0,33.0,
02-19-1950,45.0,35.0,
02-20-1950,42.0,2.0,
02-21-1950,37.0,26.0,
02-22-1950,39.0,32.0,
02-23-1950,45.0,34.0,
02-24-1950,44.0,,
02-25-1950,47.0,37.0,
02-26-1950,50.0,38.0,
02-27-1950,55.0,30.0,
02-28-1950,49.0,26.0,
03-01-1950,42.0,29.0,
03-02-1950,45.0,33.0,
03-03-1950,45.0,32.0,
03-04-1950,53.0,43.0,
03-05-1950,47.0,43.0,
03-06-1950,48.0,30.0,
03-07-1950,40.0,29.0,
03-08-1950,43.0,32.0,
03-09-1950,44.0,32.0,
03-10-1950,41.0,30.0,
03-11-1950,38.0,16.0,
03-12-1950,27.0,12.0,
03-13-1950,37.0,21.0,
03-14-1950,35.0,27.0,
03-15-1950,37.0,33.0,
03-16-1950,48.0,37.0,
03-17-1950,46.0,33.0,
03-18-1950,47.0,32.0,
03-19-1950,43.0,35.0,
03-20-1950,45.0,31.0,
03-21-1950,45.0,34.0,
03-22-1950,49.0,36.0,
03-23-1950,45.0,30.0,
03-24-1950,44.0,32.0,
03-25-1950,45.0,29.0,
03-26-1950,42.0,31.0,
03-27-1950,43.0,32.0,
03-28-1950,42.0,28.0,
03-29-1950,42.0,27.0,
03-30-1950,49.0,34.0,
03-31-1950,50.0,41.0,
04-01-1950,51.0,43.0,0.42
04-02-1950,53.0,32.0,0.03
04-03-1950,42.0,29.0,
04-04-1950,44.0,30.0,0.1
04-05-1950,51.0,35.0,
04-06-1950,58.0,33.0,
04-07-1950,45.0,31.0,0.11
04-08-1950,56.0,40.0,
04-09-1950,51.0,35.0,
04-10-1950,47.0,32.0,
04-11-1950,56.0,38.0,
04-12-1950,65.0,46.0,
04-13-1950,61.0,40.0,0.07
04-14-1950,44.0,34.0,
04-15-1950,52.0,40.0,
04-16-1950,54.0,43.0,
04-17-1950,57.0,34.0,
04-18-1950,50.0,29.0,
04-19-1950,56.0,36.0,
04-20-1950,63.0,43.0,
04-21-1950,66.0,38.0,
04-22-1950,54.0,36.0,
04-23-1950,47.0,30.0,
04-24-1950,46.0,30.0,
04-25-1950,54.0,42.0,
04-26-1950,50.0,27.0,
04-27-1950,52.0,33.0,0.35
04-28-1950,45.0,33.0,0.3
04-29-1950,52.0,32.0,
04-30-1950,56.0,35.0,
05-01-1950,62.0,40.0,0.15
05-02-1950,51.0,33.0,7.9
05-03-1950,47.0,37.0,
05-04-1950,53.0,35.0,0.11
05-05-1950,48.0,37.0,0.15
05-06-1950,49.0,32.0,
05-07-1950,50.0,32.0,
05-08-1950,58.0,37.0,
05-09-1950,59.0,40.0,
05-10-1950,62.0,42.0,
05-11-1950,69.0,42.0,0.23
05-12-1950,76.0,47.0,
05-13-1950,69.0,42.0,
05-14-1950,72.0,47.0,
05-15-1950,66.0,46.0,
05-16-1950,66.0,43.0,
05-17-1950,72.0,41.0,
05-18-1950,52.0,34.0,
05-19-1950,54.0,38.0,0.25
05-20-1950,60.0,41.0,
05-21-1950,67.0,49.0,
05-22-1950,71.0,49.0,
05-23-1950,65.0,36.0,
05-24-1950,59.0,33.0,
05-25-1950,67.0,42.0,
05-26-1950,74.0,46.0,
05-27-1950,80.0,56.0,
05-28-1950,59.0,38.0,
05-29-1950,19.0,50.0,
05-30-1950,63.0,37.0,
05-31-1950,63.0,37.0,
06-01-1950,72.0,50.0,
06-02-1950,68.0,41.0,
06-03-1950,74.0,45.0,
06-04-1950,78.0,51.0,
06-05-1950,78.0,55.0,0.66
06-06-1950,60.0,45.0,1.11
06-07-1950,49.0,42.0,0.07
06-08-1950,47.0,43.0,
06-09-1950,63.0,43.0,
06-10-1950,68.0,47.0,0.65
06-11-1950,74.0,50.0,0.18
06-12-1950,71.0,49.0,0.5
06-13-1950,68.0,48.0,0.04
06-14-1950,53.0,49.0,
06-15-1950,64.0,52.0,
06-16-1950,73.0,55.0,
06-17-1950,74.0,57.0,
06-18-1950,70.0,51.0,
06-19-1950,23.0,52.0,
06-20-1950,78.0,55.0,
06-21-1950,82.0,56.0,0.34
06-22-1950,63.0,49.0,
06-23-1950,64.0,44.0,
06-24-1950,62.0,46.0,
06-25-1950,56.0,43.0,0.17
06-26-1950,66.0,49.0,
06-27-1950,76.0,51.0,
06-28-1950,81.0,55.0,
06-29-1950,83.0,56.0,
06-30-1950,89.0,60.0,
07-01-1950,85.0,62.0,
07-02-1950,82.0,55.0,
07-03-1950,83.0,52.0,
07-04-1950,82.0,55.0,
07-05-1950,90.0,55.0,
07-06-1950,86.0,56.0,
07-07-1950,84.0,65.0,
07-08-1950,76.0,52.0,
07-09-1950,85.0,59.0,0.04
07-10-1950,76.0,52.0,
07-11-1950,71.0,46.0,
07-12-1950,71.0,48.0,
07-13-1950,82.0,52.0,
07-14-1950,86.0,57.0,
07-15-1950,78.0,56.0,
07-16-1950,76.0,52.0,
07-17-1950,76.0,52.0,
07-18-1950,81.0,52.0,
07-19-1950,86.0,49.0,0.11
07-20-1950,70.0,48.0,
07-21-1950,80.0,51.0,
07-22-1950,87.0,54.0,
07-23-1950,87.0,55.0,
07-24-1950,98.0,56.0,
07-25-1950,92.0,61.0,
07-26-1950,95.0,72.0,
07-27-1950,87.0,61.0,
07-28-1950,82.0,52.0,90.0
07-29-1950,63.0,49.0,0.04
07-30-1950,60.0,49.0,0.05
07-31-1950,76.0,54.0,
08-01-1950,85.0,55.0,
08-02-1950,89.0,60.0,
08-03-1950,87.0,53.0,
08-04-1950,72.0,41.0,
08-05-1950,99.0,54.0,0.02
08-06-1950,61.0,48.0,0.05
08-07-1950,78.0,52.0,
08-08-1950,81.0,49.0,
08-09-1950,83.0,59.0,0.09
08-10-1950,82.0,54.0,
08-11-1950,84.0,49.0,
08-12-1950,84.0,51.0,
08-13-1950,85.0,51.0,
08-14-1950,84.0,63.0,
08-15-1950,78.0,54.0,
08-16-1950,80.0,57.0,
08-17-1950,84.0,56.0,
08-18-1950,93.0,58.0,
08-19-1950,89.0,54.0,
08-20-1950,87.0,56.0,
08-21-1950,89.0,51.0,
08-22-1950,91.0,57.0,
08-23-1950,90.0,55.0,0.23
08-24-1950,71.0,56.0,
08-25-1950,74.0,46.0,
08-26-1950,78.0,50.0,
08-27-1950,85.0,55.0,
08-28-1950,81.0,48.0,
08-29-1950,84.0,52.0,
08-30-1950,85.0,52.0,
08-31-1950,86.0,56.0,
09-01-1950,,59.0,
09-02-1950,,58.0,
09-03-1950,,70.0,
09-04-1950,,59.0,
09-05-1950,,53.0,0.09
09-06-1950,,49.0,
09-07-1950,,44.0,
09-08-1950,,48.0,
09-09-1950,,49.0,
09-10-1950,,46.0,
09-11-1950,,48.0,
09-12-1950,,45.0,
09-13-1950,,43.0,
09-14-1950,,42.0,
09-15-1950,,42.0,
09-16-1950,,40.0,
09-17-1950,,44.0,
09-18-1950,,41.0,
09-19-1950,,48.0,
09-20-1950,,45.0,
09-21-1950,,50.0,
09-22-1950,,54.0,
09-23-1950,,49.0,
09-24-1950,,51.0,
09-25-1950,,56.0,
09-26-1950,,46.0,0.29
09-27-1950,,39.0,0.32
09-28-1950,,38.0,
09-29-1950,,27.0,
09-30-1950,,28.0,
10-01-1950,51.0,28.0,
10-02-1950,55.0,34.0,
10-03-1950,56.0,38.0,
10-04-1950,57.0,41.0,20.0
10-05-1950,58.0,41.0,34
10-06-1950,53.0,42.0,ET
10-07-1950,52.0,40.0,
10-08-1950,63.0,48.0,
10-09-1950,74.0,32.0,
10-10-1950,58.0,42.0,
10-11-1950,59.0,50.0,
10-12-1950,75.0,49.0,
10-13-1950,66.0,50.0,
10-14-1950,75.0,49.0,
10-15-1950,68.0,41.0,
10-16-1950,55.0,41.0,
10-17-1950,57.0,40.0,.07
10-18-1950,54.0,44.0,20.0
10-19-1950,55.0,47.0,0.02
10-20-1950,64.0,25.0,2
10-21-1950,52.0,38.0,
10-22-1950,57.0,34.0,
10-23-1950,54.0,38.0,
10-24-1950,55.0,39.0,
10-25-1950,64.0,45.0,
10-26-1950,52.0,36.0,.34
10-27-1950,58.0,40.0,05
10-28-1950,75.0,42.0,20
10-29-1950,47.0,43.0,
10-30-1950,57.0,40.0,.42
10-31-1950,49.0,33.0,05
11-01-1950,48.0,36.0,
11-02-1950,45.0,37.0,
11-03-1950,49.0,38.0,
11-04-1950,54.0,44.0,
11-05-1950,64.0,35.0,
11-06-1950,47.0,38.0,
11-07-1950,50.0,40.0,
11-08-1950,43.0,31.0,
11-09-1950,41.0,23.0,
11-10-1950,36.0,24.0,
11-11-1950,34.0,27.0,
11-12-1950,38.0,29.0,
11-13-1950,34.0,28.0,
11-14-1950,38.0,28.0,
11-15-1950,37.0,27.0,
11-16-1950,31.0,48.0,
11-17-1950,45.0,33.0,
11-18-1950,29.0,37.0,
11-19-1950,25.0,16.0,
11-20-1950,40.0,25.0,
11-21-1950,47.0,36.0,
11-22-1950,47.0,41.0,
11-23-1950,37.0,46.0,
11-24-1950,56.0,39.0,
11-25-1950,48.0,43.0,
11-26-1950,54.0,45.0,
11-27-1950,57.0,38.0,
11-28-1950,49.0,32.0,
11-29-1950,47.0,29.0,
11-30-1950,39.0,30.0,
12-01-1950,42.0,31.0,
12-02-1950,32.0,26.0,
12-03-1950,34.0,26.0,
12-04-1950,39.0,27.0,
12-05-1950,31.0,15.0,
12-06-1950,36.0,20.0,
12-07-1950,38.0,30.0,
12-08-1950,42.0,32.0,
12-09-1950,40.0,35.0,
12-10-1950,46.0,38.0,
12-11-1950,54.0,41.0,
12-12-1950,49.0,32.0,
12-13-1950,44.0,30.0,
12-14-1950,43.0,31.0,
12-15-1950,39.0,32.0,
12-16-1950,50.0,31.0,
12-17-1950,45.0,27.0,
12-18-1950,15.0,36.0,
12-19-1950,45.0,37.0,
12-20-1950,46.0,39.0,
12-21-1950,48.0,36.0,
12-22-1950,49.0,39.0,
12-23-1950,46.0,41.0,
12-24-1950,49.0,40.0,
12-25-1950,49.0,42.0,
12-26-1950,48.0,32.0,
12-27-1950,42.0,25.0,
12-28-1950,40.0,32.0,
12-29-1950,38.0,33.0,
12-30-1950,44.0,37.0,
12-31-1950,43.0,30.0,
01-01-1951,36.0,31.0,
01-02-1951,37.0,32.0,
01-03-1951,40.0,30.0,
01-04-1951,35.0,78.0,
01-05-1951,34.0,18.0,
01-06-1951,31.0,22.0,
01-07-1951,32.0,20.0,
01-08-1951,31.0,2.3,
01-09-1951,32.0,12.0,
01-10-1951,34.0,22.0,
01-11-1951,34.0,28.0,
01-12-1951,36.0,29.0,
01-13-1951,36.0,30.0,
01-14-1951,43.0,33.0,
01-15-1951,46.0,33.0,
01-16-1951,48.0,28.0,
01-17-1951,41.0,28.0,
01-18-1951,36.0,26.0,
01-19-1951,36.0,26.0,
01-20-1951,33.0,20.0,
01-21-1951,35.0,23.0,
01-22-1951,40.0,31.0,
01-23-1951,35.0,25.0,
01-24-1951,37.0,29.0,
01-25-1951,45.0,36.0,
01-26-1951,46.0,37.0,
01-27-1951,40.0,20.0,
01-28-1951,23.0,-5.0,
01-29-1951,14.0,0.0,
01-30-1951,21.0,2.0,
01-31-1951,14.0,1.0,
02-01-1951,22.0,4.0,
02-02-1951,32.0,15.0,
02-03-1951,41.0,31.0,
02-04-1951,42.0,32.0,
02-05-1951,41.0,31.0,
02-06-1951,38.0,28.0,
02-07-1951,40.0,30.0,
02-08-1951,43.0,39.0,
02-09-1951,52.0,38.0,
02-10-1951,52.0,41.0,
02-11-1951,53.0,42.0,
02-12-1951,46.0,26.0,
02-13-1951,34.0,24.0,
02-14-1951,40.0,27.0,
02-15-1951,47.0,32.0,
02-16-1951,48.0,33.0,
02-17-1951,44.0,26.0,
02-18-1951,41.0,30.0,
02-19-1951,39.0,27.0,
02-20-1951,37.0,31.0,
02-21-1951,44.0,28.0,
02-22-1951,44.0,28.0,
02-23-1951,44.0,25.0,
02-24-1951,39.0,26.0,
02-25-1951,43.0,27.0,
02-26-1951,35.0,20.0,
02-27-1951,37.0,17.0,
02-28-1951,34.0,20.0,
03-01-1951,38.0,25.0,
03-02-1951,39.0,26.0,
03-03-1951,30.0,22.0,
03-04-1951,34.0,25.0,
03-05-1951,36.0,19.0,
03-06-1951,29.0,20.0,
03-07-1951,34.0,18.0,
03-08-1951,34.0,19.0,
03-09-1951,37.0,22.0,
03-10-1951,33.0,21.0,
03-11-1951,34.0,22.0,
03-12-1951,37.0,25.0,
03-13-1951,38.0,32.0,
03-14-1951,40.0,33.0,
03-15-1951,44.0,35.0,
03-16-1951,42.0,27.0,
03-17-1951,37.0,24.0,
03-18-1951,39.0,25.0,
03-19-1951,46.0,28.0,
03-20-1951,56.0,36.0,
03-21-1951,61.0,41.0,
03-22-1951,46.0,28.0,
03-23-1951,42.0,28.0,
03-24-1951,49.0,32.0,
03-25-1951,57.0,39.0,
03-26-1951,58.0,22.0,
03-27-1951,50.0,32.0,
03-28-1951,47.0,29.0,
03-29-1951,55.0,38.0,
03-30-1951,50.0,34.0,
03-31-1951,44.0,34.0,
04-01-1951,52.0,37.0,
04-02-1951,60.0,38.0,
04-03-1951,65.0,38.0,
04-04-1951,59.0,40.0,
04-05-1951,67.0,42.0,
04-06-1951,61.0,35.0,
04-07-1951,62.0,38.0,
04-08-1951,61.0,38.0,
04-09-1951,52.0,37.0,
04-10-1951,54.0,30.0,
04-11-1951,60.0,33.0,
04-12-1951,65.0,40.0,
04-13-1951,75.0,42.0,
04-14-1951,70.0,34.0,
04-15-1951,62.0,33.0,
04-16-1951,66.0,40.0,
04-17-1951,69.0,42.0,
04-18-1951,67.0,44.0,
04-19-1951,57.0,26.0,
04-20-1951,48.0,26.0,
04-21-1951,50.0,21.0,
04-22-1951,51.0,32.0,
04-23-1951,51.0,32.0,
04-24-1951,64.0,33.0,
04-25-1951,65.0,36.0,
04-26-1951,70.0,40.0,
04-27-1951,64.0,40.0,
04-28-1951,64.0,44.0,
04-29-1951,51.0,34.0,
04-30-1951,49.0,34.0,
05-01-1951,50.0,,
05-02-1951,53.0,,
05-03-1951,62.0,,
05-04-1951,75.0,,
05-05-1951,70.0,,0.13
05-06-1951,72.0,,
05-07-1951,70.0,,0.16
05-08-1951,49.0,,0.09
05-09-1951,63.0,,
05-10-1951,74.0,,
05-11-1951,81.0,,
05-12-1951,49.0,,0.17
05-13-1951,52.0,,
05-14-1951,50.0,,0.08
05-15-1951,58.0,,
05-16-1951,71.0,,
05-17-1951,74.0,,
05-18-1951,67.0,,
05-19-1951,62.0,,
05-20-1951,71.0,,
05-21-1951,71.0,,
05-22-1951,72.0,,
05-23-1951,88.0,,
05-24-1951,62.0,,0.06
05-25-1951,66.0,,
05-26-1951,62.0,,
05-27-1951,73.0,,
05-28-1951,69.0,,
05-29-1951,52.0,,
05-30-1951,60.0,,
05-31-1951,63.0,,
06-01-1951,62.0,33.0,
06-02-1951,69.0,41.0,
06-03-1951,71.0,47.0,
06-04-1951,68.0,50.0,0.01
06-05-1951,58.0,40.0,0.96
06-06-1951,47.0,41.0,0.19
06-07-1951,52.0,43.0,0.21
06-08-1951,54.0,40.0,0.2
06-09-1951,68.0,44.0,
06-10-1951,75.0,48.0,
06-11-1951,76.0,56.0,
06-12-1951,75.0,53.0,0.08
06-13-1951,67.0,54.0,
06-14-1951,75.0,54.0,
06-15-1951,80.0,58.0,
06-16-1951,80.0,46.0,
06-17-1951,77.0,55.0,
06-18-1951,74.0,54.0,
06-19-1951,24.0,56.0,
06-20-1951,73.0,41.0,
06-21-1951,72.0,41.0,
06-22-1951,72.0,52.0,
06-23-1951,73.0,50.0,
06-24-1951,77.0,50.0,
06-25-1951,66.0,40.0,
06-26-1951,74.0,54.0,
06-27-1951,77.0,52.0,
06-28-1951,75.0,41.0,
06-29-1951,80.0,48.0,
06-30-1951,79.0,52.0,
07-01-1951,86.0,57.0,
07-02-1951,79.0,50.0,
07-03-1951,83.0,53.0,
07-04-1951,90.0,51.0,0.3
07-05-1951,69.0,57.0,
07-06-1951,59.0,49.0,
07-07-1951,68.0,46.0,
07-08-1951,72.0,50.0,
07-09-1951,74.0,53.0,
07-10-1951,79.0,51.0,
07-11-1951,75.0,50.0,
07-12-1951,84.0,57.0,
07-13-1951,90.0,62.0,
07-14-1951,89.0,59.0,
07-15-1951,85.0,60.0,
07-16-1951,88.0,56.0,
07-17-1951,89.0,58.0,
07-18-1951,96.0,63.0,
07-19-1951,83.0,57.0,
07-20-1951,77.0,51.0,
07-21-1951,76.0,46.0,
07-22-1951,81.0,54.0,
07-23-1951,89.0,57.0,
07-24-1951,95.0,69.0,
07-25-1951,89.0,60.0,
07-26-1951,83.0,48.0,
07-27-1951,93.0,64.0,
07-28-1951,90.0,54.0,
07-29-1951,87.0,61.0,
07-30-1951,85.0,60.0,
07-31-1951,89.0,54.0,
08-01-1951,90.0,55.0,
08-02-1951,89.0,54.0,
08-03-1951,92.0,64.0,
08-04-1951,88.0,63.0,
08-05-1951,85.0,61.0,
08-06-1951,79.0,50.0,
08-07-1951,79.0,49.0,
08-08-1951,81.0,61.0,
08-09-1951,82.0,53.0,
08-10-1951,84.0,54.0,
08-11-1951,86.0,54.0,
08-12-1951,76.0,49.0,
08-13-1951,72.0,46.0,
08-14-1951,73.0,48.0,
08-15-1951,83.0,53.0,
08-16-1951,84.0,60.0,
08-17-1951,83.0,50.0,
08-18-1951,85.0,51.0,
08-19-1951,89.0,51.0,
08-20-1951,88.0,64.0,
08-21-1951,90.0,56.0,
08-22-1951,92.0,66.0,
08-23-1951,79.0,54.0,
08-24-1951,70.0,43.0,
08-25-1951,73.0,49.0,
08-26-1951,81.0,56.0,
08-27-1951,75.0,59.0,
08-28-1951,75.0,51.0,
08-29-1951,62.0,46.0,0.4
08-30-1951,59.0,46.0,0.48
08-31-1951,58.0,43.0,
09-01-1951,,45.0,
09-02-1951,,52.0,
09-03-1951,,46.0,
09-04-1951,,53.0,
09-05-1951,,48.0,
09-06-1951,,56.0,
09-07-1951,,62.0,
09-08-1951,,51.0,
09-09-1951,,48.0,
09-10-1951,,54.0,
09-11-1951,,43.0,0.08
09-12-1951,,41.0,
09-13-1951,,46.0,
09-14-1951,,48.0,
09-15-1951,,56.0,
09-16-1951,,54.0,
09-17-1951,,61.0,
09-18-1951,,54.0,
09-19-1951,,55.0,
09-20-1951,,48.0,
09-21-1951,,43.0,
09-22-1951,,52.0,
09-23-1951,,32.0,
09-24-1951,,48.0,
09-25-1951,,51.0,0.03
09-26-1951,,39.0,0.16
09-27-1951,,42.0,
09-28-1951,,42.0,
09-29-1951,,50.0,
09-30-1951,,53.0,0.19
10-01-1951,59.0,53.0,.33
10-02-1951,66.0,50.0,18
10-03-1951,60.0,48.0,20
10-04-1951,50.0,41.0,43.0
10-05-1951,55.0,44.0,
10-06-1951,63.0,44.0,
10-07-1951,59.0,45.0,Th
10-08-1951,73.0,51.0,
10-09-1951,79.0,51.0,
10-10-1951,78.0,57.0,
10-11-1951,83.0,49.0,0.03
10-12-1951,61.0,46.0,.04
10-13-1951,57.0,44.0,0.02
10-14-1951,55.0,46.0,15
10-15-1951,58.0,35.0,
10-16-1951,49.0,37.0,.03
10-17-1951,42.0,31.0,.05
10-18-1951,49.0,33.0,
10-19-1951,48.0,39.0,
10-20-1951,51.0,40.0,34
10-21-1951,46.0,33.0,
10-22-1951,47.0,36.0,17
10-23-1951,47.0,37.0,35
10-24-1951,42.0,34.0,07
10-25-1951,54.0,31.0,
10-26-1951,49.0,32.0,
10-27-1951,49.0,30.0,
10-28-1951,54.0,34.0,
10-29-1951,58.0,39.0,
10-30-1951,45.0,26.0,
10-31-1951,40.0,22.0,
11-01-1951,39.0,21.0,
11-02-1951,40.0,24.0,
11-03-1951,42.0,29.0,
11-04-1951,40.0,31.0,
11-05-1951,44.0,29.0,
11-06-1951,48.0,33.0,
11-07-1951,53.0,33.0,
11-08-1951,44.0,35.0,
11-09-1951,52.0,37.0,
11-10-1951,50.0,38.0,
11-11-1951,48.0,38.0,
11-12-1951,50.0,37.0,
11-13-1951,41.0,37.0,
11-14-1951,42.0,32.0,
11-15-1951,37.0,27.0,
11-16-1951,35.0,24.0,
11-17-1951,37.0,25.0,
11-18-1951,44.0,26.0,
11-19-1951,40.0,23.0,
11-20-1951,43.0,35.0,
11-21-1951,41.0,30.0,
11-22-1951,36.0,32.0,
11-23-1951,39.0,31.0,
11-24-1951,43.0,38.0,
11-25-1951,34.0,29.0,
11-26-1951,44.0,33.0,
11-27-1951,47.0,32.0,
11-28-1951,45.0,34.0,
11-29-1951,46.0,36.0,
11-30-1951,45.0,36.0,
12-01-1951,52.0,,
12-02-1951,44.0,,
12-03-1951,38.0,,
12-04-1951,40.0,,
12-05-1951,41.0,,
12-06-1951,34.0,,
12-07-1951,32.0,,
12-08-1951,30.0,,
12-09-1951,26.0,,
12-10-1951,28.0,,
12-11-1951,33.0,,
12-12-1951,39.0,,
12-13-1951,39.0,,
12-14-1951,24.0,,
12-15-1951,30.0,,
12-16-1951,36.0,,
12-17-1951,30.0,,
12-18-1951,35.0,,
12-19-1951,32.0,,
12-20-1951,24.0,,
12-21-1951,27.0,,
12-22-1951,39.0,,
12-23-1951,31.0,,
12-24-1951,24.0,,
12-25-1951,20.0,,
12-26-1951,22.0,,
12-27-1951,36.0,,
12-28-1951,25.0,,
12-29-1951,37.0,,
12-30-1951,35.0,,
12-31-1951,29.0,,
01-01-1952,15.0,-8.0,
01-02-1952,9.0,2.0,
01-03-1952,20.0,8.0,
01-04-1952,21.0,23.9,
01-05-1952,24.0,12.0,
01-06-1952,29.0,22.0,
01-07-1952,30.0,23.0,
01-08-1952,37.0,26.0,
01-09-1952,34.0,24.0,
01-10-1952,34.0,26.0,
01-11-1952,34.0,22.0,
01-12-1952,32.0,24.0,
01-13-1952,32.0,12.0,
01-14-1952,32.0,20.0,
01-15-1952,36.0,18.0,
01-16-1952,34.0,20.0,
01-17-1952,23.0,17.0,
01-18-1952,29.0,18.0,
01-19-1952,33.0,24.0,
01-20-1952,33.0,27.0,
01-21-1952,35.0,22.0,
01-22-1952,28.0,18.0,
01-23-1952,27.0,20.0,
01-24-1952,34.0,23.0,
01-25-1952,35.0,26.0,
01-26-1952,39.0,28.0,
01-27-1952,40.0,33.0,
01-28-1952,40.0,32.0,
01-29-1952,39.0,30.0,
01-30-1952,40.0,33.0,
01-31-1952,43.0,34.0,
02-01-1952,39.0,33.0,
02-02-1952,43.0,33.0,
02-03-1952,41.0,22.09,
02-04-1952,46.0,33.0,
02-05-1952,46.0,30.0,
02-06-1952,41.0,23.8,
02-07-1952,48.0,25.2,
02-08-1952,47.0,32.0,
02-09-1952,48.0,32.0,
02-10-1952,46.0,33.0,
02-11-1952,48.0,33.0,
02-12-1952,46.0,27.0,
02-13-1952,35.0,20.0,
02-14-1952,39.0,23.0,
02-15-1952,34.0,25.0,
02-16-1952,33.0,27.0,
02-17-1952,29.0,22.0,
02-18-1952,37.0,20.0,
02-19-1952,32.0,18.0,
02-20-1952,33.0,22.0,
02-21-1952,35.0,20.0,
02-22-1952,28.0,16.0,
02-23-1952,31.0,19.0,
02-24-1952,24.0,15.0,
02-25-1952,23.0,24.0,
02-26-1952,42.0,30.0,
02-27-1952,44.0,32.0,
02-28-1952,35.0,26.0,
02-29-1952,31.0,25.0,
03-01-1952,33.0,21.0,
03-02-1952,38.0,25.0,
03-03-1952,35.0,27.0,
03-04-1952,37.0,29.0,
03-05-1952,38.0,28.0,
03-06-1952,40.0,25.0,
03-07-1952,45.0,30.0,
03-08-1952,48.0,25.0,
03-09-1952,46.0,33.0,
03-10-1952,41.0,35.0,
03-11-1952,47.0,31.0,
03-12-1952,37.0,27.0,
03-13-1952,42.0,28.0,
03-14-1952,43.0,27.0,
03-15-1952,47.0,30.0,
03-16-1952,46.0,34.0,
03-17-1952,49.0,30.0,
03-18-1952,45.0,32.2,
03-19-1952,40.0,28.0,
03-20-1952,39.0,23.0,
03-21-1952,36.0,21.0,
03-22-1952,43.0,23.0,
03-23-1952,46.0,31.0,
03-24-1952,49.0,40.0,
03-25-1952,55.0,42.0,
03-26-1952,60.0,37.0,
03-27-1952,57.0,36.0,
03-28-1952,65.0,44.0,
03-29-1952,46.0,33.6,
03-30-1952,41.0,32.0,
03-31-1952,43.0,28.0,
04-01-1952,42.0,33.7,
04-02-1952,51.0,34.0,0.07
04-03-1952,51.0,32.0,0.05
04-04-1952,51.0,35.0,
04-05-1952,69.0,43.0,
04-06-1952,73.0,49.0,
04-07-1952,70.0,31.0,
04-08-1952,45.0,25.0,
04-09-1952,54.0,30.0,
04-10-1952,60.0,30.0,
04-11-1952,61.0,37.0,
04-12-1952,58.0,37.0,
04-13-1952,67.0,46.0,
04-14-1952,70.0,41.0,0.14
04-15-1952,47.0,36.6,0.01
04-16-1952,51.0,35.0,
04-17-1952,66.0,36.6,
04-18-1952,72.0,49.0,
04-19-1952,78.0,37.0,1.1
04-20-1952,50.0,32.0,
04-21-1952,56.0,35.0,
04-22-1952,66.0,37.0,
04-23-1952,62.0,38.0,
04-24-1952,74.0,32.0,
04-25-1952,84.0,53.0,
04-26-1952,79.0,50.0,
04-27-1952,66.0,49.0,
04-28-1952,70.0,38.0,0.57
04-29-1952,51.0,32.0,0.77
04-30-1952,62.0,42.0,
05-01-1952,56.0,39.0,19.0
05-02-1952,54.0,38.0,0.03
05-03-1952,60.0,39.0,
05-04-1952,47.0,34.0,
05-05-1952,56.0,39.0,
05-06-1952,63.0,40.0,
05-07-1952,58.0,42.0,0.01
05-08-1952,69.0,47.0,0.01
05-09-1952,50.0,36.0,0.2
05-10-1952,67.0,47.0,
05-11-1952,71.0,51.0,
05-12-1952,64.0,46.0,
05-13-1952,77.0,49.0,0.06
05-14-1952,64.0,42.0,0.08
05-15-1952,55.0,42.0,
05-16-1952,68.0,44.0,0.01
05-17-1952,74.0,48.0,
05-18-1952,75.0,48.0,
05-19-1952,75.0,55.0,
05-20-1952,72.0,48.0,0.08
05-21-1952,59.0,43.0,0.03
05-22-1952,62.0,38.0,
05-23-1952,70.0,46.0,
05-24-1952,74.0,46.0,
05-25-1952,79.0,56.0,
05-26-1952,74.0,46.0,
05-27-1952,75.0,48.0,
05-28-1952,82.0,52.0,
05-29-1952,72.0,42.0,
05-30-1952,60.0,35.0,
05-31-1952,70.0,45.0,
06-01-1952,66.0,45.0,0.12
06-02-1952,70.0,57.0,
06-03-1952,76.0,52.0,
06-04-1952,79.0,59.0,
06-05-1952,81.0,62.0,
06-06-1952,83.0,55.0,0.1
06-07-1952,89.0,50.0,0.02
06-08-1952,74.0,44.0,
06-09-1952,80.0,52.0,
06-10-1952,88.0,41.0,0.51
06-11-1952,9.0,42.0,0.1
06-12-1952,51.0,40.0,0.11
06-13-1952,57.0,39.0,0.09
06-14-1952,71.0,47.0,
06-15-1952,62.0,42.0,0.31
06-16-1952,62.0,45.0,
06-17-1952,66.0,50.0,
06-18-1952,72.0,45.0,
06-19-1952,29.0,54.0,0.04
06-20-1952,75.0,53.0,
06-21-1952,76.0,45.0,1.45
06-22-1952,58.0,45.0,
06-23-1952,62.0,40.0,
06-24-1952,70.0,53.0,
06-25-1952,68.0,52.0,0.27
06-26-1952,68.0,48.0,0.13
06-27-1952,73.0,53.0,
06-28-1952,76.0,55.0,
06-29-1952,73.0,53.0,0.18
06-30-1952,63.0,49.0,0.53
07-01-1952,89.0,47.0,0.07
07-02-1952,66.0,44.0,
07-03-1952,75.0,51.0,
07-04-1952,85.0,60.0,
07-05-1952,81.0,51.0,
07-06-1952,89.0,40.0,
07-07-1952,71.0,44.0,
07-08-1952,84.0,51.0,
07-09-1952,90.0,55.0,
07-10-1952,94.0,63.0,
07-11-1952,95.0,60.0,
07-12-1952,89.0,63.0,
07-13-1952,83.0,55.0,
07-14-1952,84.0,51.0,
07-15-1952,88.0,65.0,
07-16-1952,98.0,60.0,
07-17-1952,81.0,55.0,
07-18-1952,72.0,47.0,
07-19-1952,80.0,53.0,
07-20-1952,74.0,59.0,
07-21-1952,73.0,50.0,
07-22-1952,70.0,47.0,
07-23-1952,83.0,55.0,
07-24-1952,85.0,53.0,
07-25-1952,72.0,50.0,
07-26-1952,86.0,55.0,
07-27-1952,88.0,59.0,
07-28-1952,98.0,55.0,
07-29-1952,91.0,56.0,
07-30-1952,94.0,58.0,
07-31-1952,98.0,61.0,
08-01-1952,89.0,66.0,
08-02-1952,80.0,51.0,
08-03-1952,90.0,54.0,
08-04-1952,93.0,58.0,
08-05-1952,93.0,70.0,
08-06-1952,92.0,61.0,
08-07-1952,19.0,60.0,
08-08-1952,86.0,59.0,
08-09-1952,92.0,58.0,
08-10-1952,90.0,65.0,0.01
08-11-1952,83.0,57.0,0.96
08-12-1952,79.0,57.0,
08-13-1952,87.0,58.0,
08-14-1952,88.0,64.0,
08-15-1952,80.0,58.0,
08-16-1952,75.0,53.0,
08-17-1952,74.0,47.0,
08-18-1952,82.0,51.0,
08-19-1952,70.0,48.0,
08-20-1952,70.0,42.0,
08-21-1952,77.0,50.0,
08-22-1952,84.0,61.0,
08-23-1952,81.0,57.0,
08-24-1952,76.0,51.0,
08-25-1952,75.0,51.0,0.02
08-26-1952,70.0,42.0,
08-27-1952,72.0,42.0,
08-28-1952,87.0,46.0,
08-29-1952,80.0,61.0,
08-30-1952,71.0,44.0,
08-31-1952,89.0,52.0,
09-01-1952,,44.0,
09-02-1952,,50.0,
09-03-1952,,58.0,
09-04-1952,,58.0,
09-05-1952,,53.0,0.32
09-06-1952,,48.0,0.02
09-07-1952,,42.0,
09-08-1952,,45.0,
09-09-1952,,48.0,0.39
09-10-1952,,47.0,0.13
09-11-1952,,46.0,
09-12-1952,,52.0,
09-13-1952,,45.0,
09-14-1952,,42.0,
09-15-1952,,48.0,
09-16-1952,,55.0,
09-17-1952,,48.0,
09-18-1952,,55.0,
09-19-1952,,33.0,
09-20-1952,,54.0,
09-21-1952,,59.0,
09-22-1952,,53.0,
09-23-1952,,54.0,
09-24-1952,,53.0,
09-25-1952,,58.0,
09-26-1952,,61.0,
09-27-1952,,53.0,
09-28-1952,,44.0,
09-29-1952,,50.0,
09-30-1952,,51.0,
10-01-1952,74.0,46.0,
10-02-1952,78.0,50.0,
10-03-1952,81.0,49.0,
10-04-1952,73.0,42.0,
10-05-1952,72.0,41.0,
10-06-1952,76.0,45.0,
10-07-1952,80.0,50.0,
10-08-1952,83.0,48.0,
10-09-1952,73.0,43.0,
10-10-1952,71.0,40.0,
10-11-1952,70.0,45.0,
10-12-1952,74.0,49.0,
10-13-1952,70.0,44.0,
10-14-1952,66.0,37.0,
10-15-1952,65.0,38.0,
10-16-1952,66.0,40.0,
10-17-1952,66.0,43.0,
10-18-1952,75.0,46.0,
10-19-1952,79.0,43.0,
10-20-1952,67.0,43.0,
10-21-1952,73.0,50.0,
10-22-1952,75.0,46.0,
10-23-1952,74.0,44.0,
10-24-1952,75.0,45.0,
10-25-1952,59.0,34.0,
10-26-1952,67.0,33.0,
10-27-1952,65.0,41.0,
10-28-1952,72.0,43.0,
10-29-1952,71.0,36.0,
10-30-1952,58.0,43.0,
10-31-1952,56.0,38.0,
11-01-1952,47.0,34.0,
11-02-1952,50.0,28.0,
11-03-1952,47.0,33.0,
11-04-1952,59.0,37.0,
11-05-1952,64.0,37.0,
11-06-1952,53.0,27.0,
11-07-1952,52.0,26.0,
11-08-1952,55.0,19.0,
11-09-1952,54.0,27.0,
11-10-1952,56.0,36.0,
11-11-1952,50.0,36.0,
11-12-1952,57.0,39.0,
11-13-1952,47.0,33.0,
11-14-1952,48.0,37.0,
11-15-1952,47.0,34.0,
11-16-1952,40.0,35.0,
11-17-1952,39.0,29.0,
11-18-1952,41.0,30.0,
11-19-1952,45.0,32.0,
11-20-1952,54.0,28.0,
11-21-1952,31.0,21.0,
11-22-1952,33.0,15.0,
11-23-1952,35.0,17.0,
11-24-1952,31.0,18.0,
11-25-1952,34.0,20.0,
11-26-1952,31.0,15.0,
11-27-1952,26.0,17.0,
11-28-1952,22.0,17.0,
11-29-1952,34.0,14.0,
11-30-1952,37.0,18.0,
12-01-1952,40.0,27.0,
12-02-1952,37.0,32.0,
12-03-1952,40.0,32.0,
12-04-1952,40.0,33.0,
12-05-1952,44.0,34.0,
12-06-1952,43.0,31.0,
12-07-1952,41.0,32.0,
12-08-1952,46.0,34.0,
12-09-1952,39.0,30.0,
12-10-1952,38.0,32.0,
12-11-1952,38.0,29.0,
12-12-1952,39.0,31.0,
12-13-1952,45.0,31.0,
12-14-1952,51.0,35.0,
12-15-1952,49.0,26.0,
12-16-1952,38.0,29.0,
12-17-1952,32.0,28.0,
12-18-1952,31.0,28.0,
12-19-1952,32.0,29.0,
12-20-1952,38.0,30.0,
12-21-1952,33.0,25.0,
12-22-1952,34.0,30.0,
12-23-1952,33.0,26.0,
12-24-1952,36.0,24.0,
12-25-1952,29.0,16.0,
12-26-1952,26.0,16.0,
12-27-1952,34.0,22.0,
12-28-1952,39.0,25.0,
12-29-1952,39.0,25.0,
12-30-1952,41.0,34.0,
12-31-1952,39.0,25.0,
04-01-1957,,,
04-02-1957,,,
04-03-1957,,,
04-04-1957,,,
04-05-1957,,,
04-06-1957,,,
04-07-1957,,,
04-08-1957,,,
04-09-1957,,,
04-10-1957,,,
04-11-1957,,,
04-12-1957,,,
04-13-1957,,,
04-14-1957,,,
04-15-1957,,,
04-16-1957,,,
04-17-1957,,,
04-18-1957,,,
04-19-1957,,,
04-20-1957,,,
04-21-1957,,,
04-22-1957,,,
04-23-1957,,,
04-24-1957,,,
04-25-1957,,,
04-26-1957,,,0.26
04-27-1957,,,0.17
04-28-1957,,,
04-29-1957,,,
04-30-1957,,,
05-01-1957,,36.0,
05-02-1957,,38.0,
05-03-1957,,40.0,
05-04-1957,,55.0,
05-05-1957,,37.0,
05-06-1957,,52.0,
05-07-1957,,44.0,
05-08-1957,,44.0,
05-09-1957,,45.0,
05-10-1957,,48.0,
05-11-1957,,47.0,
05-12-1957,,38.0,
05-13-1957,,41.0,
05-14-1957,,42.0,
05-15-1957,,43.0,
05-16-1957,,43.0,
05-17-1957,,53.0,
05-18-1957,,42.0,
05-19-1957,,32.0,
05-20-1957,,42.0,
05-21-1957,,42.0,
05-22-1957,,42.0,
05-23-1957,,42.0,
05-24-1957,,43.0,
05-25-1957,,43.0,
05-26-1957,,46.0,
05-27-1957,,41.0,
05-28-1957,,38.0,
05-29-1957,,32.0,
05-30-1957,,30.0,
05-31-1957,,34.0,
12-01-1957,,40.0,
12-02-1957,,33.0,
12-03-1957,,31.0,
12-04-1957,,32.0,
12-05-1957,,32.0,
12-06-1957,,28.0,
12-07-1957,,13.0,
12-08-1957,,16.0,
12-09-1957,,15.0,
12-10-1957,,19.0,
12-11-1957,,27.0,
12-12-1957,,32.0,
12-13-1957,,22.0,
12-14-1957,,19.0,
12-15-1957,,20.0,
12-16-1957,,28.0,
12-17-1957,,25.0,
12-18-1957,,29.0,
12-19-1957,,26.0,
12-20-1957,,16.0,
12-21-1957,,17.0,
12-22-1957,,24.0,
12-23-1957,,7.0,
12-24-1957,,4.0,
12-25-1957,,11.0,
12-26-1957,,9.0,
12-27-1957,,15.0,
12-28-1957,,17.0,
12-29-1957,,19.0,
12-30-1957,,18.0,
12-31-1957,,3.0,
01-01-1961,24.0,,
01-02-1961,35.0,,
01-03-1961,33.0,,
01-04-1961,38.0,,
01-05-1961,35.0,,
01-06-1961,33.0,,
01-07-1961,31.0,,
01-08-1961,31.0,,
01-09-1961,24.0,,
01-10-1961,25.0,,
01-11-1961,41.0,,
01-12-1961,41.0,,
01-13-1961,43.0,,
01-14-1961,47.0,,
01-15-1961,38.0,,
01-16-1961,42.0,,
01-17-1961,41.0,,
01-18-1961,39.0,,
01-19-1961,41.0,,
01-20-1961,43.0,,
01-21-1961,36.0,,
01-22-1961,,,
01-23-1961,,,
01-24-1961,36.0,,
01-25-1961,39.0,,
01-26-1961,45.0,,
01-27-1961,41.0,,
01-28-1961,40.0,,
01-29-1961,33.0,,
01-30-1961,34.0,,
01-31-1961,37.0,,
10-01-1962,,,
10-02-1962,,,
10-03-1962,,,10'
10-04-1962,,,
10-05-1962,,,
10-06-1962,,,
10-07-1962,,,4.0
10-08-1962,,,-47.0
10-09-1962,,,
10-10-1962,,,
10-11-1962,,,
10-12-1962,,,
10-13-1962,,,
10-14-1962,,,
10-15-1962,,,
10-16-1962,,,",05"
10-17-1962,,,29.0
10-18-1962,,,7.0
10-19-1962,,,02
10-20-1962,,,
10-21-1962,,,6.0
10-22-1962,,,57.0
10-23-1962,,,
10-24-1962,,,
10-25-1962,,,
10-26-1962,,,
10-27-1962,,,
10-28-1962,,,08
10-29-1962,,,25
10-30-1962,,,
10-31-1962,,,
03-01-1965,67.0,,
03-02-1965,68.0,,
03-03-1965,66.0,,
03-04-1965,39.0,,
03-05-1965,60.0,,
03-06-1965,54.0,,
03-07-1965,59.0,,
03-08-1965,63.0,,
03-09-1965,64.0,,
03-10-1965,61.0,,
03-11-1965,51.0,,
03-12-1965,55.0,,
03-13-1965,51.0,,
03-14-1965,59.0,,
03-15-1965,66.0,,
03-16-1965,63.0,,
03-17-1965,50.0,,
03-18-1965,50.0,,
03-19-1965,46.0,,
03-20-1965,50.0,,
03-21-1965,42.0,,
03-22-1965,45.0,,
03-23-1965,44.0,,
03-24-1965,46.0,,
03-25-1965,46.0,,
03-26-1965,46.0,,
03-27-1965,43.0,,
03-28-1965,45.0,,
03-29-1965,38.0,,
03-30-1965,41.0,,
03-31-1965,46.0,,
12-01-1975,,37.0,
12-02-1975,,31.0,
12-03-1975,,29.0,
12-04-1975,,35.0,
12-05-1975,,35.0,
12-06-1975,,34.0,
12-07-1975,,33.0,
12-08-1975,,30.0,
12-09-1975,,2.0,
12-10-1975,,34.0,
12-11-1975,,3.0,
12-12-1975,,3.0,
12-13-1975,,28.0,
12-14-1975,,32.0,
12-15-1975,,32.0,
12-16-1975,,33.0,
12-17-1975,,35.0,
12-18-1975,,30.0,
12-19-1975,,28.0,
12-20-1975,,31.0,
12-21-1975,,32.0,
12-22-1975,,34.0,
12-23-1975,,39.0,
12-24-1975,,35.0,
12-25-1975,,27.0,
12-26-1975,,26.0,
12-27-1975,,25.0,
12-28-1975,,27.0,
12-29-1975,,26.0,
12-30-1975,,24.0,
12-31-1975,,24.0,
04-01-1976,,,
04-02-1976,,,0.06
04-03-1976,,,0.1
04-04-1976,,,0.02
04-05-1976,,,
04-06-1976,,,
04-07-1976,,,
04-08-1976,,,
04-09-1976,,,
04-10-1976,,,
04-11-1976,,,
04-12-1976,,,
04-13-1976,,,
04-14-1976,,,
04-15-1976,,,
04-16-1976,,,0.05
04-17-1976,,,
04-18-1976,,,0.18
04-19-1976,,,
04-20-1976,,,
04-21-1976,,,
04-22-1976,,,
04-23-1976,,,
04-24-1976,,,
04-25-1976,,,
04-26-1976,,,
04-27-1976,,,
04-28-1976,,,
04-29-1976,,,0.2
04-30-1976,,,
04-01-1977,,35.0,
04-02-1977,,36.0,
04-03-1977,,34.0,
04-04-1977,,35.0,
04-05-1977,,36.0,
04-06-1977,,36.0,
04-07-1977,,32.0,
04-08-1977,,31.0,
04-09-1977,,32.0,
04-10-1977,,29.0,
04-11-1977,,30.0,
04-12-1977,,35.0,
04-13-1977,,33.0,
04-14-1977,,36.0,
04-15-1977,,33.0,
04-16-1977,,32.0,
04-17-1977,,32.0,
04-18-1977,,28.0,
04-19-1977,,25.0,
04-20-1977,,20.0,
04-21-1977,,31.0,
04-22-1977,,43.0,
04-23-1977,,43.0,
04-24-1977,,44.0,
04-25-1977,,53.0,
04-26-1977,,47.0,
04-27-1977,,40.0,
04-28-1977,,37.0,
04-29-1977,,39.0,
04-30-1977,,36.0,
12-01-1978,42.0,,
12-02-1978,46.0,,
12-03-1978,41.0,,
12-04-1978,36.0,,
12-05-1978,33.0,,
12-06-1978,31.0,,
12-07-1978,36.0,,
12-08-1978,32.0,,
12-09-1978,32.0,,
12-10-1978,25.0,,
12-11-1978,27.0,,
12-12-1978,30.0,,
12-13-1978,34.0,,
12-14-1978,37.0,,
12-15-1978,40.0,,
12-16-1978,42.0,,
12-17-1978,41.0,,
12-18-1978,39.0,,
12-19-1978,36.0,,
12-20-1978,33.0,,
12-21-1978,30.0,,
12-22-1978,29.0,,
12-23-1978,28.0,,
12-24-1978,26.0,,
12-25-1978,26.0,,
12-26-1978,29.0,,
12-27-1978,31.0,,
12-28-1978,31.0,,
12-29-1978,35.0,,
12-30-1978,35.0,,
12-31-1978,39.0,,
12-01-1979,,24.0,
12-02-1979,,25.0,
12-03-1979,,20.0,
12-04-1979,,18.0,
12-05-1979,,28.0,
12-06-1979,,25.0,
12-07-1979,,30.0,
12-08-1979,,33.0,
12-09-1979,,36.0,
12-10-1979,,35.0,
12-11-1979,,32.0,
12-12-1979,,31.0,
12-13-1979,,32.0,
12-14-1979,,42.0,
12-15-1979,,35.0,
12-16-1979,,32.0,
12-17-1979,,30.0,
12-18-1979,,30.0,
12-19-1979,,28.0,
12-20-1979,,2.0,
12-21-1979,,26.0,
12-22-1979,,28.0,
12-23-1979,,36.0,
12-24-1979,,37.0,
12-25-1979,,33.0,
12-26-1979,,32.0,
12-27-1979,,32.0,
12-28-1979,,32.0,
12-29-1979,,35.0,
12-30-1979,,32.0,
12-31-1979,,39.0,
02-01-1993,46,,
02-02-1993,48,,
02-03-1993,48,,
02-04-1993,43,,
02-05-1993,43,,
02-06-1993,41,,
02-07-1993,41,,
02-08-1993,42,,
02-09-1993,35,,
02-10-1993,39,,
02-11-1993,43,,
02-12-1993,44,,
02-13-1993,35,,
02-14-1993,41,,
02-15-1993,40,,
02-16-1993,46,,
02-17-1993,46,,
02-18-1993,49,,
02-19-1993,49,,
02-20-1993,46.0,,
02-21-1993,45,,
02-22-1993,50.0,,
02-23-1993,49,,
02-24-1993,42.0,,
02-25-1993,44.0,,
02-26-1993,46,,
02-27-1993,45,,
02-28-1993,49,,
07-01-1995,,,
07-02-1995,,,
07-03-1995,,,
07-04-1995,,,
07-05-1995,,,
07-06-1995,,,
07-07-1995,,,
07-08-1995,,,
07-09-1995,,,
07-10-1995,,,
07-11-1995,,,
07-12-1995,,,
07-13-1995,,,
07-14-1995,,,
07-15-1995,,,
07-16-1995,,,
07-17-1995,,,
07-18-1995,,,
07-19-1995,,,
07-20-1995,,,
07-21-1995,,,
07-22-1995,,,
07-23-1995,,,
07-24-1995,,,
07-25-1995,,,
07-26-1995,,,
07-27-1995,,,
07-28-1995,,,
07-29-1995,,,
07-30-1995,,,
07-31-1995,,,
01-01-1999,51.0,,
01-02-1999,48.0,,
01-03-1999,41.0,,
01-04-1999,37.0,,
01-05-1999,34.0,,
01-06-1999,36.0,,
01-07-1999,38.0,,
01-08-1999,36.0,,
01-09-1999,37.0,,
01-10-1999,39.0,,
01-11-1999,42.0,,
01-12-1999,39.0,,
01-13-1999,41.0,,
01-14-1999,41.0,,
01-15-1999,36.0,,
01-16-1999,33.0,,
01-17-1999,39.0,,
01-18-1999,44.0,,
01-19-1999,44.0,,
01-20-1999,40.0,,
01-21-1999,37.0,,
01-22-1999,38.0,,
01-23-1999,40.0,,
01-24-1999,42.0,,
01-25-1999,37.0,,
01-26-1999,39.0,,
01-27-1999,40.0,,
01-28-1999,39.0,,
01-29-1999,40.0,,
01-30-1999,36.0,,
01-31-1999,30.0,,
